case_id,carbon_cap_ratio,typical_day_id,hour,weight_days,electric_load_kw,heat_load_kw,hydrogen_load_kg,grid_buy_kw,pv_used_kw,pv_curtail_kw,wind_used_kw,wind_curtail_kw,heat_pump_power_kw,heat_pump_heat_kw,gas_boiler_heat_kw,gas_consumption_m3,battery_charge_kw,battery_discharge_kw,battery_soc_kwh,electrolyzer_power_kw,h2_production_kg,h2_charge_kg,h2_discharge_kg,h2_storage_kg,h2_external_supply_kg,h2_fuel_cell_kg,fuel_cell_power_kw,carbon_emission_kg
CARBON_CAP_100,1.0,TD_SUMMER,0,120,5979.999999999999,3720.0,15.0,0.0,-0.0,0.0,9200.374713478563,0.0,1240.0,3720.0,0.0,-0.0,0.0,422.2435707650402,17.274312166114328,2402.6182842436033,46.20419777391545,31.204197773915457,0.0,153.0416490183691,0.0,-0.0,0.0,-0.0
CARBON_CAP_100,1.0,TD_SUMMER,1,120,5750.0,3660.0,15.0,0.0,-0.0,0.0,9857.544335869889,0.0,1220.0,3660.0,0.0,-0.0,0.0,16.410596557808613,0.0,2903.9549324276973,55.8452871620711,40.8452871620711,0.0,193.88693618044022,0.0,-0.0,0.0,-0.0
CARBON_CAP_100,1.0,TD_SUMMER,2,120,5520.0,3600.0,15.0,0.0,0.0,-0.0,9623.954932427698,890.7590258335167,1200.0,3600.0,0.0,-0.0,0.0,0.0,-0.0,2903.9549324276973,55.8452871620711,40.8452871620711,0.0,234.7322233425113,0.0,-0.0,0.0,-0.0
CARBON_CAP_100,1.0,TD_SUMMER,3,120,5405.0,3540.0,15.0,0.0,0.0,-0.0,9952.793273723704,1000.033766131728,1180.0,3540.0,0.0,-0.0,463.83834129600643,0.0,440.6464242312061,2903.9549324276973,55.8452871620711,40.8452871620711,0.0,275.5775105045824,0.0,-0.0,0.0,-0.0
CARBON_CAP_100,1.0,TD_SUMMER,4,120,5520.0,3480.0,20.0,0.0,0.0,-0.0,9583.954932427698,1806.9851890219525,1160.0,3480.0,0.0,-0.0,0.0,0.0,440.6464242312061,2903.9549324276973,55.8452871620711,35.8452871620711,0.0,311.4227976666535,0.0,-0.0,0.0,-0.0
CARBON_CAP_100,1.0,TD_SUMMER,5,120,5979.999999999999,3600.0,25.0,0.0,116.09412644053874,0.0,10476.109262082506,476.71777777292664,1200.0,3600.0,0.0,-0.0,508.24845609534833,0.0,923.482457521787,2903.9549324276973,55.8452871620711,30.845287162071102,0.0,342.26808482872457,0.0,-0.0,0.0,-0.0
CARBON_CAP_100,1.0,TD_SUMMER,6,120,7129.999999999999,3900.0,40.0,0.0,696.5647586432325,0.0,10076.600876666998,0.0,1300.0,3900.0,0.0,-0.0,0.0,-0.0,923.482457521787,2343.1656353102317,45.06087760211984,5.06087760211984,0.0,347.3289624308452,0.0,-0.0,0.0,-0.0
CARBON_CAP_100,1.0,TD_SUMMER,7,120,8049.999999999999,4200.0,50.0,0.0,1741.4118966080812,0.0,8762.261631884347,0.0,1400.0,4200.0,0.0,-0.0,0.0,-0.0,923.482457521787,1053.673528492427,20.262952471008212,0.0,29.737047528991788,317.59191490185367,0.0,-0.0,0.0,-0.0
CARBON_CAP_100,1.0,TD_SUMMER,8,120,8740.0,4080.0,55.0,0.0,3192.5884771148158,0.0,7886.035468695911,0.0,1360.0,4080.0,0.0,-0.0,0.0,0.0,923.482457521787,978.6239458107266,18.819691265590897,0.0,36.1803087344091,281.41160616744446,0.0,-0.0,0.0,-0.0
CARBON_CAP_100,1.0,TD_SUMMER,9,120,9315.0,3600.0,55.0,0.0,4353.529741520203,0.0,7009.809305507477,0.0,1200.0,3600.0,0.0,-0.0,0.0,0.0,923.482457521787,848.3390470276809,16.314212442840017,0.0,38.68578755715998,242.7258186102847,0.0,-0.0,0.0,-0.0
CARBON_CAP_100,1.0,TD_SUMMER,10,120,9545.0,3120.0,45.0,0.0,5108.141563383705,0.0,6571.696223913259,0.0,1040.0,3120.0,0.0,-0.0,0.0,0.0,923.482457521787,1094.8377872969638,21.054572832633923,0.0,23.945427167366077,218.78039144291847,0.0,-0.0,0.0,-0.0
CARBON_CAP_100,1.0,TD_SUMMER,11,120,9430.0,2880.0,35.0,0.0,5514.47100592559,0.0,6133.583142319043,0.0,960.0,2880.0,0.0,-0.0,0.0,0.0,923.482457521787,1258.0541482446333,24.193349004704487,0.0,10.806650995295513,207.97374044762307,0.0,-0.0,0.0,-0.0
CARBON_CAP_100,1.0,TD_SUMMER,12,120,9200.0,2760.0,30.0,0.0,5224.235689824244,0.0,6571.696223913259,0.0,920.0,2760.0,0.0,-0.0,0.0,0.0,923.482457521787,1675.9319137375032,32.22945987956737,2.22945987956737,0.0,210.2032003271902,0.0,-0.0,0.0,-0.0
CARBON_CAP_100,1.0,TD_SUMMER,13,120,9085.0,2760.0,30.0,0.0,4527.670931181011,0.0,7447.922387101695,0.0,920.0,2760.0,0.0,-0.0,0.0,0.0,923.482457521787,1970.5933182827057,37.896025351590495,7.896025351590494,0.0,218.09922567878073,0.0,-0.0,0.0,-0.0
CARBON_CAP_100,1.0,TD_SUMMER,14,120,9200.0,2880.0,35.0,0.0,3366.7296667756236,0.0,8324.148550290129,0.0,960.0,2880.0,0.0,-0.0,0.0,0.0,923.482457521787,1530.8782170657523,29.43996571280293,0.0,5.5600342871970705,212.5391913915838,0.0,-0.0,0.0,-0.0
CARBON_CAP_100,1.0,TD_SUMMER,15,120,9545.0,3120.0,40.0,0.0,2031.647212709428,0.0,9200.374713478563,0.0,1040.0,3120.0,0.0,-0.0,0.0,0.0,923.482457521787,647.0219261879902,12.442729349769042,0.0,27.557270650230958,184.9819207413529,0.0,-0.0,0.0,-0.0
CARBON_CAP_100,1.0,TD_SUMMER,16,120,9890.0,3420.0,50.0,694.9474462839862,696.5647586432325,0.0,9638.48779507278,0.0,1140.0,3420.0,0.0,-0.0,0.0,-0.0,923.482457521787,0.0,-0.0,0.0,50.0,134.9819207413529,0.0,-0.0,-0.0,450.2564504473947
CARBON_CAP_100,1.0,TD_SUMMER,17,120,10350.0,3840.0,60.0,849.1885775450057,116.09412644053874,0.0,10295.657417464106,0.0,1280.0,3840.0,0.0,-0.0,0.0,369.0598785503493,534.9983748372088,0.0,-0.0,0.0,60.0,74.98192074135288,0.0,-0.0,-0.0,550.1892793914093
CARBON_CAP_100,1.0,TD_SUMMER,18,120,10120.0,4200.0,50.0,58.924504049219365,-0.0,0.0,10952.827039855432,0.0,1400.0,4200.0,0.0,-0.0,0.0,508.24845609534833,0.0,0.0,-0.0,0.0,50.0,24.98192074135288,0.0,-0.0,-0.0,38.177186173489225
CARBON_CAP_100,1.0,TD_SUMMER,19,120,9430.0,4320.0,35.0,0.0,-0.0,0.0,11390.94012144965,0.0,1440.0,4320.0,0.0,-0.0,-0.0,0.0,0.0,520.9401214496502,10.01807925864712,0.0,24.98192074135288,0.0,0.0,-0.0,0.0,-0.0
CARBON_CAP_100,1.0,TD_SUMMER,20,120,8510.0,4200.0,25.0,0.0,-0.0,0.0,12048.109743840976,0.0,1400.0,4200.0,0.0,-0.0,0.0,0.0,-0.0,2138.109743840976,41.11749507386492,16.117495073864923,0.0,16.117495073864923,0.0,-0.0,0.0,-0.0
CARBON_CAP_100,1.0,TD_SUMMER,21,120,7474.999999999999,4080.0,20.0,0.0,-0.0,0.0,11829.053203043868,0.0,1360.0,4080.0,0.0,-0.0,407.17129126794094,0.0,386.8127267045439,2586.881911775927,49.747729072613986,29.747729072613986,0.0,45.86522414647884,0.0,-0.0,0.0,-0.0
CARBON_CAP_100,1.0,TD_SUMMER,22,120,6669.999999999999,3900.0,15.0,0.0,-0.0,0.0,10952.827039855432,0.0,1300.0,3900.0,0.0,-0.0,78.87210742773641,0.0,461.7412287608935,2903.9549324276973,55.8452871620711,40.8452871620711,0.0,86.71051130854994,0.0,-0.0,0.0,-0.0
CARBON_CAP_100,1.0,TD_SUMMER,23,120,6209.999999999999,3780.0,15.0,0.0,-0.0,0.0,10076.600876666998,0.0,1260.0,3780.0,0.0,-0.0,0.0,0.0,461.7412287608935,2606.600876666998,50.12693993590381,35.12693993590381,0.0,121.83745124445363,0.0,-0.0,0.0,-0.0
CARBON_CAP_100,1.0,TD_WINTER,0,120,5460.0,8370.0,15.0,1953.580218949135,-0.0,0.0,9200.374713478563,0.0,2790.0,8370.0,0.0,-0.0,0.0,0.0,461.7412287608935,2903.9549324276973,55.8452871620711,40.8452871620711,0.0,162.68273840652472,0.0,-0.0,0.0,1265.7246238571447
CARBON_CAP_100,1.0,TD_WINTER,1,120,5250.0,8235.0,15.0,731.9974034014449,-0.0,0.0,9857.544335869889,0.0,2745.0,8235.0,0.0,-0.0,0.0,309.4131931563643,136.0431307015627,2903.9549324276973,55.8452871620711,40.8452871620711,0.0,203.5280255685958,0.0,-0.0,0.0,474.2611176637962
CARBON_CAP_100,1.0,TD_WINTER,2,120,5040.0,8100.000000000001,15.0,0.0,-0.0,0.0,10514.713958261214,0.0,2700.0000000000005,8100.000000000001,0.0,-0.0,0.0,129.24097416648456,0.0,2903.9549324276973,55.8452871620711,40.8452871620711,0.0,244.3733127306669,0.0,-0.0,0.0,-0.0
CARBON_CAP_100,1.0,TD_WINTER,3,120,4935.0,7965.000000000001,15.0,0.0,-0.0,0.0,10952.827039855432,0.0,2655.0000000000005,7965.000000000001,0.0,-0.0,458.87210742773465,0.0,435.9285020563479,2903.9549324276973,55.8452871620711,40.8452871620711,0.0,285.218599892738,0.0,-0.0,0.0,-0.0
CARBON_CAP_100,1.0,TD_WINTER,4,120,5040.0,7830.000000000001,20.0,0.0,0.0,-0.0,11062.203388523045,328.7367329266053,2610.0000000000005,7830.000000000001,0.0,-0.0,508.24845609534833,0.0,918.7645353469288,2903.9549324276973,55.8452871620711,35.8452871620711,0.0,321.0638870548091,0.0,-0.0,0.0,-0.0
CARBON_CAP_100,1.0,TD_WINTER,5,120,5460.0,8100.000000000001,25.0,0.0,116.09412644053874,0.0,10952.827039855432,0.0,2700.0000000000005,8100.000000000001,0.0,-0.0,4.966233868273775,0.0,923.482457521787,2903.9549324276973,55.8452871620711,30.845287162071102,0.0,351.90917421688016,0.0,-0.0,0.0,-0.0
CARBON_CAP_100,1.0,TD_WINTER,6,120,6510.0,8775.0,40.0,0.0,696.5647586432325,0.0,10076.600876666998,0.0,2925.0,8775.0,0.0,-0.0,0.0,508.24845609534833,388.4840826845782,1846.41409140558,35.50796329626115,0.0,4.4920367037388464,347.4171375131413,0.0,-0.0,0.0,-0.0
CARBON_CAP_100,1.0,TD_WINTER,7,120,7350.0,9450.0,50.0,0.0,1741.4118966080812,0.0,8762.261631884347,0.0,3150.0,9450.0,0.0,-0.0,0.0,369.0598785503493,0.0,372.7334070427755,7.167950135437991,0.0,42.83204986456201,304.5850876485793,0.0,-0.0,0.0,-0.0
CARBON_CAP_100,1.0,TD_WINTER,8,120,7980.0,9180.0,55.0,0.0,3192.5884771148158,0.0,7886.035468695911,0.0,3060.0,9180.0,0.0,-0.0,0.0,0.0,-0.0,38.6239458107265,0.7427681886678172,0.0,54.25723181133218,250.32785583724734,0.0,-0.0,0.0,-0.0
CARBON_CAP_100,1.0,TD_WINTER,9,120,8505.0,8100.000000000001,55.0,0.0,4353.529741520203,0.0,7009.809305507477,0.0,2700.0000000000005,8100.000000000001,0.0,-0.0,0.0,-0.0,-0.0,158.339047027681,3.04498167360925,0.0,51.95501832639075,198.3728375108566,0.0,-0.0,0.0,-0.0
CARBON_CAP_100,1.0,TD_WINTER,10,120,8715.0,7020.000000000001,45.0,0.0,5108.141563383705,0.0,6571.696223913259,0.0,2340.0000000000005,7020.000000000001,0.0,-0.0,0.0,0.0,0.0,624.837787296964,12.016111294172386,0.0,32.98388870582761,165.388948805029,0.0,-0.0,0.0,-0.0
CARBON_CAP_100,1.0,TD_WINTER,11,120,8610.0,6480.0,35.0,2025.9007841830644,5514.47100592559,0.0,6133.583142319043,0.0,2160.0,6480.0,0.0,-0.0,-0.0,0.0,-0.0,2903.9549324276973,55.8452871620711,20.845287162071102,0.0,186.23423596710012,0.0,-0.0,0.0,1312.5811180722076
CARBON_CAP_100,1.0,TD_WINTER,12,120,8400.0,6210.0,30.0,1578.0230186901945,5224.235689824244,0.0,6571.696223913259,0.0,2070.0,6210.0,0.0,-0.0,0.0,0.0,-0.0,2903.9549324276973,55.8452871620711,25.845287162071102,0.0,212.0795231291712,0.0,-0.0,0.0,1022.4011138093771
CARBON_CAP_100,1.0,TD_WINTER,13,120,8295.0,6210.0,30.0,1293.361614144993,4527.670931181011,0.0,7447.922387101695,0.0,2070.0,6210.0,0.0,-0.0,0.0,0.0,0.0,2903.9549324276973,55.8452871620711,25.845287162071102,0.0,237.9248102912423,0.0,-0.0,0.0,837.9689898045409
CARBON_CAP_100,1.0,TD_WINTER,14,120,8400.0,6480.0,35.0,2236.915056657946,3366.7296667756236,0.0,8324.148550290129,0.0,2160.0,6480.0,0.0,-0.0,463.83834129600643,0.0,440.6464242312061,2903.9549324276973,55.8452871620711,20.845287162071102,0.0,258.7700974533134,0.0,-0.0,0.0,1449.2972652086833
CARBON_CAP_100,1.0,TD_WINTER,15,120,8715.0,7020.000000000001,40.0,3235.181462335056,2031.647212709428,0.0,9200.374713478563,0.0,2340.0000000000005,7020.000000000001,0.0,-0.0,508.24845609534833,0.0,923.482457521787,2903.9549324276973,55.8452871620711,15.845287162071102,0.0,274.61538461538447,0.0,-0.0,0.0,2096.0740694468827
CARBON_CAP_100,1.0,TD_WINTER,16,120,9030.0,7695.000000000001,50.0,1259.9474462839862,696.5647586432325,0.0,9638.48779507278,0.0,2565.0000000000005,7695.000000000001,0.0,-0.0,0.0,-0.0,923.482457521787,0.0,-0.0,0.0,50.0,224.61538461538447,0.0,-0.0,0.0,816.3199504473947
CARBON_CAP_100,1.0,TD_WINTER,17,120,9450.0,8640.0,60.0,1918.2484560953544,116.09412644053874,0.0,10295.657417464106,0.0,2880.0,8640.0,0.0,-0.0,0.0,-0.0,923.482457521787,0.0,-0.0,0.0,60.0,164.61538461538447,0.0,-0.0,0.0,1242.8331747041802
CARBON_CAP_100,1.0,TD_WINTER,18,120,9240.0,9450.0,50.0,928.9245040492194,-0.0,0.0,10952.827039855432,0.0,3150.0,9450.0,-0.0,-0.0,0.0,508.24845609534833,388.4840826845787,0.0,-0.0,0.0,50.0,114.61538461538447,0.0,-0.0,0.0,601.8501861734893
CARBON_CAP_100,1.0,TD_WINTER,19,120,8610.0,9720.0,35.0,0.0,-0.0,0.0,11390.94012144965,0.0,3150.0,9450.0,270.0,29.946761313220936,0.0,369.0598785503498,0.0,0.0,-0.0,0.0,35.0,79.61538461538447,0.0,-0.0,0.0,64.68500443655722
CARBON_CAP_100,1.0,TD_WINTER,20,120,7770.0,9450.0,25.0,0.0,-0.0,0.0,12048.109743840976,0.0,3150.0,9450.0,-0.0,-0.0,-0.0,0.0,0.0,1128.109743840976,21.694418150788003,0.0,3.305581849211997,76.30980276617248,0.0,-0.0,0.0,-0.0
CARBON_CAP_100,1.0,TD_WINTER,21,120,6825.0,9180.0,20.0,0.0,-0.0,0.0,11829.053203043868,0.0,3060.0,9180.0,0.0,-0.0,-0.0,0.0,-0.0,1944.053203043868,37.38563852007439,17.385638520074387,0.0,93.69544128624688,0.0,-0.0,0.0,-0.0
CARBON_CAP_100,1.0,TD_WINTER,22,120,6090.0,8775.0,15.0,0.0,-0.0,0.0,10952.827039855432,0.0,2925.0,8775.0,0.0,-0.0,0.0,0.0,0.0,1937.827039855432,37.265904612604466,22.265904612604466,0.0,115.96134589885133,0.0,-0.0,0.0,-0.0
CARBON_CAP_100,1.0,TD_WINTER,23,120,5670.0,8505.0,15.0,0.0,-0.0,0.0,10076.600876666998,0.0,2835.0,8505.0,0.0,-0.0,486.04339869567735,0.0,461.7412287608935,1085.5574779713206,20.87610534560232,5.876105345602319,0.0,121.83745124445363,0.0,-0.0,0.0,-0.0
CARBON_CAP_100,1.0,TD_TRANSITION,0,125,5200.0,5580.0,15.0,0.0,0.0,-0.0,9200.374713478563,0.0,1860.0,5580.0,0.0,-0.0,0.0,0.0,461.7412287608935,2140.3747134785626,41.16105218228005,26.161052182280052,0.0,147.9985034267337,0.0,-0.0,-0.0,-0.0
CARBON_CAP_100,1.0,TD_TRANSITION,1,125,5000.0,5490.0,15.0,0.0,0.0,-0.0,9733.954932427698,123.58940344219081,1830.0,5490.0,0.0,-0.0,0.0,0.0,461.7412287608935,2903.9549324276973,55.8452871620711,40.8452871620711,0.0,188.84379058880478,0.0,-0.0,-0.0,-0.0
CARBON_CAP_100,1.0,TD_TRANSITION,2,125,4800.0,5400.0,15.0,0.0,0.0,-0.0,9503.954932427698,1010.7590258335167,1800.0,5400.0,0.0,-0.0,0.0,0.0,461.7412287608935,2903.9549324276973,55.8452871620711,40.8452871620711,0.0,229.68907775087587,0.0,-0.0,-0.0,-0.0
CARBON_CAP_100,1.0,TD_TRANSITION,3,125,4700.0,5310.0,15.0,0.0,0.0,-0.0,9373.954932427698,1578.8721074277346,1770.0,5310.0,0.0,-0.0,0.0,0.0,461.7412287608935,2903.9549324276973,55.8452871620711,40.8452871620711,0.0,270.53436491294696,0.0,-0.0,-0.0,-0.0
CARBON_CAP_100,1.0,TD_TRANSITION,4,125,4800.0,5220.0,20.0,0.0,0.0,-0.0,9443.954932427698,1946.9851890219525,1740.0,5220.0,0.0,-0.0,0.0,0.0,461.7412287608935,2903.9549324276973,55.8452871620711,35.8452871620711,0.0,306.37965207501804,0.0,-0.0,-0.0,-0.0
CARBON_CAP_100,1.0,TD_TRANSITION,5,125,5200.0,5400.0,25.0,0.0,0.0,116.09412644053874,9903.954932427698,1048.8721074277346,1800.0,5400.0,0.0,-0.0,0.0,0.0,461.7412287608935,2903.9549324276973,55.8452871620711,30.845287162071102,0.0,337.22493923708913,0.0,-0.0,-0.0,-0.0
CARBON_CAP_100,1.0,TD_TRANSITION,6,125,6200.0,5850.0,40.0,0.0,696.5647586432325,0.0,10076.600876666998,0.0,1950.0,5850.0,0.0,-0.0,0.0,0.0,461.7412287608935,2623.1656353102308,50.44549298673521,10.44549298673521,0.0,347.6704322238243,0.0,-0.0,-0.0,-0.0
CARBON_CAP_100,1.0,TD_TRANSITION,7,125,7000.0,6300.0,50.0,0.0,337.73836811565343,1403.6735284924277,8762.261631884347,0.0,2100.0,6300.0,0.0,-0.0,0.0,0.0,461.7412287608935,0.0,-0.0,0.0,50.0,297.6704322238243,0.0,-0.0,-0.0,-0.0
CARBON_CAP_100,1.0,TD_TRANSITION,8,125,7600.0,6120.0,55.0,0.0,3192.5884771148158,0.0,7886.035468695911,0.0,2040.0,6120.0,0.0,-0.0,0.0,0.0,461.7412287608935,1438.6239458107266,27.665845111744744,0.0,27.334154888255256,270.3362773355691,0.0,-0.0,-0.0,-0.0
CARBON_CAP_100,1.0,TD_TRANSITION,9,125,8100.0,5400.0,55.0,0.0,4353.529741520203,0.0,7009.809305507477,0.0,1800.0,5400.0,0.0,-0.0,0.0,0.0,461.7412287608935,1463.33904702768,28.14113551976308,0.0,26.85886448023692,243.47741285533218,0.0,-0.0,-0.0,-0.0
CARBON_CAP_100,1.0,TD_TRANSITION,10,125,8300.0,4680.0,45.0,0.0,3288.303776086741,1819.837787296964,6571.696223913259,0.0,1560.0,4680.0,0.0,-0.0,0.0,0.0,461.7412287608935,0.0,-0.0,0.0,45.0,198.47741285533218,0.0,-0.0,-0.0,-0.0
CARBON_CAP_100,1.0,TD_TRANSITION,11,125,8200.0,4320.0,35.0,0.0,5514.47100592559,0.0,6133.583142319043,0.0,1440.0,4320.0,0.0,-0.0,0.0,0.0,461.7412287608935,2008.0541482446333,38.616425927781414,3.616425927781414,0.0,202.0938387831136,0.0,-0.0,-0.0,-0.0
CARBON_CAP_100,1.0,TD_TRANSITION,12,125,8000.0,4140.0,30.0,0.0,5224.235689824244,0.0,6571.696223913259,0.0,1380.0,4140.0,0.0,-0.0,0.0,0.0,461.7412287608935,2415.9319137375032,46.460229110336606,16.460229110336606,0.0,218.5540678934502,0.0,-0.0,-0.0,-0.0
CARBON_CAP_100,1.0,TD_TRANSITION,13,125,7900.0,4140.0,30.0,0.0,4527.670931181011,0.0,7447.922387101695,0.0,1380.0,4140.0,0.0,-0.0,0.0,0.0,461.7412287608935,2695.5933182827057,51.83833304389819,21.83833304389819,0.0,240.39240093734838,0.0,-0.0,-0.0,-0.0
CARBON_CAP_100,1.0,TD_TRANSITION,14,125,8000.0,4320.0,35.0,0.0,3366.7296667756236,0.0,8324.148550290129,0.0,1440.0,4320.0,0.0,-0.0,0.0,0.0,461.7412287608935,2250.8782170657523,43.28611955895678,8.286119558956777,0.0,248.67852049630517,0.0,-0.0,-0.0,-0.0
CARBON_CAP_100,1.0,TD_TRANSITION,15,125,8300.0,4680.0,40.0,0.0,2031.647212709428,0.0,8208.242385376543,992.1323281020195,1560.0,4680.0,0.0,-0.0,77.11278534349695,0.0,534.9983748372156,302.7768127424731,5.822631014278329,0.0,34.17736898572167,214.5011515105835,0.0,-0.0,-0.0,-0.0
CARBON_CAP_100,1.0,TD_TRANSITION,16,125,8600.0,5130.0,50.0,0.0,671.5122049272195,25.052553716012994,9638.48779507278,0.0,1710.0,5130.0,0.0,-0.0,0.0,0.0,534.9983748372156,0.0,-0.0,0.0,50.0,164.5011515105835,0.0,-0.0,-0.0,-0.0
CARBON_CAP_100,1.0,TD_TRANSITION,17,125,9000.0,5760.0,60.0,0.0,116.09412644053874,0.0,10295.657417464106,0.0,1920.0,5760.0,0.0,-0.0,0.0,508.24845609535487,0.0,0.0,-0.0,0.0,60.0,104.50115151058348,0.0,-0.0,-0.0,-0.0
CARBON_CAP_100,1.0,TD_TRANSITION,18,125,8800.0,6300.0,50.0,0.0,0.0,-0.0,10952.827039855432,0.0,2100.0,6300.0,0.0,-0.0,0.0,0.0,-0.0,52.827039855432304,1.0159046126044675,0.0,48.984095387395534,55.51705612318795,0.0,-0.0,-0.0,-0.0
CARBON_CAP_100,1.0,TD_TRANSITION,19,125,8200.0,6480.0,35.0,0.0,0.0,-0.0,11390.94012144965,0.0,2160.0,6480.0,0.0,-0.0,0.0,0.0,-0.0,1030.9401214496502,19.825771566339426,0.0,15.174228433660574,40.342827689527375,0.0,-0.0,-0.0,-0.0
CARBON_CAP_100,1.0,TD_TRANSITION,20,125,7400.0,6300.0,25.0,0.0,0.0,-0.0,12048.109743840976,0.0,2100.0,6300.0,0.0,-0.0,0.0,0.0,-0.0,2548.109743840976,49.00211045848031,24.00211045848031,0.0,64.34493814800769,0.0,-0.0,-0.0,-0.0
CARBON_CAP_100,1.0,TD_TRANSITION,21,125,6500.0,6120.0,20.0,0.0,0.0,-0.0,11829.053203043868,0.0,2040.0,6120.0,0.0,-0.0,385.0982706161708,0.0,365.84335708536224,2903.9549324276973,55.8452871620711,35.8452871620711,0.0,100.19022531007879,0.0,-0.0,-0.0,-0.0
CARBON_CAP_100,1.0,TD_TRANSITION,22,125,5800.0,5850.0,15.0,0.0,0.0,-0.0,7750.0,3202.8270398554323,1950.0,5850.0,0.0,-0.0,0.0,0.0,365.84335708536224,0.0,-0.0,0.0,15.0,85.19022531007879,0.0,-0.0,-0.0,-0.0
CARBON_CAP_100,1.0,TD_TRANSITION,23,125,5400.0,5670.0,15.0,0.0,0.0,-0.0,10076.600876666998,0.0,1890.0,5670.0,0.0,-0.0,100.94512807950657,0.0,461.7412287608935,2685.655748587492,51.647225934374845,36.647225934374845,0.0,121.83745124445363,0.0,-0.0,-0.0,-0.0
CARBON_CAP_090,0.9,TD_SUMMER,0,120,5979.999999999999,3720.0,15.0,0.0,-0.0,0.0,9203.122870923606,0.0,1240.0,3720.0,0.0,-0.0,0.0,533.9373752409222,0.0,2517.0602461645285,48.40500473393325,33.40500473393325,0.0,128.45349154873364,0.0,-0.0,0.0,-0.0
CARBON_CAP_090,0.9,TD_SUMMER,1,120,5750.0,3660.0,15.0,0.0,0.0,-0.0,9802.091622254851,58.39716802044131,1220.0,3660.0,0.0,-0.0,0.0,0.0,-0.0,2832.091622254852,54.46330042797793,39.46330042797793,0.0,167.91679197671158,0.0,-0.0,0.0,-0.0
CARBON_CAP_090,0.9,TD_SUMMER,2,120,5520.0,3600.0,15.0,0.0,0.0,-0.0,9607.529654733227,910.3250548937503,1200.0,3600.0,0.0,-0.0,55.43803247837595,0.0,52.66613085445715,2832.091622254852,54.46330042797793,39.46330042797793,0.0,207.3800924046895,0.0,-0.0,0.0,-0.0
CARBON_CAP_090,0.9,TD_SUMMER,3,120,5405.0,3540.0,15.0,0.0,0.0,-0.0,9980.992966393416,975.1056894680187,1180.0,3540.0,0.0,-0.0,563.901344138565,0.0,588.372407786094,2832.091622254852,54.46330042797793,39.46330042797793,0.0,246.8433928326674,0.0,-0.0,0.0,-0.0
CARBON_CAP_090,0.9,TD_SUMMER,4,120,5520.0,3480.0,20.0,0.0,0.0,-0.0,9512.091622254851,1882.250979841041,1160.0,3480.0,0.0,-0.0,0.0,0.0,588.372407786094,2832.091622254852,54.46330042797793,34.46330042797793,0.0,281.3066932606453,0.0,-0.0,0.0,-0.0
CARBON_CAP_090,0.9,TD_SUMMER,5,120,5979.999999999999,3600.0,25.0,0.0,121.32530940377363,0.0,10454.667656989643,501.4309988717923,1200.0,3600.0,0.0,-0.0,563.901344138565,0.0,1124.0786847177308,2832.091622254852,54.46330042797793,29.463300427977927,0.0,310.76999368862323,0.0,-0.0,0.0,-0.0
CARBON_CAP_090,0.9,TD_SUMMER,6,120,7129.999999999999,3900.0,40.0,0.0,727.9518564226418,0.0,10079.61076339252,0.0,1300.0,3900.0,0.0,-0.0,0.0,0.0,1124.0786847177308,2377.562619815162,45.722358073368504,5.722358073368504,0.0,316.49235176199176,0.0,-0.0,0.0,-0.0
CARBON_CAP_090,0.9,TD_SUMMER,7,120,8049.999999999999,4200.0,50.0,0.0,1819.8796410566044,0.0,8764.878924689148,0.0,1400.0,4200.0,0.0,-0.0,0.0,0.0,1124.0786847177308,1134.758565745753,21.82228011049525,0.0,28.17771988950475,288.314631872487,0.0,-0.0,0.0,-0.0
CARBON_CAP_090,0.9,TD_SUMMER,8,120,8740.0,4080.0,55.0,0.0,3336.4460086037748,0.0,7888.391032220233,0.0,1360.0,4080.0,0.0,-0.0,0.0,0.0,1124.0786847177308,1124.837040824007,21.631481554307825,0.0,33.368518445692175,254.9461134267948,0.0,-0.0,0.0,-0.0
CARBON_CAP_090,0.9,TD_SUMMER,9,120,9315.0,3600.0,55.0,0.0,4549.699102641511,0.0,7011.903139751318,0.0,1200.0,3600.0,0.0,-0.0,0.0,0.0,1124.0786847177308,1046.6022423928289,20.126966199862096,0.0,34.873033800137904,220.0730796266569,0.0,-0.0,0.0,-0.0
CARBON_CAP_090,0.9,TD_SUMMER,10,120,9545.0,3120.0,45.0,0.0,5338.313613766039,0.0,6573.659193516861,0.0,1040.0,3120.0,0.0,-0.0,0.0,0.0,1124.0786847177308,1326.9728072829002,25.518707832363468,0.0,19.481292167636532,200.59178745902037,0.0,-0.0,0.0,-0.0
CARBON_CAP_090,0.9,TD_SUMMER,11,120,9430.0,2880.0,35.0,0.0,5762.952196679247,0.0,6135.415247282404,0.0,960.0,2880.0,0.0,-0.0,0.0,0.0,1124.0786847177308,1508.3674439616516,29.007066230031764,0.0,5.992933769968236,194.59885368905213,0.0,-0.0,0.0,-0.0
CARBON_CAP_090,0.9,TD_SUMMER,12,120,9200.0,2760.0,30.0,0.0,5459.638923169813,0.0,6573.659193516861,0.0,920.0,2760.0,0.0,-0.0,0.0,0.0,1124.0786847177308,1913.298116686674,36.794194551666806,6.794194551666806,0.0,201.39304824071894,0.0,-0.0,0.0,-0.0
CARBON_CAP_090,0.9,TD_SUMMER,13,120,9085.0,2760.0,30.0,0.0,4731.687066747171,0.0,7450.147085985776,0.0,920.0,2760.0,0.0,-0.0,0.0,0.0,1124.0786847177308,2176.8341527329476,41.86219524486438,11.862195244864381,0.0,213.25524348558332,0.0,-0.0,0.0,-0.0
CARBON_CAP_090,0.9,TD_SUMMER,14,120,9200.0,2880.0,35.0,0.0,3518.433972709435,0.0,8326.634978454691,0.0,960.0,2880.0,0.0,-0.0,0.0,0.0,1124.0786847177308,1685.0689511641258,32.40517213777165,0.0,2.5948278622283496,210.66041562335496,0.0,-0.0,0.0,-0.0
CARBON_CAP_090,0.9,TD_SUMMER,15,120,9545.0,3120.0,40.0,0.0,2123.1929145660383,0.0,9203.122870923606,0.0,1040.0,3120.0,0.0,-0.0,-0.0,0.0,1124.0786847177308,741.3157854896435,14.256072797877763,0.0,25.743927202122237,184.91648842123283,0.0,-0.0,0.0,-0.0
CARBON_CAP_090,0.9,TD_SUMMER,16,120,9890.0,3420.0,50.0,660.6813264192951,727.9518564226418,0.0,9641.366817158063,0.0,1140.0,3420.0,0.0,-0.0,0.0,-0.0,1124.0786847177308,0.0,-0.0,0.0,50.0,134.91648842123283,0.0,-0.0,-0.0,428.05543138706133
CARBON_CAP_090,0.9,TD_SUMMER,17,120,10350.0,3840.0,60.0,705.9685477431995,121.32530940377363,0.0,10298.732736509748,0.0,1280.0,3840.0,0.0,-0.0,0.0,503.97340634327924,593.5803622511211,0.0,-0.0,0.0,60.0,74.91648842123283,0.0,-0.0,-0.0,457.3970220828189
CARBON_CAP_090,0.9,TD_SUMMER,18,120,10120.0,4200.0,50.0,0.0,-0.0,0.0,10956.098655861435,0.0,1400.0,4200.0,0.0,-0.0,0.0,563.901344138565,0.0,0.0,-0.0,0.0,50.0,24.916488421232827,0.0,-0.0,-0.0,-0.0
CARBON_CAP_090,0.9,TD_SUMMER,19,120,9430.0,4320.0,35.0,0.0,-0.0,0.0,11394.342602095892,0.0,1440.0,4320.0,0.0,-0.0,-0.0,0.0,0.0,524.3426020958923,10.083511578767173,0.0,24.916488421232827,0.0,0.0,-0.0,0.0,-0.0
CARBON_CAP_090,0.9,TD_SUMMER,20,120,8510.0,4200.0,25.0,0.0,0.0,-0.0,12051.70852144758,0.0,1400.0,4200.0,0.0,-0.0,-0.0,0.0,0.0,2141.708521447579,41.18670233553037,16.18670233553037,0.0,16.18670233553037,0.0,-0.0,-0.0,-0.0
CARBON_CAP_090,0.9,TD_SUMMER,21,120,7474.999999999999,4080.0,20.0,0.0,0.0,-0.0,11832.586548330351,0.0,1360.0,4080.0,0.0,-0.0,563.901344138565,0.0,535.7062769316368,2433.6852041917864,46.80163854214974,26.80163854214974,0.0,42.98834087768011,0.0,-0.0,-0.0,-0.0
CARBON_CAP_090,0.9,TD_SUMMER,22,120,6669.999999999999,3900.0,15.0,0.0,0.0,-0.0,9655.23584157692,1300.8628142845155,1300.0,3900.0,0.0,-0.0,27.719016239187976,0.0,562.0393423588654,1657.5168253377335,31.875323564187184,16.875323564187184,0.0,59.86366444186729,0.0,-0.0,-0.0,-0.0
CARBON_CAP_090,0.9,TD_SUMMER,23,120,6209.999999999999,3780.0,15.0,0.0,0.0,-0.0,10079.61076339252,0.0,1260.0,3780.0,0.0,-0.0,0.0,0.0,562.0393423588654,2609.610763392521,50.184822372933105,35.184822372933105,0.0,95.0484868148004,0.0,-0.0,-0.0,-0.0
CARBON_CAP_090,0.9,TD_WINTER,0,120,5460.0,8370.0,15.0,1878.9687513312456,-0.0,0.0,9203.122870923606,0.0,2790.0,8370.0,0.0,-0.0,0.0,0.0,562.0393423588654,2832.091622254852,54.46330042797793,39.46330042797793,0.0,134.51178724277833,0.0,-0.0,0.0,1217.3838539875142
CARBON_CAP_090,0.9,TD_WINTER,1,120,5250.0,8235.0,15.0,486.90236936651564,-0.0,0.0,9860.488790275293,0.0,2745.0,8235.0,0.0,-0.0,0.0,479.70046261304304,57.09148697670906,2832.091622254852,54.46330042797793,39.46330042797793,0.0,173.97508767075624,0.0,-0.0,0.0,315.4640451125655
CARBON_CAP_090,0.9,TD_WINTER,2,120,5040.0,8100.000000000001,15.0,0.0,-0.0,0.0,10517.854709626978,0.0,2700.0000000000005,8100.000000000001,0.0,-0.0,0.0,54.23691262787361,0.0,2832.091622254852,54.46330042797793,39.46330042797793,0.0,213.43838809873415,0.0,-0.0,0.0,-0.0
CARBON_CAP_090,0.9,TD_WINTER,3,120,4935.0,7965.000000000001,15.0,0.0,-0.0,0.0,10956.098655861435,0.0,2655.0000000000005,7965.000000000001,0.0,-0.0,534.0070336065837,0.0,507.3066819262545,2832.091622254852,54.46330042797793,39.46330042797793,0.0,252.90168852671206,0.0,-0.0,0.0,-0.0
CARBON_CAP_090,0.9,TD_WINTER,4,120,5040.0,7830.000000000001,20.0,0.0,0.0,-0.0,11045.992966393416,348.349635702476,2610.0000000000005,7830.000000000001,0.0,-0.0,563.901344138565,0.0,1043.0129588578914,2832.091622254852,54.46330042797793,34.46330042797793,0.0,287.36498895469,0.0,-0.0,0.0,-0.0
CARBON_CAP_090,0.9,TD_WINTER,5,120,5460.0,8100.000000000001,25.0,0.0,121.32530940377363,0.0,10956.098655861435,0.0,2700.0000000000005,8100.000000000001,0.0,-0.0,85.33234301035735,0.0,1124.0786847177308,2832.091622254852,54.46330042797793,29.463300427977927,0.0,316.828289382668,0.0,-0.0,0.0,-0.0
CARBON_CAP_090,0.9,TD_WINTER,6,120,6510.0,8775.0,40.0,0.0,727.9518564226418,0.0,10079.61076339252,0.0,2925.0,8775.0,0.0,-0.0,0.0,563.901344138565,530.4983224666097,1936.4639639537272,37.23969161449476,0.0,2.7603083855052404,314.06798099716275,0.0,-0.0,0.0,-0.0
CARBON_CAP_090,0.9,TD_WINTER,7,120,7350.0,9450.0,50.0,0.0,1819.8796410566044,0.0,8764.878924689148,0.0,3150.0,9450.0,0.0,-0.0,0.0,503.97340634327924,0.0,588.7319720890318,11.321768694019845,0.0,38.678231305980155,275.3897496911826,0.0,-0.0,0.0,-0.0
CARBON_CAP_090,0.9,TD_WINTER,8,120,7980.0,9180.0,55.0,0.0,3336.4460086037748,0.0,7888.391032220233,0.0,3060.0,9180.0,0.0,-0.0,0.0,0.0,-0.0,184.8370408240071,3.5545584773847523,0.0,51.44544152261525,223.94430816856735,0.0,-0.0,0.0,-0.0
CARBON_CAP_090,0.9,TD_WINTER,9,120,8505.0,8100.000000000001,55.0,0.0,4549.699102641511,0.0,7011.903139751318,0.0,2700.0000000000005,8100.000000000001,0.0,-0.0,0.0,-0.0,0.0,356.6022423928289,6.8577354306313225,0.0,48.14226456936868,175.80204359919867,0.0,-0.0,0.0,-0.0
CARBON_CAP_090,0.9,TD_WINTER,10,120,8715.0,7020.000000000001,45.0,0.0,5338.313613766039,0.0,6573.659193516861,0.0,2340.0000000000005,7020.000000000001,0.0,-0.0,0.0,-0.0,0.0,856.9728072829002,16.480246293901928,0.0,28.519753706098072,147.2822898931006,0.0,-0.0,0.0,-0.0
CARBON_CAP_090,0.9,TD_WINTER,11,120,8610.0,6480.0,35.0,1759.1622107715775,5762.952196679247,0.0,6135.415247282404,0.0,2160.0,6480.0,0.0,-0.0,55.43803247837595,0.0,52.66613085445715,2832.091622254852,54.46330042797793,19.463300427977927,0.0,166.7455903210785,0.0,-0.0,0.0,1139.7611963589052
CARBON_CAP_090,0.9,TD_WINTER,12,120,8400.0,6210.0,30.0,1268.7935055681774,5459.638923169813,0.0,6573.659193516861,0.0,2070.0,6210.0,0.0,-0.0,0.0,0.0,52.66613085445715,2832.091622254852,54.46330042797793,24.463300427977927,0.0,191.20889074905642,0.0,-0.0,0.0,822.0513122576222
CARBON_CAP_090,0.9,TD_WINTER,13,120,8295.0,6210.0,30.0,1015.2574695219037,4731.687066747171,0.0,7450.147085985776,0.0,2070.0,6210.0,0.0,-0.0,0.0,0.0,52.66613085445715,2832.091622254852,54.46330042797793,24.463300427977927,0.0,215.67219117703434,0.0,-0.0,0.0,657.7853145032415
CARBON_CAP_090,0.9,TD_WINTER,14,120,8400.0,6480.0,35.0,2110.9240152292914,3518.433972709435,0.0,8326.634978454691,0.0,2160.0,6480.0,0.0,-0.0,563.901344138565,0.0,588.372407786094,2832.091622254852,54.46330042797793,19.463300427977927,0.0,235.13549160501225,0.0,-0.0,0.0,1367.667669467058
CARBON_CAP_090,0.9,TD_WINTER,15,120,8715.0,7020.000000000001,40.0,3124.6771809037728,2123.1929145660383,0.0,9203.122870923606,0.0,2340.0000000000005,7020.000000000001,0.0,-0.0,563.901344138565,0.0,1124.0786847177308,2832.091622254852,54.46330042797793,14.463300427977927,0.0,249.59879203299016,0.0,-0.0,0.0,2024.4783455075544
CARBON_CAP_090,0.9,TD_WINTER,16,120,9030.0,7695.000000000001,50.0,1225.6813264192951,727.9518564226418,0.0,9641.366817158063,0.0,2565.0000000000005,7695.000000000001,0.0,-0.0,0.0,-0.0,1124.0786847177308,0.0,-0.0,0.0,50.0,199.59879203299016,0.0,-0.0,0.0,794.1189313870614
CARBON_CAP_090,0.9,TD_WINTER,17,120,9450.0,8640.0,60.0,1771.6259456473063,121.32530940377363,0.0,10298.732736509748,0.0,2880.0,8640.0,0.0,-0.0,0.0,138.31600843917204,978.4828863607075,0.0,-0.0,0.0,60.0,139.59879203299016,0.0,-0.0,0.0,1147.8364501848898
CARBON_CAP_090,0.9,TD_WINTER,18,120,9240.0,9450.0,50.0,870.0,-0.0,0.0,10956.098655861435,0.0,3150.0,9450.0,0.0,-0.0,0.0,563.901344138565,384.90252410958703,0.0,-0.0,0.0,50.0,89.59879203299016,0.0,-0.0,0.0,563.673
CARBON_CAP_090,0.9,TD_WINTER,19,120,8610.0,9720.0,35.0,0.0,-0.0,0.0,11394.342602095892,0.0,3150.0,9450.0,270.0,29.946761313220936,0.0,365.6573979041077,0.0,0.0,-0.0,0.0,35.0,54.59879203299016,0.0,-0.0,0.0,64.68500443655722
CARBON_CAP_090,0.9,TD_WINTER,20,120,7770.0,9450.0,25.0,0.0,-0.0,0.0,12051.70852144758,0.0,3150.0,9450.0,0.0,-0.0,-0.0,0.0,0.0,1131.7085214475792,21.763625412453447,0.0,3.2363745875465533,51.36241744544361,0.0,-0.0,0.0,-0.0
CARBON_CAP_090,0.9,TD_WINTER,21,120,6825.0,9180.0,20.0,0.0,-0.0,0.0,11832.586548330351,0.0,3060.0,9180.0,0.0,-0.0,27.719016239187976,0.0,26.333065427228576,1919.8675320911634,36.92052946329161,16.920529463291608,0.0,68.28294690873523,0.0,-0.0,0.0,-0.0
CARBON_CAP_090,0.9,TD_WINTER,22,120,6090.0,8775.0,15.0,0.0,-0.0,0.0,10956.098655861435,0.0,2925.0,8775.0,0.0,-0.0,0.0,0.0,26.333065427228576,1941.098655861435,37.3288203050276,22.328820305027598,0.0,90.61176721376282,0.0,-0.0,0.0,-0.0
CARBON_CAP_090,0.9,TD_WINTER,23,120,5670.0,8505.0,15.0,0.0,-0.0,0.0,10079.61076339252,0.0,2835.0,8505.0,0.0,-0.0,563.901344138565,0.0,562.0393423588654,1010.7094192539553,19.436719601037602,4.436719601037602,0.0,95.0484868148004,0.0,-0.0,0.0,-0.0
CARBON_CAP_090,0.9,TD_TRANSITION,0,125,5200.0,5580.0,15.0,0.0,0.0,-0.0,9203.122870923606,0.0,1860.0,5580.0,0.0,-0.0,0.0,0.0,562.0393423588654,2143.1228709236057,41.2139013639155,26.213901363915497,0.0,121.2623881787159,0.0,-0.0,-0.0,-0.0
CARBON_CAP_090,0.9,TD_TRANSITION,1,125,5000.0,5490.0,15.0,0.0,0.0,-0.0,9662.091622254851,198.3971680204413,1830.0,5490.0,0.0,-0.0,0.0,0.0,562.0393423588654,2832.091622254852,54.46330042797793,39.46330042797793,0.0,160.72568860669384,0.0,-0.0,-0.0,-0.0
CARBON_CAP_090,0.9,TD_TRANSITION,2,125,4800.0,5400.0,15.0,0.0,0.0,-0.0,9432.091622254851,1085.7630873721264,1800.0,5400.0,0.0,-0.0,0.0,0.0,562.0393423588654,2832.091622254852,54.46330042797793,39.46330042797793,0.0,200.18898903467175,0.0,-0.0,-0.0,-0.0
CARBON_CAP_090,0.9,TD_TRANSITION,3,125,4700.0,5310.0,15.0,0.0,0.0,-0.0,9302.091622254851,1654.0070336065837,1770.0,5310.0,0.0,-0.0,0.0,0.0,562.0393423588654,2832.091622254852,54.46330042797793,39.46330042797793,0.0,239.65228946264966,0.0,-0.0,-0.0,-0.0
CARBON_CAP_090,0.9,TD_TRANSITION,4,125,4800.0,5220.0,20.0,0.0,0.0,-0.0,9372.091622254851,2022.250979841041,1740.0,5220.0,0.0,-0.0,0.0,0.0,562.0393423588654,2832.091622254852,54.46330042797793,34.46330042797793,0.0,274.1155898906276,0.0,-0.0,-0.0,-0.0
CARBON_CAP_090,0.9,TD_TRANSITION,5,125,5200.0,5400.0,25.0,0.0,0.0,121.32530940377363,9832.091622254851,1124.0070336065837,1800.0,5400.0,0.0,-0.0,0.0,0.0,562.0393423588654,2832.091622254852,54.46330042797793,29.463300427977927,0.0,303.5788903186055,0.0,-0.0,-0.0,-0.0
CARBON_CAP_090,0.9,TD_TRANSITION,6,125,6200.0,5850.0,40.0,0.0,727.9518564226418,0.0,10079.61076339252,0.0,1950.0,5850.0,0.0,-0.0,0.0,0.0,562.0393423588654,2657.562619815162,51.10697345798389,11.10697345798389,0.0,314.6858637765894,0.0,-0.0,-0.0,-0.0
CARBON_CAP_090,0.9,TD_TRANSITION,7,125,7000.0,6300.0,50.0,0.0,335.12107531085167,1484.7585657457528,8764.878924689148,0.0,2100.0,6300.0,0.0,-0.0,0.0,0.0,562.0393423588654,0.0,-0.0,0.0,50.0,264.6858637765894,0.0,-0.0,-0.0,-0.0
CARBON_CAP_090,0.9,TD_TRANSITION,8,125,7600.0,6120.0,55.0,0.0,3336.4460086037748,0.0,7888.391032220233,0.0,2040.0,6120.0,0.0,-0.0,0.0,0.0,562.0393423588654,1584.8370408240075,30.477635400461686,0.0,24.522364599538314,240.16349917705105,0.0,-0.0,-0.0,-0.0
CARBON_CAP_090,0.9,TD_TRANSITION,9,125,8100.0,5400.0,55.0,0.0,4549.699102641511,0.0,7011.903139751318,0.0,1800.0,5400.0,0.0,-0.0,0.0,0.0,562.0393423588654,1661.6022423928289,31.953889276785173,0.0,23.046110723214827,217.1173884538362,0.0,-0.0,-0.0,-0.0
CARBON_CAP_090,0.9,TD_TRANSITION,10,125,8300.0,4680.0,45.0,0.0,3286.340806483139,2051.9728072829002,6573.659193516861,0.0,1560.0,4680.0,0.0,-0.0,0.0,0.0,562.0393423588654,0.0,-0.0,0.0,45.0,172.1173884538362,0.0,-0.0,-0.0,-0.0
CARBON_CAP_090,0.9,TD_TRANSITION,11,125,8200.0,4320.0,35.0,0.0,5316.148389951233,446.803806728014,6135.415247282404,0.0,1440.0,4320.0,0.0,-0.0,0.0,0.0,562.0393423588654,1811.5636372336382,34.83776225449304,0.0,0.1622377455069568,171.95515070832926,0.0,-0.0,-0.0,-0.0
CARBON_CAP_090,0.9,TD_TRANSITION,12,125,8000.0,4140.0,30.0,0.0,5459.638923169813,0.0,6573.659193516861,0.0,1380.0,4140.0,0.0,-0.0,0.0,0.0,562.0393423588654,2653.298116686674,51.02496378243604,21.02496378243604,0.0,192.9801144907653,0.0,-0.0,-0.0,-0.0
CARBON_CAP_090,0.9,TD_TRANSITION,13,125,7900.0,4140.0,30.0,0.0,4661.944536269075,69.74253047809634,7450.147085985776,0.0,1380.0,4140.0,0.0,-0.0,0.0,0.0,562.0393423588654,2832.091622254852,54.46330042797793,24.463300427977927,0.0,217.4434149187432,0.0,-0.0,-0.0,-0.0
CARBON_CAP_090,0.9,TD_TRANSITION,14,125,8000.0,4320.0,35.0,0.0,3518.433972709435,0.0,8326.634978454691,0.0,1440.0,4320.0,0.0,-0.0,0.0,0.0,562.0393423588654,2405.068951164126,46.2513259839255,11.251325983925497,0.0,228.69474090266868,0.0,-0.0,-0.0,-0.0
CARBON_CAP_090,0.9,TD_TRANSITION,15,125,8300.0,4680.0,40.0,0.0,2123.1929145660383,0.0,7736.807085433962,1466.3157854896435,1560.0,4680.0,0.0,-0.0,0.0,0.0,562.0393423588654,0.0,-0.0,0.0,40.0,188.69474090266868,0.0,-0.0,-0.0,-0.0
CARBON_CAP_090,0.9,TD_TRANSITION,16,125,8600.0,5130.0,50.0,0.0,668.633182841937,59.31867358070474,9641.366817158063,0.0,1710.0,5130.0,0.0,-0.0,0.0,0.0,562.0393423588654,0.0,-0.0,0.0,50.0,138.69474090266868,0.0,-0.0,-0.0,-0.0
CARBON_CAP_090,0.9,TD_TRANSITION,17,125,9000.0,5760.0,60.0,0.0,121.32530940377363,0.0,10298.732736509748,0.0,1920.0,5760.0,0.0,-0.0,0.0,499.9419540864783,35.784653846783044,0.0,-0.0,0.0,60.0,78.69474090266867,0.0,-0.0,-0.0,-0.0
CARBON_CAP_090,0.9,TD_TRANSITION,18,125,8800.0,6300.0,50.0,0.0,-0.0,0.0,10956.098655861435,0.0,2100.0,6300.0,0.0,-0.0,0.0,0.0,35.784653846783044,56.09865586143496,1.0788203050275955,0.0,48.9211796949724,29.77356120769627,0.0,-0.0,-0.0,-0.0
CARBON_CAP_090,0.9,TD_TRANSITION,19,125,8200.0,6480.0,35.0,0.0,0.0,-0.0,11394.342602095892,0.0,2160.0,6480.0,0.0,-0.0,0.0,0.0,35.784653846783044,1034.3426020958923,19.89120388645947,0.0,15.108796113540532,14.66476509415574,0.0,-0.0,-0.0,-0.0
CARBON_CAP_090,0.9,TD_TRANSITION,20,125,7400.0,6300.0,25.0,0.0,0.0,-0.0,12051.70852144758,0.0,2100.0,6300.0,0.0,-0.0,0.0,0.0,35.784653846783044,2551.708521447579,49.07131772014576,24.071317720145757,0.0,38.7360828143015,0.0,-0.0,-0.0,-0.0
CARBON_CAP_090,0.9,TD_TRANSITION,21,125,6500.0,6120.0,20.0,0.0,0.0,-0.0,11832.586548330351,0.0,2040.0,6120.0,0.0,-0.0,460.4949260754993,0.0,473.25483361850735,2832.091622254852,54.46330042797793,34.46330042797793,0.0,73.19938324227942,0.0,-0.0,-0.0,-0.0
CARBON_CAP_090,0.9,TD_TRANSITION,22,125,5800.0,5850.0,15.0,0.0,0.0,-0.0,7750.0,3206.098655861435,1950.0,5850.0,0.0,-0.0,0.0,0.0,473.25483361850735,0.0,-0.0,0.0,15.0,58.19938324227942,0.0,-0.0,-0.0,-0.0
CARBON_CAP_090,0.9,TD_TRANSITION,23,125,5400.0,5670.0,15.0,0.0,0.0,-0.0,10079.61076339252,0.0,1890.0,5670.0,0.0,-0.0,93.45737762142952,0.0,562.0393423588654,2696.153385771091,51.84910357252098,36.84910357252098,0.0,95.0484868148004,0.0,-0.0,-0.0,-0.0
CARBON_CAP_080,0.8,TD_SUMMER,0,120,5979.999999999999,3720.0,15.0,0.0,-0.0,0.0,9285.946902750433,0.0,1240.0,3720.0,0.0,-0.0,0.0,694.1938745160078,92.69135404152928,2760.1407772664415,53.07963033204695,38.07963033204695,0.0,133.0789093708718,0.0,-0.0,-0.0,-0.0
CARBON_CAP_080,0.8,TD_SUMMER,1,120,5750.0,3660.0,15.0,0.0,0.0,-0.0,9740.504819234508,208.72400514095716,1220.0,3660.0,0.0,-0.0,0.0,0.0,92.69135404152928,2770.5048192345075,53.27893883143284,38.27893883143284,0.0,171.35784820230464,0.0,-0.0,-0.0,-0.0
CARBON_CAP_080,0.8,TD_SUMMER,2,120,5520.0,3600.0,15.0,0.0,0.0,-0.0,9738.066693882789,874.4440521177057,1200.0,3600.0,0.0,-0.0,247.56187464828182,0.0,327.875134957397,2770.5048192345075,53.27893883143284,38.27893883143284,0.0,209.63678703373748,0.0,-0.0,-0.0,-0.0
CARBON_CAP_080,0.8,TD_SUMMER,3,120,5405.0,3540.0,15.0,0.0,0.0,-0.0,10049.698693750515,1005.0,1180.0,3540.0,0.0,-0.0,694.1938745160078,0.0,987.3593157476043,2770.5048192345075,53.27893883143284,38.27893883143284,0.0,247.91572586517032,0.0,-0.0,-0.0,-0.0
CARBON_CAP_080,0.8,TD_SUMMER,4,120,5520.0,3480.0,20.0,0.0,0.0,-0.0,9450.504819234508,2046.3818222660284,1160.0,3480.0,0.0,-0.0,0.0,0.0,987.3593157476043,2770.5048192345075,53.27893883143284,33.27893883143284,0.0,281.1946646966031,0.0,-0.0,-0.0,-0.0
CARBON_CAP_080,0.8,TD_SUMMER,5,120,5979.999999999999,3600.0,25.0,0.0,118.93191972577245,0.0,10525.766774024742,528.9319197257737,1200.0,3600.0,0.0,-0.0,694.1938745160078,0.0,1646.8434965378117,2770.5048192345075,53.27893883143284,28.27893883143284,0.0,309.47360352803594,0.0,-0.0,-0.0,-0.0
CARBON_CAP_080,0.8,TD_SUMMER,6,120,7129.999999999999,3900.0,40.0,0.0,713.5915183546347,0.0,10170.322798250474,0.0,1300.0,3900.0,0.0,-0.0,0.0,-0.0,1646.8434965378117,2453.914316605109,47.190659934713636,7.190659934713636,0.0,316.66426346274955,0.0,-0.0,-0.0,-0.0
CARBON_CAP_080,0.8,TD_SUMMER,7,120,8049.999999999999,4200.0,50.0,0.0,1783.9787958865866,0.0,8843.758955000412,0.0,1400.0,4200.0,0.0,-0.0,0.0,-0.0,1646.8434965378117,1177.7377508869988,22.648802901673054,0.0,27.351197098326946,289.3130663644226,0.0,-0.0,0.0,-0.0
CARBON_CAP_080,0.8,TD_SUMMER,8,120,8740.0,4080.0,55.0,0.0,3270.6277924587425,0.0,7959.383059500371,0.0,1360.0,4080.0,0.0,-0.0,0.0,0.0,1646.8434965378117,1130.0108519591136,21.73097792229065,0.0,33.26902207770935,256.04404428671324,0.0,-0.0,0.0,-0.0
CARBON_CAP_080,0.8,TD_SUMMER,9,120,9315.0,3600.0,55.0,0.0,4459.946989716466,0.0,7075.00716400033,0.0,1200.0,3600.0,0.0,-0.0,0.0,0.0,1646.8434965378117,1019.9541537167961,19.614502956092238,0.0,35.38549704390776,220.65854724280547,0.0,-0.0,0.0,-0.0
CARBON_CAP_080,0.8,TD_SUMMER,10,120,9545.0,3120.0,45.0,0.0,5233.004467933987,0.0,6632.819216250309,0.0,1040.0,3120.0,0.0,-0.0,0.0,0.0,1646.8434965378117,1280.8236841842963,24.631224695851852,0.0,20.368775304148148,200.2897719386573,0.0,-0.0,0.0,-0.0
CARBON_CAP_080,0.8,TD_SUMMER,11,120,9430.0,2880.0,35.0,0.0,5649.2661869741905,0.0,6190.6312685002895,0.0,960.0,2880.0,0.0,-0.0,0.0,0.0,1646.8434965378117,1449.89745547448,27.882643374509232,0.0,7.117356625490768,193.17241531316654,0.0,-0.0,0.0,-0.0
CARBON_CAP_080,0.8,TD_SUMMER,12,120,9200.0,2760.0,30.0,0.0,5351.93638765976,0.0,6632.819216250309,0.0,920.0,2760.0,0.0,-0.0,0.0,0.0,1646.8434965378117,1864.755603910069,35.86068469057825,5.860684690578253,0.0,199.03310000374478,0.0,-0.0,0.0,-0.0
CARBON_CAP_080,0.8,TD_SUMMER,13,120,9085.0,2760.0,30.0,0.0,4638.344869305125,0.0,7517.195111750351,0.0,920.0,2760.0,0.0,-0.0,0.0,0.0,1646.8434965378117,2150.5399810554763,41.3565380972207,11.3565380972207,0.0,210.38963810096547,0.0,-0.0,0.0,-0.0
CARBON_CAP_080,0.8,TD_SUMMER,14,120,9200.0,2880.0,35.0,0.0,3449.0256720474003,0.0,8401.571007250392,0.0,960.0,2880.0,0.0,-0.0,0.0,0.0,1646.8434965378117,1690.596679297792,32.511474601880614,0.0,2.4885253981193856,207.9011127028461,0.0,-0.0,0.0,-0.0
CARBON_CAP_080,0.8,TD_SUMMER,15,120,9545.0,3120.0,40.0,0.0,2081.3085952010174,0.0,9285.946902750433,0.0,1040.0,3120.0,0.0,-0.0,-0.0,0.0,1646.8434965378117,782.2554979514503,15.043374960604815,0.0,24.956625039395185,182.94448766345124,0.0,-0.0,0.0,-0.0
CARBON_CAP_080,0.8,TD_SUMMER,16,120,9890.0,3420.0,50.0,183.26749019948127,713.5915183546347,0.0,9728.134850500453,0.0,1140.0,3420.0,0.0,-0.0,0.0,405.0061409454306,1220.5212429110427,0.0,-0.0,0.0,50.0,132.94448766345124,0.0,-0.0,-0.0,118.73900690024392
CARBON_CAP_080,0.8,TD_SUMMER,17,120,10350.0,3840.0,60.0,425.4574336327364,118.93191972577245,0.0,10391.416772125483,0.0,1280.0,3840.0,0.0,-0.0,0.0,694.1938745160078,489.79084868366806,0.0,-0.0,0.0,60.0,72.94448766345124,0.0,-0.0,-0.0,275.65387125064996
CARBON_CAP_080,0.8,TD_SUMMER,18,120,10120.0,4200.0,50.0,0.0,-0.0,0.0,11054.698693750515,0.0,1400.0,4200.0,0.0,-0.0,0.0,465.3013062494847,0.0,0.0,-0.0,0.0,50.0,22.94448766345124,0.0,-0.0,-0.0,-0.0
CARBON_CAP_080,0.8,TD_SUMMER,19,120,9430.0,4320.0,35.0,0.0,-0.0,0.0,11496.886641500536,0.0,1440.0,4320.0,0.0,-0.0,-0.0,0.0,0.0,626.8866415005359,12.055512336548759,0.0,22.94448766345124,0.0,0.0,-0.0,0.0,-0.0
CARBON_CAP_080,0.8,TD_SUMMER,20,120,8510.0,4200.0,25.0,0.0,0.0,-0.0,12160.168563125568,0.0,1400.0,4200.0,0.0,-0.0,-0.0,0.0,0.0,2250.1685631255677,43.27247236779938,18.27247236779938,0.0,18.27247236779938,0.0,-0.0,-0.0,-0.0
CARBON_CAP_080,0.8,TD_SUMMER,21,120,7474.999999999999,4080.0,20.0,0.0,-0.0,0.0,11939.074589250557,0.0,1360.0,4080.0,0.0,-0.0,694.1938745160078,0.0,659.4841807902073,2409.8807147345487,46.34385989874132,26.34385989874132,0.0,44.6163322665407,0.0,-0.0,-0.0,-0.0
CARBON_CAP_080,0.8,TD_SUMMER,22,120,6669.999999999999,3900.0,15.0,0.0,0.0,-0.0,9622.156294412194,1432.542399338321,1300.0,3900.0,0.0,-0.0,172.56586050389316,0.0,823.4217482689058,1479.5904339083013,28.453662190544257,13.453662190544257,0.0,58.06999445708496,0.0,-0.0,-0.0,-0.0
CARBON_CAP_080,0.8,TD_SUMMER,23,120,6209.999999999999,3780.0,15.0,0.0,-0.0,0.0,10170.322798250474,0.0,1260.0,3780.0,0.0,-0.0,0.0,0.0,823.4217482689058,2700.322798250475,51.92928458173991,36.92928458173991,0.0,94.99927903882487,0.0,-0.0,-0.0,-0.0
CARBON_CAP_080,0.8,TD_WINTER,0,120,5460.0,8370.0,15.0,1646.5011301446218,-0.0,0.0,9285.946902750433,0.0,2790.0,8370.0,0.0,-0.0,0.0,88.05678633945283,730.7303942273766,2770.5048192345075,53.27893883143284,38.27893883143284,0.0,133.27821787025772,0.0,-0.0,0.0,1066.7680822207005
CARBON_CAP_080,0.8,TD_WINTER,1,120,5250.0,8235.0,15.0,122.08212034303506,-0.0,0.0,9949.228824375465,0.0,2745.0,8235.0,0.0,-0.0,0.0,694.1938745160078,0.0,2770.5048192345075,53.27893883143284,38.27893883143284,0.0,171.55715670169056,0.0,-0.0,0.0,79.09700577025242
CARBON_CAP_080,0.8,TD_WINTER,2,120,5040.0,8100.000000000001,15.0,0.0,-0.0,0.0,10612.510746000495,0.0,2700.0000000000005,8100.000000000001,0.0,-0.0,102.00592676598717,0.0,96.90563042768781,2770.5048192345075,53.27893883143284,38.27893883143284,0.0,209.8360955331234,0.0,-0.0,0.0,-0.0
CARBON_CAP_080,0.8,TD_WINTER,3,120,4935.0,7965.000000000001,15.0,0.0,-0.0,0.0,11054.698693750515,0.0,2655.0000000000005,7965.000000000001,0.0,-0.0,694.1938745160078,0.0,756.3898112178952,2770.5048192345075,53.27893883143284,38.27893883143284,0.0,248.11503436455624,0.0,-0.0,0.0,-0.0
CARBON_CAP_080,0.8,TD_WINTER,4,120,5040.0,7830.000000000001,20.0,0.0,-0.0,0.0,11114.698693750515,382.1879477500206,2610.0000000000005,7830.000000000001,0.0,-0.0,694.1938745160078,0.0,1415.8739920081025,2770.5048192345075,53.27893883143284,33.27893883143284,0.0,281.3939731959891,0.0,-0.0,0.0,-0.0
CARBON_CAP_080,0.8,TD_WINTER,5,120,5460.0,8100.000000000001,25.0,0.0,118.93191972577245,0.0,11054.698693750515,0.0,2700.0000000000005,8100.000000000001,0.0,-0.0,243.12579424178023,0.0,1646.8434965378117,2770.5048192345075,53.27893883143284,28.27893883143284,0.0,309.67291202742194,0.0,-0.0,0.0,-0.0
CARBON_CAP_080,0.8,TD_WINTER,6,120,6510.0,8775.0,40.0,0.0,713.5915183546347,0.0,10170.322798250474,0.0,2925.0,8775.0,0.0,-0.0,0.0,694.1938745160078,916.1131023104351,2143.1081911211168,41.21361906002148,1.213619060021479,0.0,310.8865310874434,0.0,-0.0,0.0,-0.0
CARBON_CAP_080,0.8,TD_WINTER,7,120,7350.0,9450.0,50.0,0.0,1783.9787958865866,0.0,8843.758955000412,0.0,3150.0,9450.0,0.0,-0.0,0.0,694.1938745160078,185.38270808305856,821.9316254030066,15.80637741159628,0.0,34.19362258840372,276.6929084990397,0.0,-0.0,0.0,-0.0
CARBON_CAP_080,0.8,TD_WINTER,8,120,7980.0,9180.0,55.0,0.0,3270.6277924587425,0.0,7959.383059500371,0.0,3060.0,9180.0,0.0,-0.0,0.0,0.0,185.38270808305856,190.01085195911355,3.6540548453675683,0.0,51.34594515463243,225.34696334440724,0.0,-0.0,0.0,-0.0
CARBON_CAP_080,0.8,TD_WINTER,9,120,8505.0,8100.000000000001,55.0,0.0,4459.946989716466,0.0,7075.00716400033,0.0,2700.0000000000005,8100.000000000001,0.0,-0.0,0.0,176.11357267890565,0.0,506.0677263957018,9.732071661455805,0.0,45.267928338544195,180.07903500586303,0.0,-0.0,0.0,-0.0
CARBON_CAP_080,0.8,TD_WINTER,10,120,8715.0,7020.000000000001,45.0,0.0,5233.004467933987,0.0,6632.819216250309,0.0,2340.0000000000005,7020.000000000001,0.0,-0.0,0.0,-0.0,0.0,810.8236841842963,15.592763157390314,0.0,29.407236842609684,150.67179816325336,0.0,-0.0,0.0,-0.0
CARBON_CAP_080,0.8,TD_WINTER,11,120,8610.0,6480.0,35.0,2045.7390847678137,5649.2661869741905,0.0,6190.6312685002895,0.0,2160.0,6480.0,0.0,-0.0,345.1317210077863,0.0,327.875134957397,2770.5048192345075,53.27893883143284,18.27893883143284,0.0,168.9507369946862,0.0,-0.0,0.0,1325.4343530210665
CARBON_CAP_080,0.8,TD_WINTER,12,120,8400.0,6210.0,30.0,1255.7492153244384,5351.93638765976,0.0,6632.819216250309,0.0,2070.0,6210.0,0.0,-0.0,0.0,0.0,327.875134957397,2770.5048192345075,53.27893883143284,23.27893883143284,0.0,192.22967582611903,0.0,-0.0,0.0,813.5999166087037
CARBON_CAP_080,0.8,TD_WINTER,13,120,8295.0,6210.0,30.0,979.9648381790312,4638.344869305125,0.0,7517.195111750351,0.0,2070.0,6210.0,0.0,-0.0,0.0,0.0,327.875134957397,2770.5048192345075,53.27893883143284,23.27893883143284,0.0,215.50861465755187,0.0,-0.0,0.0,634.9192186561943
CARBON_CAP_080,0.8,TD_WINTER,14,120,8400.0,6480.0,35.0,2174.1020144527233,3449.0256720474003,0.0,8401.571007250392,0.0,2160.0,6480.0,0.0,-0.0,694.1938745160078,0.0,987.3593157476043,2770.5048192345075,53.27893883143284,18.27893883143284,0.0,233.7875534889847,0.0,-0.0,0.0,1408.6006951639195
CARBON_CAP_080,0.8,TD_WINTER,15,120,8715.0,7020.000000000001,40.0,3152.443195799065,2081.3085952010174,0.0,9285.946902750433,0.0,2340.0000000000005,7020.000000000001,0.0,-0.0,694.1938745160078,0.0,1646.8434965378117,2770.5048192345075,53.27893883143284,13.27893883143284,0.0,247.06649232041755,0.0,-0.0,0.0,2042.4679465582144
CARBON_CAP_080,0.8,TD_WINTER,16,120,9030.0,7695.000000000001,50.0,1153.2736311449116,713.5915183546347,0.0,9728.134850500453,0.0,2565.0000000000005,7695.000000000001,0.0,-0.0,0.0,-0.0,1646.8434965378117,0.0,-0.0,0.0,50.0,197.06649232041755,0.0,-0.0,0.0,747.2059856187883
CARBON_CAP_080,0.8,TD_WINTER,17,120,9450.0,8640.0,60.0,1212.4572194532957,118.93191972577245,0.0,10391.416772125483,0.0,2880.0,8640.0,0.0,-0.0,0.0,607.1940886954485,1007.6918242268133,0.0,-0.0,0.0,60.0,137.06649232041755,0.0,-0.0,0.0,785.5510324837903
CARBON_CAP_080,0.8,TD_WINTER,18,120,9240.0,9450.0,50.0,641.1074317334769,-0.0,0.0,11054.698693750515,0.0,3150.0,9450.0,-0.0,-0.0,0.0,694.1938745160078,276.96142999943584,0.0,-0.0,0.0,50.0,87.06649232041755,0.0,-0.0,0.0,415.3735050201197
CARBON_CAP_080,0.8,TD_WINTER,19,120,8610.0,9720.0,35.0,0.0,-0.0,0.0,11496.886641500536,0.0,3150.0,9450.0,270.0,29.946761313220936,0.0,263.1133584994641,0.0,0.0,-0.0,0.0,35.0,52.06649232041755,0.0,-0.0,0.0,64.68500443655722
CARBON_CAP_080,0.8,TD_WINTER,20,120,7770.0,9450.0,25.0,0.0,-0.0,0.0,12160.168563125568,0.0,3150.0,9450.0,0.0,-0.0,-0.0,0.0,0.0,1240.1685631255677,23.849395444722457,0.0,1.1506045552775426,50.91588776514001,0.0,-0.0,0.0,-0.0
CARBON_CAP_080,0.8,TD_WINTER,21,120,6825.0,9180.0,20.0,0.0,-0.0,0.0,11939.074589250557,0.0,3060.0,9180.0,0.0,-0.0,172.56586050389316,0.0,163.9375674786985,1881.5087287466633,36.18286016820507,16.182860168205067,0.0,67.09874793334508,0.0,-0.0,0.0,-0.0
CARBON_CAP_080,0.8,TD_WINTER,22,120,6090.0,8775.0,15.0,0.0,-0.0,0.0,11054.698693750515,0.0,2925.0,8775.0,0.0,-0.0,0.0,0.0,163.9375674786985,2039.698693750515,39.2249748798176,24.2249748798176,0.0,91.32372281316268,0.0,-0.0,0.0,-0.0
CARBON_CAP_080,0.8,TD_WINTER,23,120,5670.0,8505.0,15.0,0.0,-0.0,0.0,10170.322798250474,0.0,2835.0,8505.0,0.0,-0.0,694.1938745160078,0.0,823.4217482689058,971.1289237344662,18.675556225662813,3.675556225662813,0.0,94.99927903882487,0.0,-0.0,0.0,-0.0
CARBON_CAP_080,0.8,TD_TRANSITION,0,125,5200.0,5580.0,15.0,0.0,-0.0,0.0,9285.946902750433,0.0,1860.0,5580.0,0.0,-0.0,0.0,0.0,823.4217482689058,2225.946902750433,42.8066712067391,27.806671206739097,0.0,122.80595024556396,0.0,-0.0,-0.0,-0.0
CARBON_CAP_080,0.8,TD_TRANSITION,1,125,5000.0,5490.0,15.0,0.0,0.0,-0.0,9600.504819234508,348.72400514095716,1830.0,5490.0,0.0,-0.0,0.0,0.0,823.4217482689058,2770.5048192345075,53.27893883143284,38.27893883143284,0.0,161.0848890769968,0.0,-0.0,-0.0,-0.0
CARBON_CAP_080,0.8,TD_TRANSITION,2,125,4800.0,5400.0,15.0,0.0,0.0,-0.0,9370.504819234508,1242.0059267659872,1800.0,5400.0,0.0,-0.0,0.0,0.0,823.4217482689058,2770.5048192345075,53.27893883143284,38.27893883143284,0.0,199.36382790842964,0.0,-0.0,-0.0,-0.0
CARBON_CAP_080,0.8,TD_TRANSITION,3,125,4700.0,5310.0,15.0,0.0,0.0,-0.0,9240.504819234508,1814.1938745160078,1770.0,5310.0,0.0,-0.0,0.0,0.0,823.4217482689058,2770.5048192345075,53.27893883143284,38.27893883143284,0.0,237.64276673986248,0.0,-0.0,-0.0,-0.0
CARBON_CAP_080,0.8,TD_TRANSITION,4,125,4800.0,5220.0,20.0,0.0,0.0,-0.0,9310.504819234508,2186.3818222660284,1740.0,5220.0,0.0,-0.0,0.0,0.0,823.4217482689058,2770.5048192345075,53.27893883143284,33.27893883143284,0.0,270.9217055712953,0.0,-0.0,-0.0,-0.0
CARBON_CAP_080,0.8,TD_TRANSITION,5,125,5200.0,5400.0,25.0,0.0,0.0,118.93191972577245,9770.504819234508,1284.1938745160078,1800.0,5400.0,0.0,-0.0,0.0,0.0,823.4217482689058,2770.5048192345075,53.27893883143284,28.27893883143284,0.0,299.20064440272813,0.0,-0.0,-0.0,-0.0
CARBON_CAP_080,0.8,TD_TRANSITION,6,125,6200.0,5850.0,40.0,0.0,713.5915183546347,0.0,10170.322798250474,0.0,1950.0,5850.0,0.0,-0.0,0.0,0.0,823.4217482689058,2733.914316605109,52.57527531932902,12.575275319329023,0.0,311.77591972205715,0.0,-0.0,-0.0,-0.0
CARBON_CAP_080,0.8,TD_TRANSITION,7,125,7000.0,6300.0,50.0,0.0,256.24104499958776,1527.7377508869988,8843.758955000412,0.0,2100.0,6300.0,0.0,-0.0,0.0,0.0,823.4217482689058,0.0,-0.0,0.0,50.0,261.77591972205715,0.0,-0.0,-0.0,-0.0
CARBON_CAP_080,0.8,TD_TRANSITION,8,125,7600.0,6120.0,55.0,0.0,3270.6277924587425,0.0,7959.383059500371,0.0,2040.0,6120.0,0.0,-0.0,0.0,0.0,823.4217482689058,1590.0108519591136,30.57713176844449,0.0,24.42286823155551,237.35305149050166,0.0,-0.0,-0.0,-0.0
CARBON_CAP_080,0.8,TD_TRANSITION,9,125,8100.0,5400.0,55.0,0.0,4459.946989716466,0.0,7075.00716400033,0.0,1800.0,5400.0,0.0,-0.0,0.0,0.0,823.4217482689058,1634.954153716796,31.44142603301531,0.0,23.55857396698469,213.79447752351697,0.0,-0.0,-0.0,-0.0
CARBON_CAP_080,0.8,TD_TRANSITION,10,125,8300.0,4680.0,45.0,0.0,3227.180783749691,2005.8236841842963,6632.819216250309,0.0,1560.0,4680.0,0.0,-0.0,0.0,0.0,823.4217482689058,0.0,-0.0,0.0,45.0,168.79447752351697,0.0,-0.0,-0.0,-0.0
CARBON_CAP_080,0.8,TD_TRANSITION,11,125,8200.0,4320.0,35.0,0.0,5213.397771007717,435.86841596647355,6190.6312685002895,0.0,1440.0,4320.0,0.0,-0.0,0.0,0.0,823.4217482689058,1764.029039508006,33.923635375153964,0.0,1.0763646248460361,167.71811289867094,0.0,-0.0,-0.0,-0.0
CARBON_CAP_080,0.8,TD_TRANSITION,12,125,8000.0,4140.0,30.0,0.0,5351.93638765976,0.0,6632.819216250309,0.0,1380.0,4140.0,0.0,-0.0,0.0,0.0,823.4217482689058,2604.755603910069,50.09145392134749,20.091453921347487,0.0,187.80956682001843,0.0,-0.0,-0.0,-0.0
CARBON_CAP_080,0.8,TD_TRANSITION,13,125,7900.0,4140.0,30.0,0.0,4533.309707484156,105.03516182096882,7517.195111750351,0.0,1380.0,4140.0,0.0,-0.0,0.0,0.0,823.4217482689058,2770.5048192345075,53.27893883143284,23.27893883143284,0.0,211.08850565145127,0.0,-0.0,-0.0,-0.0
CARBON_CAP_080,0.8,TD_TRANSITION,14,125,8000.0,4320.0,35.0,0.0,3449.0256720474003,0.0,8401.571007250392,0.0,1440.0,4320.0,0.0,-0.0,0.0,0.0,823.4217482689058,2410.596679297792,46.35762844803446,11.357628448034461,0.0,222.44613409948573,0.0,-0.0,-0.0,-0.0
CARBON_CAP_080,0.8,TD_TRANSITION,15,125,8300.0,4680.0,40.0,0.0,2081.3085952010174,0.0,7778.691404798983,1507.2554979514498,1560.0,4680.0,0.0,-0.0,0.0,0.0,823.4217482689058,0.0,-0.0,0.0,40.0,182.44613409948573,0.0,-0.0,-0.0,-0.0
CARBON_CAP_080,0.8,TD_TRANSITION,16,125,8600.0,5130.0,50.0,0.0,581.8651494995465,131.72636885508814,9728.134850500453,0.0,1710.0,5130.0,0.0,-0.0,0.0,0.0,823.4217482689058,0.0,-0.0,0.0,50.0,132.44613409948573,0.0,-0.0,-0.0,-0.0
CARBON_CAP_080,0.8,TD_TRANSITION,17,125,9000.0,5760.0,60.0,0.0,118.93191972577245,0.0,10391.416772125483,0.0,1920.0,5760.0,0.0,-0.0,0.0,409.6513081487441,392.20984495443844,0.0,-0.0,0.0,60.0,72.44613409948575,0.0,-0.0,-0.0,-0.0
CARBON_CAP_080,0.8,TD_TRANSITION,18,125,8800.0,6300.0,50.0,0.0,-0.0,0.0,11054.698693750515,0.0,2100.0,6300.0,0.0,-0.0,0.0,0.0,392.20984495443844,154.6986937505153,2.9749748798176023,0.0,47.0250251201824,25.421108979303344,0.0,-0.0,-0.0,-0.0
CARBON_CAP_080,0.8,TD_TRANSITION,19,125,8200.0,6480.0,35.0,0.0,0.0,-0.0,11496.886641500536,0.0,2160.0,6480.0,0.0,-0.0,0.0,0.0,392.20984495443844,1136.886641500536,21.863204644241076,0.0,13.136795355758924,12.28431362354442,0.0,-0.0,-0.0,-0.0
CARBON_CAP_080,0.8,TD_TRANSITION,20,125,7400.0,6300.0,25.0,0.0,-0.0,0.0,12160.168563125568,0.0,2100.0,6300.0,0.0,-0.0,0.0,0.0,392.20984495443844,2660.1685631255677,51.15708775241477,26.157087752414768,0.0,38.44140137595919,0.0,-0.0,-0.0,-0.0
CARBON_CAP_080,0.8,TD_TRANSITION,21,125,6500.0,6120.0,20.0,0.0,-0.0,0.0,11654.594106865348,284.48048238520823,2040.0,6120.0,0.0,-0.0,344.08928763084134,0.0,719.0946682037377,2770.5048192345075,53.27893883143284,33.27893883143284,0.0,71.72034020739203,0.0,-0.0,-0.0,-0.0
CARBON_CAP_080,0.8,TD_TRANSITION,22,125,5800.0,5850.0,15.0,0.0,0.0,-0.0,7750.0,3304.6986937505153,1950.0,5850.0,0.0,-0.0,0.0,0.0,719.0946682037377,0.0,-0.0,0.0,15.0,56.72034020739203,0.0,-0.0,-0.0,-0.0
CARBON_CAP_080,0.8,TD_TRANSITION,23,125,5400.0,5670.0,15.0,0.0,0.0,-0.0,10170.322798250474,0.0,1890.0,5670.0,0.0,-0.0,109.81797901596656,0.0,823.4217482689058,2770.5048192345075,53.27893883143284,38.27893883143284,0.0,94.99927903882487,0.0,-0.0,-0.0,-0.0
CARBON_CAP_070,0.7,TD_SUMMER,0,120,5979.999999999999,3720.0,15.0,0.0,-0.0,0.0,9276.001728848098,0.0,1240.0,3720.0,0.0,-0.0,0.0,0.0,944.8142111022337,2056.0017288480985,39.53849478554036,24.538494785540358,0.0,112.87888730836559,0.0,-0.0,-0.0,-0.0
CARBON_CAP_070,0.7,TD_SUMMER,1,120,5750.0,3660.0,15.0,0.0,0.0,-0.0,9666.43904879491,272.1342321137672,1220.0,3660.0,0.0,-0.0,0.0,0.0,944.8142111022337,2696.4390487949095,51.8545970922098,36.8545970922098,0.0,149.73348440057538,0.0,-0.0,-0.0,-0.0
CARBON_CAP_070,0.7,TD_SUMMER,2,120,5520.0,3600.0,15.0,0.0,0.0,-0.0,9416.43904879491,1184.7057841743444,1200.0,3600.0,0.0,-0.0,0.0,0.0,944.8142111022337,2696.4390487949095,51.8545970922098,36.8545970922098,0.0,186.5880814927852,0.0,-0.0,-0.0,-0.0
CARBON_CAP_070,0.7,TD_SUMMER,3,120,5405.0,3540.0,15.0,0.0,0.0,-0.0,9281.43904879491,1761.4201522147305,1180.0,3540.0,0.0,-0.0,0.0,0.0,944.8142111022337,2696.4390487949095,51.8545970922098,36.8545970922098,0.0,223.442678584995,0.0,-0.0,-0.0,-0.0
CARBON_CAP_070,0.7,TD_SUMMER,4,120,5520.0,3480.0,20.0,0.0,0.0,-0.0,9376.43904879491,2108.1345202551165,1160.0,3480.0,0.0,-0.0,0.0,0.0,944.8142111022337,2696.4390487949095,51.8545970922098,31.8545970922098,0.0,255.29727567720482,0.0,-0.0,-0.0,-0.0
CARBON_CAP_070,0.7,TD_SUMMER,5,120,5979.999999999999,3600.0,25.0,0.0,125.11630887039405,0.0,10358.412418439386,684.4467825702541,1200.0,3600.0,0.0,-0.0,607.0896785148702,0.0,1521.5494056913603,2696.4390487949095,51.8545970922098,26.8545970922098,0.0,282.15187276941464,0.0,-0.0,-0.0,-0.0
CARBON_CAP_070,0.7,TD_SUMMER,6,120,7129.999999999999,3900.0,40.0,0.0,750.6978532223642,0.0,10159.43046492887,0.0,1300.0,3900.0,0.0,-0.0,0.0,0.0,1521.5494056913603,2480.128318151234,47.6947753490622,7.694775349062198,0.0,289.8466481184768,0.0,-0.0,-0.0,-0.0
CARBON_CAP_070,0.7,TD_SUMMER,7,120,8049.999999999999,4200.0,50.0,0.0,1876.7446330559105,0.0,8834.287360807712,0.0,1400.0,4200.0,0.0,-0.0,0.0,0.0,1521.5494056913603,1261.0319938636221,24.25061526660812,0.0,25.74938473339188,264.09726338508494,0.0,-0.0,-0.0,-0.0
CARBON_CAP_070,0.7,TD_SUMMER,8,120,8740.0,4080.0,55.0,0.0,3440.6984939358363,0.0,7950.85862472694,0.0,1360.0,4080.0,0.0,-0.0,0.0,0.0,1521.5494056913603,1291.5571186627767,24.83763689736109,0.0,30.16236310263891,233.93490028244602,0.0,-0.0,-0.0,-0.0
CARBON_CAP_070,0.7,TD_SUMMER,9,120,9315.0,3600.0,55.0,0.0,4691.861582639776,0.0,7067.429888646169,0.0,1200.0,3600.0,0.0,-0.0,0.0,0.0,1521.5494056913603,1244.2914712859456,23.92868214011434,0.0,31.07131785988566,202.86358242256037,0.0,-0.0,-0.0,-0.0
CARBON_CAP_070,0.7,TD_SUMMER,10,120,9545.0,3120.0,45.0,0.0,5505.117590297338,0.0,6625.715520605784,0.0,1040.0,3120.0,0.0,-0.0,0.0,0.0,1521.5494056913603,1545.8331109031224,29.727559825060048,0.0,15.272440174939952,187.5911422476204,0.0,-0.0,-0.0,-0.0
CARBON_CAP_070,0.7,TD_SUMMER,11,120,9430.0,2880.0,35.0,0.0,5943.024671343716,0.0,6184.001152565399,0.0,960.0,2880.0,0.0,-0.0,0.0,0.0,1521.5494056913603,1737.0258239091154,33.40434276748299,0.0,1.5956572325170129,185.99548501510338,0.0,-0.0,-0.0,-0.0
CARBON_CAP_070,0.7,TD_SUMMER,12,120,9200.0,2760.0,30.0,0.0,5630.233899167732,0.0,6625.715520605784,0.0,920.0,2760.0,0.0,-0.0,0.0,0.0,1521.5494056913603,2135.9494197735157,41.07595038025992,11.075950380259918,0.0,197.0714353953633,0.0,-0.0,-0.0,-0.0
CARBON_CAP_070,0.7,TD_SUMMER,13,120,9085.0,2760.0,30.0,0.0,4879.536045945368,0.0,7509.144256686555,0.0,920.0,2760.0,0.0,-0.0,0.0,0.0,1521.5494056913603,2383.680302631923,45.84000581984468,15.840005819844677,0.0,212.91144121520796,0.0,-0.0,-0.0,-0.0
CARBON_CAP_070,0.7,TD_SUMMER,14,120,9200.0,2880.0,35.0,0.0,3628.372957241427,0.0,8392.572992767326,0.0,960.0,2880.0,0.0,-0.0,0.0,0.0,1521.5494056913603,1860.9459500087523,35.78742211555293,0.7874221155529284,0.0,213.6988633307609,0.0,-0.0,-0.0,-0.0
CARBON_CAP_070,0.7,TD_SUMMER,15,120,9545.0,3120.0,40.0,0.0,2189.5354052318958,0.0,9276.001728848098,0.0,1040.0,3120.0,0.0,-0.0,387.4515963295863,0.0,1889.6284222044674,493.08553775040707,9.482414187507828,0.0,30.51758581249217,183.18127751826873,0.0,-0.0,-0.0,-0.0
CARBON_CAP_070,0.7,TD_SUMMER,16,120,9890.0,3420.0,50.0,0.0,750.6978532223642,0.0,9717.716096888484,0.0,1140.0,3420.0,0.0,-0.0,0.0,561.5860498891525,1298.485211794833,0.0,-0.0,0.0,50.0,133.18127751826873,0.0,-0.0,-0.0,-0.0
CARBON_CAP_070,0.7,TD_SUMMER,17,120,10350.0,3840.0,60.0,368.17588996581435,125.11630887039405,0.0,10380.28764894906,0.0,1280.0,3840.0,0.0,-0.0,0.0,756.4201522147305,502.2534726214316,0.0,-0.0,0.0,60.0,73.18127751826873,0.0,-0.0,-0.0,238.54115910885113
CARBON_CAP_070,0.7,TD_SUMMER,18,120,10120.0,4200.0,50.0,0.0,-0.0,0.0,11042.85920100964,0.0,1400.0,4200.0,0.0,-0.0,0.0,477.14079899036005,0.0,0.0,-0.0,0.0,50.0,23.18127751826873,0.0,-0.0,-0.0,-0.0
CARBON_CAP_070,0.7,TD_SUMMER,19,120,9430.0,4320.0,35.0,0.0,0.0,-0.0,11484.573569050026,0.0,1440.0,4320.0,0.0,-0.0,0.0,0.0,-0.0,614.573569050026,11.81872248173127,0.0,23.18127751826873,0.0,0.0,-0.0,-0.0,-0.0
CARBON_CAP_070,0.7,TD_SUMMER,20,120,8510.0,4200.0,25.0,0.0,0.0,-0.0,12147.145121110605,0.0,1400.0,4200.0,0.0,-0.0,-0.0,0.0,0.0,2237.145121110605,43.02202155981933,18.02202155981933,0.0,18.02202155981933,0.0,-0.0,-0.0,-0.0
CARBON_CAP_070,0.7,TD_SUMMER,21,120,7474.999999999999,4080.0,20.0,0.0,0.0,-0.0,11926.287937090412,0.0,1360.0,4080.0,0.0,-0.0,756.4201522147305,0.0,718.599144603994,2334.8677848756815,44.901303555301574,24.901303555301574,0.0,42.9233251151209,0.0,-0.0,-0.0,-0.0
CARBON_CAP_070,0.7,TD_SUMMER,22,120,6669.999999999999,3900.0,15.0,0.0,0.0,-0.0,9440.378162901481,1602.4810381081588,1300.0,3900.0,0.0,-0.0,238.12112262972602,0.0,944.8142111022337,1232.2570402717542,23.697250774456812,8.697250774456812,0.0,51.620575889577715,0.0,-0.0,-0.0,-0.0
CARBON_CAP_070,0.7,TD_SUMMER,23,120,6209.999999999999,3780.0,15.0,0.0,0.0,-0.0,10159.43046492887,0.0,1260.0,3780.0,0.0,-0.0,0.0,0.0,944.8142111022337,2689.4304649288706,51.71981663324751,36.71981663324751,0.0,88.34039252282523,0.0,-0.0,-0.0,-0.0
CARBON_CAP_070,0.7,TD_WINTER,0,120,5460.0,8370.0,15.0,1525.7295872859254,-0.0,0.0,9276.001728848098,0.0,2790.0,8370.0,0.0,-0.0,0.0,144.70773266088645,792.4902819855082,2696.4390487949095,51.8545970922098,36.8545970922098,0.0,125.19498961503503,0.0,-0.0,0.0,988.5201996025511
CARBON_CAP_070,0.7,TD_WINTER,1,120,5250.0,8235.0,15.0,0.0,-0.0,0.0,9938.573280908677,0.0,2745.0,8235.0,0.0,-0.0,0.0,752.8657678862328,0.0,2696.4390487949095,51.8545970922098,36.8545970922098,0.0,162.04958670724483,0.0,-0.0,0.0,-0.0
CARBON_CAP_070,0.7,TD_WINTER,2,120,5040.0,8100.000000000001,15.0,0.0,-0.0,0.0,10601.144832969254,0.0,2700.0000000000005,8100.000000000001,0.0,-0.0,164.70578417434444,0.0,156.4704949656272,2696.4390487949095,51.8545970922098,36.8545970922098,0.0,198.90418379945464,0.0,-0.0,0.0,-0.0
CARBON_CAP_070,0.7,TD_WINTER,3,120,4935.0,7965.000000000001,15.0,0.0,-0.0,0.0,11042.85920100964,0.0,2655.0000000000005,7965.000000000001,0.0,-0.0,756.4201522147305,0.0,875.0696395696211,2696.4390487949095,51.8545970922098,36.8545970922098,0.0,235.75878089166446,0.0,-0.0,0.0,-0.0
CARBON_CAP_070,0.7,TD_WINTER,4,120,5040.0,7830.000000000001,20.0,0.0,0.0,-0.0,11102.85920100964,381.71436804038603,2610.0000000000005,7830.000000000001,0.0,-0.0,756.4201522147305,0.0,1593.6687841736152,2696.4390487949095,51.8545970922098,31.8545970922098,0.0,267.6133779838743,0.0,-0.0,0.0,-0.0
CARBON_CAP_070,0.7,TD_WINTER,5,120,5460.0,8100.000000000001,25.0,0.0,125.11630887039405,0.0,11042.85920100964,0.0,2700.0000000000005,8100.000000000001,0.0,-0.0,311.53646108512476,0.0,1889.6284222044674,2696.4390487949095,51.8545970922098,26.8545970922098,0.0,294.4679750760841,0.0,-0.0,0.0,-0.0
CARBON_CAP_070,0.7,TD_WINTER,6,120,6510.0,8775.0,40.0,0.0,750.6978532223642,0.0,10159.43046492887,0.0,2925.0,8775.0,0.0,-0.0,0.0,604.8716818487665,1252.92138867945,2080.0,40.0,0.0,-0.0,294.4679750760841,0.0,-0.0,0.0,-0.0
CARBON_CAP_070,0.7,TD_WINTER,7,120,7350.0,9450.0,50.0,0.0,1876.7446330559105,0.0,8834.287360807712,0.0,3150.0,9450.0,0.0,-0.0,0.0,756.4201522147305,456.68964950604914,967.4521460783526,18.604848963045242,0.0,31.395151036954758,263.07282403912933,0.0,-0.0,0.0,-0.0
CARBON_CAP_070,0.7,TD_WINTER,8,120,7980.0,9180.0,55.0,0.0,3440.6984939358363,0.0,7950.85862472694,0.0,3060.0,9180.0,0.0,-0.0,0.0,0.0,456.68964950604914,351.5571186627767,6.7607138204380135,0.0,48.23928617956199,214.83353785956734,0.0,-0.0,0.0,-0.0
CARBON_CAP_070,0.7,TD_WINTER,9,120,8505.0,8100.000000000001,55.0,0.0,4691.861582639776,0.0,7067.429888646169,0.0,2700.0000000000005,8100.000000000001,0.0,-0.0,0.0,433.8551670307467,0.0,988.1466383166924,19.002819967628696,0.0,35.997180032371304,178.83635782719603,0.0,-0.0,0.0,-0.0
CARBON_CAP_070,0.7,TD_WINTER,10,120,8715.0,7020.000000000001,45.0,0.0,5505.117590297338,0.0,6625.715520605784,0.0,2340.0000000000005,7020.000000000001,0.0,-0.0,0.0,-0.0,0.0,1075.8331109031224,20.689098286598508,0.0,24.310901713401492,154.52545611379452,0.0,-0.0,0.0,-0.0
CARBON_CAP_070,0.7,TD_WINTER,11,120,8610.0,6480.0,35.0,1815.6554701452462,5943.024671343716,0.0,6184.001152565399,0.0,2160.0,6480.0,0.0,-0.0,476.24224525945203,0.0,452.4301329964794,2696.4390487949095,51.8545970922098,16.8545970922098,0.0,171.38005320600433,0.0,-0.0,0.0,1176.363179107105
CARBON_CAP_070,0.7,TD_WINTER,12,120,8400.0,6210.0,30.0,910.4896290213937,5630.233899167732,0.0,6625.715520605784,0.0,2070.0,6210.0,0.0,-0.0,0.0,0.0,452.4301329964794,2696.4390487949095,51.8545970922098,21.8545970922098,0.0,193.23465029821415,0.0,-0.0,0.0,589.9062306429611
CARBON_CAP_070,0.7,TD_WINTER,13,120,8295.0,6210.0,30.0,672.7587461629864,4879.536045945368,0.0,7509.144256686555,0.0,2070.0,6210.0,0.0,-0.0,0.0,0.0,452.4301329964794,2696.4390487949095,51.8545970922098,21.8545970922098,0.0,215.08924739042396,0.0,-0.0,0.0,435.8803916389989
CARBON_CAP_070,0.7,TD_WINTER,14,120,8400.0,6480.0,35.0,1991.9132510008876,3628.372957241427,0.0,8392.572992767326,0.0,2160.0,6480.0,0.0,-0.0,756.4201522147305,0.0,1171.0292776004735,2696.4390487949095,51.8545970922098,16.8545970922098,0.0,231.94384448263378,0.0,-0.0,0.0,1290.5605953234751
CARBON_CAP_070,0.7,TD_WINTER,15,120,8715.0,7020.000000000001,40.0,3042.322066929646,2189.5354052318958,0.0,9276.001728848098,0.0,2340.0000000000005,7020.000000000001,0.0,-0.0,756.4201522147305,0.0,1889.6284222044674,2696.4390487949095,51.8545970922098,11.8545970922098,0.0,243.7984415748436,0.0,-0.0,0.0,1971.1204671637179
CARBON_CAP_070,0.7,TD_WINTER,16,120,9030.0,7695.000000000001,50.0,1119.7057841743401,750.6978532223642,0.0,9717.716096888484,0.0,2565.0000000000005,7695.000000000001,0.0,-0.0,0.0,6.880265714812367,1882.386037241507,0.0,-0.0,0.0,50.0,193.7984415748436,0.0,-0.0,0.0,725.457377566555
CARBON_CAP_070,0.7,TD_WINTER,17,120,9450.0,8640.0,60.0,1068.1758899658143,125.11630887039405,0.0,10380.28764894906,0.0,2880.0,8640.0,0.0,-0.0,0.0,756.4201522147305,1086.1542980681065,0.0,-0.0,0.0,60.0,133.7984415748436,0.0,-0.0,0.0,692.0711591088511
CARBON_CAP_070,0.7,TD_WINTER,18,120,9240.0,9450.0,50.0,590.7206467756296,-0.0,0.0,11042.85920100964,0.0,3150.0,9450.0,0.0,-0.0,0.0,756.4201522147305,289.9225588947095,0.0,-0.0,0.0,50.0,83.7984415748436,0.0,-0.0,0.0,382.7279070459304
CARBON_CAP_070,0.7,TD_WINTER,19,120,8610.0,9720.0,35.0,0.0,-0.0,0.0,11484.573569050026,0.0,3150.0,9450.0,270.0,29.946761313220936,0.0,275.426430949974,0.0,0.0,-0.0,0.0,35.0,48.798441574843594,0.0,-0.0,0.0,64.68500443655722
CARBON_CAP_070,0.7,TD_WINTER,20,120,7770.0,9450.0,25.0,0.0,-0.0,0.0,12147.145121110605,0.0,3150.0,9450.0,0.0,-0.0,-0.0,0.0,0.0,1227.145121110605,23.598944636742406,0.0,1.4010553632575942,47.397386211585996,0.0,-0.0,0.0,-0.0
CARBON_CAP_070,0.7,TD_WINTER,21,120,6825.0,9180.0,20.0,0.0,-0.0,0.0,11926.287937090412,0.0,3060.0,9180.0,0.0,-0.0,238.12112262972602,0.0,226.2150664982397,1803.166814460686,34.67628489347474,14.676284893474737,0.0,62.07367110506073,0.0,-0.0,0.0,-0.0
CARBON_CAP_070,0.7,TD_WINTER,22,120,6090.0,8775.0,15.0,0.0,-0.0,0.0,11042.85920100964,0.0,2925.0,8775.0,0.0,-0.0,0.0,0.0,226.2150664982397,2027.85920100964,38.99729232710846,23.99729232710846,0.0,86.0709634321692,0.0,-0.0,0.0,-0.0
CARBON_CAP_070,0.7,TD_WINTER,23,120,5670.0,8505.0,15.0,0.0,-0.0,0.0,10159.43046492887,0.0,2835.0,8505.0,0.0,-0.0,756.4201522147305,0.0,944.8142111022337,898.0103127141392,17.269429090656523,2.269429090656523,0.0,88.34039252282523,0.0,-0.0,0.0,-0.0
CARBON_CAP_070,0.7,TD_TRANSITION,0,125,5200.0,5580.0,15.0,0.0,-0.0,0.0,9276.001728848098,0.0,1860.0,5580.0,0.0,-0.0,0.0,0.0,944.8142111022337,2216.0017288480976,42.61541786246342,27.615417862463417,0.0,115.95581038528864,0.0,-0.0,-0.0,-0.0
CARBON_CAP_070,0.7,TD_TRANSITION,1,125,5000.0,5490.0,15.0,0.0,0.0,-0.0,9526.43904879491,412.1342321137672,1830.0,5490.0,0.0,-0.0,0.0,0.0,944.8142111022337,2696.4390487949095,51.8545970922098,36.8545970922098,0.0,152.81040747749844,0.0,-0.0,-0.0,-0.0
CARBON_CAP_070,0.7,TD_TRANSITION,2,125,4800.0,5400.0,15.0,0.0,0.0,-0.0,9296.43904879491,1304.7057841743444,1800.0,5400.0,0.0,-0.0,0.0,0.0,944.8142111022337,2696.4390487949095,51.8545970922098,36.8545970922098,0.0,189.66500456970823,0.0,-0.0,-0.0,-0.0
CARBON_CAP_070,0.7,TD_TRANSITION,3,125,4700.0,5310.0,15.0,0.0,0.0,-0.0,9030.437319946814,2012.4218810628263,1770.0,5310.0,0.0,-0.0,0.0,0.0,944.8142111022337,2560.437319946813,49.23917922974641,34.23917922974641,0.0,223.90418379945464,0.0,-0.0,-0.0,-0.0
CARBON_CAP_070,0.7,TD_TRANSITION,4,125,4800.0,5220.0,20.0,0.0,0.0,-0.0,9236.43904879491,2248.1345202551165,1740.0,5220.0,0.0,-0.0,0.0,0.0,944.8142111022337,2696.4390487949095,51.8545970922098,31.8545970922098,0.0,255.75878089166446,0.0,-0.0,-0.0,-0.0
CARBON_CAP_070,0.7,TD_TRANSITION,5,125,5200.0,5400.0,25.0,0.0,0.0,125.11630887039405,9696.43904879491,1346.4201522147305,1800.0,5400.0,0.0,-0.0,0.0,0.0,944.8142111022337,2696.4390487949095,51.8545970922098,26.8545970922098,0.0,282.6133779838743,0.0,-0.0,-0.0,-0.0
CARBON_CAP_070,0.7,TD_TRANSITION,6,125,6200.0,5850.0,40.0,0.0,750.6978532223642,0.0,10095.741195572546,63.689269356324075,1950.0,5850.0,0.0,-0.0,0.0,0.0,944.8142111022337,2696.4390487949095,51.8545970922098,11.8545970922098,0.0,294.4679750760841,0.0,-0.0,-0.0,-0.0
CARBON_CAP_070,0.7,TD_TRANSITION,7,125,7000.0,6300.0,50.0,0.0,265.7126391922884,1611.0319938636221,8834.287360807712,0.0,2100.0,6300.0,0.0,-0.0,0.0,0.0,944.8142111022337,0.0,-0.0,0.0,50.0,244.4679750760841,0.0,-0.0,-0.0,-0.0
CARBON_CAP_070,0.7,TD_TRANSITION,8,125,7600.0,6120.0,55.0,0.0,3440.6984939358363,0.0,7950.85862472694,0.0,2040.0,6120.0,0.0,-0.0,0.0,0.0,944.8142111022337,1751.5571186627767,33.68379074351494,0.0,21.31620925648506,223.15176581959904,0.0,-0.0,-0.0,-0.0
CARBON_CAP_070,0.7,TD_TRANSITION,9,125,8100.0,5400.0,55.0,0.0,4691.861582639776,0.0,7067.429888646169,0.0,1800.0,5400.0,0.0,-0.0,0.0,0.0,944.8142111022337,1859.2914712859456,35.75560521703742,0.0,19.24439478296258,203.90737103663645,0.0,-0.0,-0.0,-0.0
CARBON_CAP_070,0.7,TD_TRANSITION,10,125,8300.0,4680.0,45.0,0.0,3234.284479394216,2270.8331109031224,6625.715520605784,0.0,1560.0,4680.0,0.0,-0.0,0.0,0.0,944.8142111022337,0.0,-0.0,0.0,45.0,158.90737103663645,0.0,-0.0,-0.0,-0.0
CARBON_CAP_070,0.7,TD_TRANSITION,11,125,8200.0,4320.0,35.0,0.0,5385.235928357755,557.7887429859611,6184.001152565399,0.0,1440.0,4320.0,0.0,-0.0,0.0,0.0,944.8142111022337,1929.2370809231547,37.10071309467605,2.1007130946760526,0.0,161.0080841313125,0.0,-0.0,-0.0,-0.0
CARBON_CAP_070,0.7,TD_TRANSITION,12,125,8000.0,4140.0,30.0,0.0,5630.233899167732,0.0,6446.205149627178,179.51037097860626,1380.0,4140.0,0.0,-0.0,0.0,0.0,944.8142111022337,2696.4390487949095,51.8545970922098,21.8545970922098,0.0,182.86268122352232,0.0,-0.0,-0.0,-0.0
CARBON_CAP_070,0.7,TD_TRANSITION,13,125,7900.0,4140.0,30.0,0.0,4467.294792108354,412.2412538370136,7509.144256686555,0.0,1380.0,4140.0,0.0,-0.0,0.0,0.0,944.8142111022337,2696.4390487949095,51.8545970922098,21.8545970922098,0.0,204.7172783157321,0.0,-0.0,-0.0,-0.0
CARBON_CAP_070,0.7,TD_TRANSITION,14,125,8000.0,4320.0,35.0,0.0,3628.372957241427,0.0,8392.572992767326,0.0,1440.0,4320.0,0.0,-0.0,0.0,0.0,944.8142111022337,2580.9459500087523,49.633575961706775,14.633575961706775,0.0,219.35085427743888,0.0,-0.0,-0.0,-0.0
CARBON_CAP_070,0.7,TD_TRANSITION,15,125,8300.0,4680.0,40.0,0.0,2189.5354052318958,0.0,7670.464594768104,1605.5371340799938,1560.0,4680.0,0.0,-0.0,0.0,0.0,944.8142111022337,0.0,-0.0,0.0,40.0,179.35085427743888,0.0,-0.0,-0.0,-0.0
CARBON_CAP_070,0.7,TD_TRANSITION,16,125,8600.0,5130.0,50.0,0.0,592.2839031115163,158.41395011084785,9717.716096888484,0.0,1710.0,5130.0,0.0,-0.0,0.0,0.0,944.8142111022337,0.0,-0.0,0.0,50.0,129.35085427743888,0.0,-0.0,-0.0,-0.0
CARBON_CAP_070,0.7,TD_TRANSITION,17,125,9000.0,5760.0,60.0,0.0,125.11630887039405,0.0,10380.28764894906,0.0,1920.0,5760.0,0.0,-0.0,0.0,414.59604218054506,508.3973245963968,0.0,-0.0,0.0,60.0,69.35085427743887,0.0,-0.0,-0.0,-0.0
CARBON_CAP_070,0.7,TD_TRANSITION,18,125,8800.0,6300.0,50.0,0.0,-0.0,0.0,11042.85920100964,0.0,2100.0,6300.0,0.0,-0.0,0.0,0.0,508.3973245963968,142.85920100963995,2.7472923271084606,0.0,47.25270767289154,22.09814660454733,0.0,-0.0,-0.0,-0.0
CARBON_CAP_070,0.7,TD_TRANSITION,19,125,8200.0,6480.0,35.0,0.0,-0.0,0.0,11484.573569050026,0.0,2160.0,6480.0,0.0,-0.0,0.0,0.0,508.3973245963968,1124.573569050026,21.626414789423578,0.0,13.373585210576422,8.724561393970909,0.0,-0.0,-0.0,-0.0
CARBON_CAP_070,0.7,TD_TRANSITION,20,125,7400.0,6300.0,25.0,0.0,-0.0,0.0,12147.145121110605,0.0,2100.0,6300.0,0.0,-0.0,0.0,0.0,508.3973245963968,2647.145121110605,50.906636944434716,25.906636944434716,0.0,34.631198338405625,0.0,-0.0,-0.0,-0.0
CARBON_CAP_070,0.7,TD_TRANSITION,21,125,6500.0,6120.0,20.0,0.0,0.0,-0.0,11522.833828982883,403.45410810752946,2040.0,6120.0,0.0,-0.0,286.3947801879733,0.0,780.4723657749714,2696.4390487949095,51.8545970922098,31.8545970922098,0.0,66.48579543061543,0.0,-0.0,-0.0,-0.0
CARBON_CAP_070,0.7,TD_TRANSITION,22,125,5800.0,5850.0,15.0,0.0,0.0,-0.0,7750.0,3292.85920100964,1950.0,5850.0,0.0,-0.0,0.0,0.0,780.4723657749714,0.0,-0.0,0.0,15.0,51.485795430615426,0.0,-0.0,-0.0,-0.0
CARBON_CAP_070,0.7,TD_TRANSITION,23,125,5400.0,5670.0,15.0,0.0,0.0,-0.0,10159.43046492887,0.0,1890.0,5670.0,0.0,-0.0,172.99141613396023,0.0,944.8142111022337,2696.4390487949095,51.8545970922098,36.8545970922098,0.0,88.34039252282523,0.0,-0.0,-0.0,-0.0
CARBON_CAP_060,0.6,TD_SUMMER,0,120,5979.999999999999,3720.0,15.0,0.0,0.0,-0.0,9223.35661958858,0.0,1240.0,3720.0,0.0,-0.0,0.0,0.0,983.4783002252643,2003.3566195885805,38.52608883824193,23.526088838241932,0.0,107.91873963136379,0.0,-0.0,-0.0,-0.0
CARBON_CAP_060,0.6,TD_SUMMER,1,120,5750.0,3660.0,15.0,0.0,0.0,-0.0,9586.60693826091,295.56086844114,1220.0,3660.0,0.0,-0.0,0.0,0.0,983.4783002252643,2616.6069382609085,50.319364197325164,35.319364197325164,0.0,143.23810382868896,0.0,-0.0,-0.0,-0.0
CARBON_CAP_060,0.6,TD_SUMMER,2,120,5520.0,3600.0,15.0,0.0,0.0,-0.0,9336.60693826091,1204.3720555546097,1200.0,3600.0,0.0,-0.0,0.0,0.0,983.4783002252643,2616.6069382609085,50.319364197325164,35.319364197325164,0.0,178.55746802601413,0.0,-0.0,-0.0,-0.0
CARBON_CAP_060,0.6,TD_SUMMER,3,120,5405.0,3540.0,15.0,0.0,0.0,-0.0,9201.60693826091,1778.5795136302568,1180.0,3540.0,0.0,-0.0,0.0,0.0,983.4783002252643,2616.6069382609085,50.319364197325164,35.319364197325164,0.0,213.8768322233393,0.0,-0.0,-0.0,-0.0
CARBON_CAP_060,0.6,TD_SUMMER,4,120,5520.0,3480.0,20.0,0.0,0.0,-0.0,9296.60693826091,2122.786971705904,1160.0,3480.0,0.0,-0.0,0.0,0.0,983.4783002252643,2616.6069382609085,50.319364197325164,30.319364197325164,0.0,244.19619642066448,0.0,-0.0,-0.0,-0.0
CARBON_CAP_060,0.6,TD_SUMMER,5,120,5979.999999999999,3600.0,25.0,0.0,135.37003560781025,0.0,9661.236902653098,1318.9495492380684,1200.0,3600.0,0.0,-0.0,0.0,0.0,983.4783002252643,2616.6069382609085,50.319364197325164,25.319364197325164,0.0,269.51556061798965,0.0,-0.0,-0.0,-0.0
CARBON_CAP_060,0.6,TD_SUMMER,6,120,7129.999999999999,3900.0,40.0,0.0,812.2202136468615,0.0,10101.771535739874,0.0,1300.0,3900.0,0.0,-0.0,0.0,0.0,983.4783002252643,2483.991749386735,47.769072103591064,7.769072103591064,0.0,277.2846327215807,0.0,-0.0,-0.0,-0.0
CARBON_CAP_060,0.6,TD_SUMMER,7,120,8049.999999999999,4200.0,50.0,0.0,2030.5505341171536,0.0,8784.149161512933,0.0,1400.0,4200.0,0.0,-0.0,0.0,0.0,983.4783002252643,1364.6996956300861,26.244224915963198,0.0,23.755775084036802,253.5288576375439,0.0,-0.0,-0.0,-0.0
CARBON_CAP_060,0.6,TD_SUMMER,8,120,8740.0,4080.0,55.0,0.0,3722.675979214782,0.0,7905.734245361639,0.0,1360.0,4080.0,0.0,-0.0,0.0,0.0,983.4783002252643,1528.4102245764211,29.39250431877733,0.0,25.60749568122267,227.92136195632122,0.0,-0.0,-0.0,-0.0
CARBON_CAP_060,0.6,TD_SUMMER,9,120,9315.0,3600.0,55.0,0.0,5076.376335292884,0.0,7027.319329210346,0.0,1200.0,3600.0,0.0,-0.0,0.0,0.0,983.4783002252643,1588.6956645032296,30.551839701985188,0.0,24.448160298014812,203.4732016583064,0.0,-0.0,-0.0,-0.0
CARBON_CAP_060,0.6,TD_SUMMER,10,120,9545.0,3120.0,45.0,0.0,4614.420315997312,1341.8612507463386,6588.1118711347,0.0,1040.0,3120.0,0.0,-0.0,0.0,0.0,983.4783002252643,617.5321871320124,11.87561898330793,0.0,33.12438101669207,170.34882064161434,0.0,-0.0,-0.0,-0.0
CARBON_CAP_060,0.6,TD_SUMMER,11,120,9430.0,2880.0,35.0,0.0,6430.076691370986,0.0,6148.904413059054,0.0,960.0,2880.0,0.0,-0.0,0.0,0.0,983.4783002252643,2188.9811044300395,42.095790469808456,7.095790469808456,0.0,177.4446111114228,0.0,-0.0,-0.0,-0.0
CARBON_CAP_060,0.6,TD_SUMMER,12,120,9200.0,2760.0,30.0,0.0,6091.651602351461,0.0,6588.1118711347,0.0,920.0,2760.0,0.0,-0.0,0.0,0.0,983.4783002252643,2559.7634734861613,49.226220643964645,19.226220643964645,0.0,196.67083175538744,0.0,-0.0,-0.0,-0.0
CARBON_CAP_060,0.6,TD_SUMMER,13,120,9085.0,2760.0,30.0,0.0,5279.431388704599,0.0,7466.526787285993,0.0,920.0,2760.0,0.0,-0.0,124.35123772968382,0.0,1101.611976068464,2616.6069382609085,50.319364197325164,20.319364197325164,0.0,216.9901959527126,0.0,-0.0,-0.0,-0.0
CARBON_CAP_060,0.6,TD_SUMMER,14,120,9200.0,2880.0,35.0,0.0,3925.731032626497,0.0,8344.941703437285,0.0,960.0,2880.0,0.0,-0.0,137.30956466665344,0.0,1232.0560625017847,1973.363171397129,37.9492917576371,2.9492917576370985,0.0,219.9394877103497,0.0,-0.0,-0.0,-0.0
CARBON_CAP_060,0.6,TD_SUMMER,15,120,9545.0,3120.0,40.0,0.0,2368.975623136679,0.0,9223.35661958858,0.0,1040.0,3120.0,0.0,-0.0,773.5795136302568,0.0,1966.9566004505286,233.752729095002,4.4952447902885,0.0,35.5047552097115,184.4347325006382,0.0,-0.0,-0.0,-0.0
CARBON_CAP_060,0.6,TD_SUMMER,16,120,9890.0,3420.0,50.0,0.0,812.2202136468615,0.0,9662.564077664227,0.0,1140.0,3420.0,0.0,-0.0,0.0,555.215708688911,1382.5190123569382,0.0,-0.0,0.0,50.0,134.4347325006382,0.0,-0.0,-0.0,-0.0
CARBON_CAP_060,0.6,TD_SUMMER,17,120,10350.0,3840.0,60.0,399.67518598423703,135.37003560781025,0.0,10321.375264777696,0.0,1280.0,3840.0,0.0,-0.0,0.0,773.5795136302568,568.224787482983,0.0,-0.0,0.0,60.0,74.4347325006382,0.0,-0.0,-0.0,258.9495529991872
CARBON_CAP_060,0.6,TD_SUMMER,18,120,10120.0,4200.0,50.0,0.0,-0.0,0.0,10980.186451891166,0.0,1400.0,4200.0,0.0,-0.0,0.0,539.8135481088339,0.0,0.0,-0.0,0.0,50.0,24.434732500638205,0.0,-0.0,-0.0,-0.0
CARBON_CAP_060,0.6,TD_SUMMER,19,120,9430.0,4320.0,35.0,0.0,0.0,-0.0,11419.393909966813,0.0,1440.0,4320.0,0.0,-0.0,0.0,0.0,-0.0,549.3939099668132,10.565267499361793,0.0,24.434732500638205,0.0,0.0,-0.0,-0.0,-0.0
CARBON_CAP_060,0.6,TD_SUMMER,20,120,8510.0,4200.0,25.0,0.0,0.0,-0.0,12078.205097080283,0.0,1400.0,4200.0,0.0,-0.0,-0.0,0.0,0.0,2168.205097080283,41.69625186692852,16.69625186692852,0.0,16.69625186692852,0.0,-0.0,-0.0,-0.0
CARBON_CAP_060,0.6,TD_SUMMER,21,120,7474.999999999999,4080.0,20.0,0.0,0.0,-0.0,11858.60136804246,0.0,1360.0,4080.0,0.0,-0.0,773.5795136302568,0.0,734.9005379487439,2250.0218544122035,43.26965104638853,23.26965104638853,0.0,39.96590291331705,0.0,-0.0,-0.0,-0.0
CARBON_CAP_060,0.6,TD_SUMMER,22,120,6669.999999999999,3900.0,15.0,0.0,0.0,-0.0,9470.080156406311,1510.1062954848549,1300.0,3900.0,0.0,-0.0,246.49620491737096,0.0,969.0719326202463,1253.5839514889415,24.107383682479643,9.107383682479643,0.0,49.073286595796695,0.0,-0.0,-0.0,-0.0
CARBON_CAP_060,0.6,TD_SUMMER,23,120,6209.999999999999,3780.0,15.0,0.0,0.0,-0.0,10101.771535739874,0.0,1260.0,3780.0,0.0,-0.0,15.164597478966243,0.0,983.4783002252643,2616.6069382609085,50.319364197325164,35.319364197325164,0.0,84.39265079312186,0.0,-0.0,-0.0,-0.0
CARBON_CAP_060,0.6,TD_WINTER,0,120,5460.0,8370.0,15.0,1438.385065017187,-0.0,0.0,9223.35661958858,0.0,2790.0,8370.0,0.0,-0.0,0.0,204.86525365514285,767.8306647988,2616.6069382609085,50.319364197325164,35.319364197325164,0.0,119.71201499044702,0.0,-0.0,0.0,931.9296836246355
CARBON_CAP_060,0.6,TD_WINTER,1,120,5250.0,8235.0,15.0,0.0,-0.0,0.0,9882.16780670205,0.0,2745.0,8235.0,0.0,-0.0,0.0,729.43913155886,0.0,2616.6069382609085,50.319364197325164,35.319364197325164,0.0,155.0313791877722,0.0,-0.0,0.0,-0.0
CARBON_CAP_060,0.6,TD_WINTER,2,120,5040.0,8100.000000000001,15.0,0.0,-0.0,0.0,10540.978993815519,0.0,2700.0000000000005,8100.000000000001,0.0,-0.0,184.3720555546097,0.0,175.1534527768792,2616.6069382609085,50.319364197325164,35.319364197325164,0.0,190.35074338509736,0.0,-0.0,0.0,-0.0
CARBON_CAP_060,0.6,TD_WINTER,3,120,4935.0,7965.000000000001,15.0,0.0,-0.0,0.0,10980.186451891166,0.0,2655.0000000000005,7965.000000000001,0.0,-0.0,773.5795136302568,0.0,910.0539907256232,2616.6069382609085,50.319364197325164,35.319364197325164,0.0,225.67010758242253,0.0,-0.0,0.0,-0.0
CARBON_CAP_060,0.6,TD_WINTER,4,120,5040.0,7830.000000000001,20.0,0.0,0.0,-0.0,11040.186451891164,379.2074580756489,2610.0000000000005,7830.000000000001,0.0,-0.0,773.5795136302568,0.0,1644.954528674367,2616.6069382609085,50.319364197325164,30.319364197325164,0.0,255.9894717797477,0.0,-0.0,0.0,-0.0
CARBON_CAP_060,0.6,TD_WINTER,5,120,5460.0,8100.000000000001,25.0,0.0,135.37003560781025,0.0,10980.186451891166,0.0,2700.0000000000005,8100.000000000001,0.0,-0.0,338.94954923806836,0.0,1966.9566004505286,2616.6069382609085,50.319364197325164,25.319364197325164,0.0,281.3088359770729,0.0,-0.0,0.0,-0.0
CARBON_CAP_060,0.6,TD_WINTER,6,120,6510.0,8775.0,40.0,0.0,812.2202136468615,0.0,10101.771535739874,0.0,2925.0,8775.0,0.0,-0.0,0.0,601.008250613264,1334.316336647093,2080.0,40.0,0.0,-0.0,281.3088359770729,0.0,-0.0,0.0,-0.0
CARBON_CAP_060,0.6,TD_WINTER,7,120,7350.0,9450.0,50.0,0.0,2030.5505341171536,0.0,8784.149161512933,0.0,3150.0,9450.0,0.0,-0.0,0.0,773.5795136302568,520.0221117731363,1088.2792092603431,20.928446331929678,0.0,29.071553668070322,252.23728230900255,0.0,-0.0,0.0,-0.0
CARBON_CAP_060,0.6,TD_WINTER,8,120,7980.0,9180.0,55.0,0.0,3722.675979214782,0.0,7905.734245361639,0.0,3060.0,9180.0,0.0,-0.0,0.0,0.0,520.0221117731363,588.4102245764216,11.315581241854261,0.0,43.68441875814574,208.5528635508568,0.0,-0.0,0.0,-0.0
CARBON_CAP_060,0.6,TD_WINTER,9,120,8505.0,8100.000000000001,55.0,0.0,5076.376335292884,0.0,7027.319329210346,0.0,2700.0000000000005,8100.000000000001,0.0,-0.0,0.0,494.0210061844795,0.0,1392.7166706877092,26.783012897840564,0.0,28.216987102159436,180.33587644869738,0.0,-0.0,0.0,-0.0
CARBON_CAP_060,0.6,TD_WINTER,10,120,8715.0,7020.000000000001,45.0,0.0,5956.281566743651,0.0,6588.1118711347,0.0,2340.0000000000005,7020.000000000001,0.0,-0.0,0.0,-0.0,0.0,1489.3934378783506,28.64218149766059,0.0,16.35781850233941,163.97805794635798,0.0,-0.0,0.0,-0.0
CARBON_CAP_060,0.6,TD_WINTER,11,120,8610.0,6480.0,35.0,1330.9474386235436,6430.076691370986,0.0,6148.904413059054,0.0,2160.0,6480.0,0.0,-0.0,523.3216047926745,0.0,497.1555245530408,2616.6069382609085,50.319364197325164,15.319364197325164,0.0,179.29742214368315,0.0,-0.0,0.0,862.3208454841939
CARBON_CAP_060,0.6,TD_WINTER,12,120,8400.0,6210.0,30.0,406.8434647747472,6091.651602351461,0.0,6588.1118711347,0.0,2070.0,6210.0,0.0,-0.0,0.0,0.0,497.1555245530408,2616.6069382609085,50.319364197325164,20.319364197325164,0.0,199.61678634100832,0.0,-0.0,0.0,263.59388082755873
CARBON_CAP_060,0.6,TD_WINTER,13,120,8295.0,6210.0,30.0,235.64876227031618,5279.431388704599,0.0,7466.526787285993,0.0,2070.0,6210.0,0.0,-0.0,0.0,0.0,497.1555245530408,2616.6069382609085,50.319364197325164,20.319364197325164,0.0,219.9361505383335,0.0,-0.0,0.0,152.67683307493786
CARBON_CAP_060,0.6,TD_WINTER,14,120,8400.0,6480.0,35.0,1679.5137158273828,3925.731032626497,0.0,8344.941703437285,0.0,2160.0,6480.0,0.0,-0.0,773.5795136302568,0.0,1232.0560625017847,2616.6069382609085,50.319364197325164,15.319364197325164,0.0,235.25551473565866,0.0,-0.0,0.0,1088.1569364845614
CARBON_CAP_060,0.6,TD_WINTER,15,120,8715.0,7020.000000000001,40.0,2852.8542091659056,2368.975623136679,0.0,9223.35661958858,0.0,2340.0000000000005,7020.000000000001,0.0,-0.0,773.5795136302568,0.0,1966.9566004505286,2616.6069382609085,50.319364197325164,10.319364197325164,0.0,245.57487893298384,0.0,-0.0,0.0,1848.3642421185903
CARBON_CAP_060,0.6,TD_WINTER,16,120,9030.0,7695.000000000001,50.0,1120.215708688911,812.2202136468615,0.0,9662.564077664227,0.0,2565.0000000000005,7695.000000000001,0.0,-0.0,0.0,-0.0,1966.9566004505286,0.0,-0.0,0.0,50.0,195.57487893298384,0.0,-0.0,0.0,725.7877576595455
CARBON_CAP_060,0.6,TD_WINTER,17,120,9450.0,8640.0,60.0,1118.831532849935,135.37003560781025,0.0,10321.375264777696,0.0,2880.0,8640.0,0.0,-0.0,0.0,754.4231667645588,1172.8269512246773,0.0,-0.0,0.0,60.0,135.57487893298384,0.0,-0.0,0.0,724.8909501334729
CARBON_CAP_060,0.6,TD_WINTER,18,120,9240.0,9450.0,50.0,636.2340344785771,-0.0,0.0,10980.186451891166,0.0,3150.0,9450.0,0.0,-0.0,0.0,773.5795136302568,358.5327263507229,0.0,-0.0,0.0,50.0,85.57487893298384,0.0,-0.0,0.0,412.2160309386701
CARBON_CAP_060,0.6,TD_WINTER,19,120,8610.0,9720.0,35.0,0.0,-0.0,0.0,11419.393909966813,0.0,3150.0,9450.0,270.0,29.946761313220936,0.0,340.6060900331868,0.0,0.0,-0.0,0.0,35.0,50.574878932983836,0.0,-0.0,0.0,64.68500443655722
CARBON_CAP_060,0.6,TD_WINTER,20,120,7770.0,9450.0,25.0,0.0,-0.0,0.0,12078.205097080283,0.0,3150.0,9450.0,0.0,-0.0,-0.0,0.0,0.0,1158.205097080283,22.273174943851597,0.0,2.726825056148403,47.84805387683542,0.0,-0.0,0.0,-0.0
CARBON_CAP_060,0.6,TD_WINTER,21,120,6825.0,9180.0,20.0,0.0,-0.0,0.0,11858.60136804246,0.0,3060.0,9180.0,0.0,-0.0,261.66080239633726,0.0,248.5777622765204,1711.940565646123,32.92193395473314,12.921933954733142,0.0,60.769987831568564,0.0,-0.0,0.0,-0.0
CARBON_CAP_060,0.6,TD_WINTER,22,120,6090.0,8775.0,15.0,0.0,-0.0,0.0,10980.186451891166,0.0,2925.0,8775.0,0.0,-0.0,0.0,0.0,248.5777622765204,1965.1864518911661,37.792047151753195,22.792047151753195,0.0,83.56203498332175,0.0,-0.0,0.0,-0.0
CARBON_CAP_060,0.6,TD_WINTER,23,120,5670.0,8505.0,15.0,0.0,-0.0,0.0,10101.771535739874,0.0,2835.0,8505.0,0.0,-0.0,773.5795136302568,0.0,983.4783002252643,823.192022109617,15.830615809800328,0.830615809800328,0.0,84.39265079312186,0.0,-0.0,0.0,-0.0
CARBON_CAP_060,0.6,TD_TRANSITION,0,125,5200.0,5580.0,15.0,0.0,0.0,-0.0,9223.35661958858,0.0,1860.0,5580.0,0.0,-0.0,0.0,0.0,983.4783002252643,2163.3566195885796,41.603011915165,26.603011915165,0.0,110.99566270828686,0.0,-0.0,-0.0,-0.0
CARBON_CAP_060,0.6,TD_TRANSITION,1,125,5000.0,5490.0,15.0,0.0,0.0,-0.0,9446.60693826091,435.56086844114,1830.0,5490.0,0.0,-0.0,0.0,0.0,983.4783002252643,2616.6069382609085,50.319364197325164,35.319364197325164,0.0,146.31502690561203,0.0,-0.0,-0.0,-0.0
CARBON_CAP_060,0.6,TD_TRANSITION,2,125,4800.0,5400.0,15.0,0.0,0.0,-0.0,9216.60693826091,1324.3720555546097,1800.0,5400.0,0.0,-0.0,0.0,0.0,983.4783002252643,2616.6069382609085,50.319364197325164,35.319364197325164,0.0,181.6343911029372,0.0,-0.0,-0.0,-0.0
CARBON_CAP_060,0.6,TD_TRANSITION,3,125,4700.0,5310.0,15.0,0.0,0.0,-0.0,9003.250318672328,1976.9361332188382,1770.0,5310.0,0.0,-0.0,0.0,0.0,983.4783002252643,2533.250318672328,48.71635228216016,33.71635228216016,0.0,215.35074338509736,0.0,-0.0,-0.0,-0.0
CARBON_CAP_060,0.6,TD_TRANSITION,4,125,4800.0,5220.0,20.0,0.0,0.0,-0.0,9156.60693826091,2262.786971705904,1740.0,5220.0,0.0,-0.0,0.0,0.0,983.4783002252643,2616.6069382609085,50.319364197325164,30.319364197325164,0.0,245.67010758242253,0.0,-0.0,-0.0,-0.0
CARBON_CAP_060,0.6,TD_TRANSITION,5,125,5200.0,5400.0,25.0,0.0,0.0,135.37003560781025,9616.60693826091,1363.5795136302568,1800.0,5400.0,0.0,-0.0,0.0,0.0,983.4783002252643,2616.6069382609085,50.319364197325164,25.319364197325164,0.0,270.9894717797477,0.0,-0.0,-0.0,-0.0
CARBON_CAP_060,0.6,TD_TRANSITION,6,125,6200.0,5850.0,40.0,0.0,812.2202136468615,0.0,9954.386724614047,147.38481112582667,1950.0,5850.0,0.0,-0.0,0.0,0.0,983.4783002252643,2616.6069382609085,50.319364197325164,10.319364197325164,0.0,281.3088359770729,0.0,-0.0,-0.0,-0.0
CARBON_CAP_060,0.6,TD_TRANSITION,7,125,7000.0,6300.0,50.0,0.0,315.85083848706745,1714.6996956300861,8784.149161512933,0.0,2100.0,6300.0,0.0,-0.0,0.0,0.0,983.4783002252643,0.0,-0.0,0.0,50.0,231.30883597707287,0.0,-0.0,-0.0,-0.0
CARBON_CAP_060,0.6,TD_TRANSITION,8,125,7600.0,6120.0,55.0,0.0,3722.675979214782,0.0,7905.734245361639,0.0,2040.0,6120.0,0.0,-0.0,0.0,0.0,983.4783002252643,1988.4102245764211,38.23865816493118,0.0,16.76134183506882,214.54749414200404,0.0,-0.0,-0.0,-0.0
CARBON_CAP_060,0.6,TD_TRANSITION,9,125,8100.0,5400.0,55.0,0.0,5076.376335292884,0.0,7027.319329210346,0.0,1800.0,5400.0,0.0,-0.0,0.0,0.0,983.4783002252643,2203.6956645032296,42.37876277890827,0.0,12.621237221091732,201.9262569209123,0.0,-0.0,-0.0,-0.0
CARBON_CAP_060,0.6,TD_TRANSITION,10,125,8300.0,4680.0,45.0,0.0,3271.8881288653,2684.3934378783506,6588.1118711347,0.0,1560.0,4680.0,0.0,-0.0,0.0,0.0,983.4783002252643,0.0,-0.0,0.0,45.0,156.9262569209123,0.0,-0.0,-0.0,-0.0
CARBON_CAP_060,0.6,TD_TRANSITION,11,125,8200.0,4320.0,35.0,0.0,5798.527918053038,631.548773317948,6148.904413059054,0.0,1440.0,4320.0,0.0,-0.0,0.0,0.0,983.4783002252643,2307.4323311120916,44.37369867523253,9.373698675232532,0.0,166.29995559614483,0.0,-0.0,-0.0,-0.0
CARBON_CAP_060,0.6,TD_TRANSITION,12,125,8000.0,4140.0,30.0,0.0,6091.651602351461,0.0,5904.955335909448,683.1565352252519,1380.0,4140.0,0.0,-0.0,0.0,0.0,983.4783002252643,2616.6069382609085,50.319364197325164,20.319364197325164,0.0,186.61931979347,0.0,-0.0,-0.0,-0.0
CARBON_CAP_060,0.6,TD_TRANSITION,13,125,7900.0,4140.0,30.0,0.0,4430.080150974916,849.3512377296829,7466.526787285993,0.0,1380.0,4140.0,0.0,-0.0,0.0,0.0,983.4783002252643,2616.6069382609085,50.319364197325164,20.319364197325164,0.0,206.93868399079517,0.0,-0.0,-0.0,-0.0
CARBON_CAP_060,0.6,TD_TRANSITION,14,125,8000.0,4320.0,35.0,0.0,3711.665234823624,214.06579780287302,8344.941703437285,0.0,1440.0,4320.0,0.0,-0.0,0.0,0.0,983.4783002252643,2616.6069382609085,50.319364197325164,15.319364197325164,0.0,222.25804818812034,0.0,-0.0,-0.0,-0.0
CARBON_CAP_060,0.6,TD_TRANSITION,15,125,8300.0,4680.0,40.0,0.0,2368.975623136679,0.0,7491.024376863321,1732.3322427252588,1560.0,4680.0,0.0,-0.0,0.0,0.0,983.4783002252643,0.0,-0.0,0.0,40.0,182.25804818812034,0.0,-0.0,-0.0,-0.0
CARBON_CAP_060,0.6,TD_TRANSITION,16,125,8600.0,5130.0,50.0,0.0,647.4359223357733,164.78429131108817,9662.564077664227,0.0,1710.0,5130.0,0.0,-0.0,0.0,0.0,983.4783002252643,0.0,-0.0,0.0,50.0,132.25804818812034,0.0,-0.0,-0.0,-0.0
CARBON_CAP_060,0.6,TD_TRANSITION,17,125,9000.0,5760.0,60.0,0.0,135.37003560781025,0.0,10321.375264777696,0.0,1920.0,5760.0,0.0,-0.0,0.0,463.25469961449335,495.8417743152713,0.0,-0.0,0.0,60.0,72.25804818812034,0.0,-0.0,-0.0,-0.0
CARBON_CAP_060,0.6,TD_TRANSITION,18,125,8800.0,6300.0,50.0,0.0,0.0,-0.0,10980.186451891166,0.0,2100.0,6300.0,0.0,-0.0,0.0,0.0,495.8417743152713,80.18645189116614,1.542047151753195,0.0,48.457952848246805,23.80009533987353,0.0,-0.0,-0.0,-0.0
CARBON_CAP_060,0.6,TD_TRANSITION,19,125,8200.0,6480.0,35.0,0.0,0.0,-0.0,11419.393909966813,0.0,2160.0,6480.0,0.0,-0.0,0.0,0.0,495.8417743152713,1059.3939099668132,20.3729598070541,0.0,14.627040192945898,9.17305514692763,0.0,-0.0,-0.0,-0.0
CARBON_CAP_060,0.6,TD_TRANSITION,20,125,7400.0,6300.0,25.0,0.0,0.0,-0.0,12078.205097080283,0.0,2100.0,6300.0,0.0,-0.0,0.0,0.0,495.8417743152713,2578.205097080283,49.58086725154391,24.580867251543907,0.0,33.75392239847154,0.0,-0.0,-0.0,-0.0
CARBON_CAP_060,0.6,TD_TRANSITION,21,125,6500.0,6120.0,20.0,0.0,0.0,-0.0,11474.74394700299,383.85742103947086,2040.0,6120.0,0.0,-0.0,318.1370087420809,0.0,798.0719326202482,2616.6069382609085,50.319364197325164,30.319364197325164,0.0,64.0732865957967,0.0,-0.0,-0.0,-0.0
CARBON_CAP_060,0.6,TD_TRANSITION,22,125,5800.0,5850.0,15.0,0.0,0.0,-0.0,7750.0,3230.186451891166,1950.0,5850.0,0.0,-0.0,0.0,0.0,798.0719326202482,0.0,-0.0,0.0,15.0,49.073286595796695,0.0,-0.0,-0.0,-0.0
CARBON_CAP_060,0.6,TD_TRANSITION,23,125,5400.0,5670.0,15.0,0.0,0.0,-0.0,10101.771535739874,0.0,1890.0,5670.0,0.0,-0.0,195.16459747896442,0.0,983.4783002252643,2616.6069382609085,50.319364197325164,35.319364197325164,0.0,84.39265079312186,0.0,-0.0,-0.0,-0.0
CARBON_CAP_050,0.5,TD_SUMMER,0,120,5979.999999999999,3720.0,15.0,0.0,0.0,-0.0,9170.711510329065,0.0,1240.0,3720.0,0.0,-0.0,0.0,0.0,1022.1423893482954,1950.7115103290662,37.513682890943585,22.513682890943585,0.0,102.95859195436208,0.0,-0.0,-0.0,-0.0
CARBON_CAP_050,0.5,TD_SUMMER,1,120,5750.0,3660.0,15.0,0.0,0.0,-0.0,9506.774827726907,318.98750476852,1220.0,3660.0,0.0,-0.0,0.0,0.0,1022.1423893482954,2536.7748277269075,48.78413130244053,33.78413130244053,0.0,136.7427232568026,0.0,-0.0,-0.0,-0.0
CARBON_CAP_050,0.5,TD_SUMMER,2,120,5520.0,3600.0,15.0,0.0,0.0,-0.0,9256.774827726907,1224.0383269348822,1200.0,3600.0,0.0,-0.0,0.0,0.0,1022.1423893482954,2536.7748277269075,48.78413130244053,33.78413130244053,0.0,170.52685455924313,0.0,-0.0,-0.0,-0.0
CARBON_CAP_050,0.5,TD_SUMMER,3,120,5405.0,3540.0,15.0,0.0,0.0,-0.0,9121.774827726907,1795.7388750457903,1180.0,3540.0,0.0,-0.0,0.0,0.0,1022.1423893482954,2536.7748277269075,48.78413130244053,33.78413130244053,0.0,204.31098586168366,0.0,-0.0,-0.0,-0.0
CARBON_CAP_050,0.5,TD_SUMMER,4,120,5520.0,3480.0,20.0,0.0,0.0,-0.0,9126.14140872829,2228.072842155316,1160.0,3480.0,0.0,-0.0,0.0,0.0,1022.1423893482954,2446.141408728289,47.04118093708249,27.041180937082487,0.0,231.35216679876615,0.0,-0.0,-0.0,-0.0
CARBON_CAP_050,0.5,TD_SUMMER,5,120,5979.999999999999,3600.0,25.0,0.0,145.62376234522637,0.0,9571.151065381679,1346.3626373910192,1200.0,3600.0,0.0,-0.0,0.0,0.0,1022.1423893482954,2536.7748277269075,48.78413130244053,23.784131302440528,0.0,255.13629810120668,0.0,-0.0,-0.0,-0.0
CARBON_CAP_050,0.5,TD_SUMMER,6,120,7129.999999999999,3900.0,40.0,0.0,873.742574071358,0.0,10044.112606550882,0.0,1300.0,3900.0,0.0,-0.0,0.0,0.0,1022.1423893482954,2487.8551806222395,47.843368858119995,7.8433688581199945,0.0,262.97966695932666,0.0,-0.0,-0.0,-0.0
CARBON_CAP_050,0.5,TD_SUMMER,7,120,8049.999999999999,4200.0,50.0,0.0,2184.3564351783953,0.0,8734.010962218159,0.0,1400.0,4200.0,0.0,-0.0,0.0,0.0,1022.1423893482954,1468.3673973965542,28.23783456531835,0.0,21.76216543468165,241.217501524645,0.0,-0.0,-0.0,-0.0
CARBON_CAP_050,0.5,TD_SUMMER,8,120,8740.0,4080.0,55.0,0.0,4004.653464493725,0.0,7860.609865996342,0.0,1360.0,4080.0,0.0,-0.0,0.0,0.0,1022.1423893482954,1765.263330490067,33.947371740193596,0.0,21.052628259806404,220.1648732648386,0.0,-0.0,-0.0,-0.0
CARBON_CAP_050,0.5,TD_SUMMER,9,120,9315.0,3600.0,55.0,0.0,5460.891087945988,0.0,6987.208769774526,0.0,1200.0,3600.0,0.0,-0.0,0.0,0.0,1022.1423893482954,1933.0998577205146,37.17499726385605,0.0,17.82500273614395,202.33987052869466,0.0,-0.0,-0.0,-0.0
CARBON_CAP_050,0.5,TD_SUMMER,10,120,9545.0,3120.0,45.0,0.0,4034.4917783363817,2372.953764853578,6550.508221663618,0.0,1040.0,3120.0,0.0,-0.0,0.0,0.0,1022.1423893482954,0.0,-0.0,0.0,45.0,157.33987052869466,0.0,-0.0,-0.0,-0.0
CARBON_CAP_050,0.5,TD_SUMMER,11,120,9430.0,2880.0,35.0,0.0,6917.128711398252,0.0,6009.646116328656,104.16155722405529,960.0,2880.0,0.0,-0.0,0.0,0.0,1022.1423893482954,2536.7748277269075,48.78413130244053,13.784131302440528,0.0,171.1240018311352,0.0,-0.0,-0.0,-0.0
CARBON_CAP_050,0.5,TD_SUMMER,12,120,9200.0,2760.0,30.0,0.0,6553.069305535186,0.0,6388.906004354663,161.602217308955,920.0,2760.0,0.0,-0.0,285.2004821629417,0.0,1293.08284740309,2536.7748277269075,48.78413130244053,18.784131302440528,0.0,189.90813313357572,0.0,-0.0,-0.0,-0.0
CARBON_CAP_050,0.5,TD_SUMMER,13,120,9085.0,2760.0,30.0,0.0,5679.326731463828,0.0,6862.44809626308,561.4612216223559,920.0,2760.0,0.0,-0.0,0.0,0.0,1293.08284740309,2536.7748277269075,48.78413130244053,18.784131302440528,0.0,208.69226443601625,0.0,-0.0,-0.0,-0.0
CARBON_CAP_050,0.5,TD_SUMMER,14,120,9200.0,2880.0,35.0,0.0,4223.089108011563,0.0,8297.31041410725,0.0,960.0,2880.0,0.0,-0.0,0.0,0.0,1293.08284740309,2360.3995221188143,45.392298502284895,10.392298502284895,0.0,219.08456293830113,0.0,-0.0,-0.0,-0.0
CARBON_CAP_050,0.5,TD_SUMMER,15,120,9545.0,3120.0,40.0,0.0,2548.415841041461,0.0,9170.711510329065,0.0,1040.0,3120.0,0.0,-0.0,790.7388750457903,0.0,2044.2847786965908,343.3884763247361,6.603624544706463,0.0,33.39637545529354,185.6881874830076,0.0,-0.0,-0.0,-0.0
CARBON_CAP_050,0.5,TD_SUMMER,16,120,9890.0,3420.0,50.0,0.0,873.742574071358,0.0,9607.412058439973,0.0,1140.0,3420.0,0.0,-0.0,0.0,548.8453674886678,1466.552812919046,0.0,-0.0,0.0,50.0,135.6881874830076,0.0,-0.0,-0.0,-0.0
CARBON_CAP_050,0.5,TD_SUMMER,17,120,10350.0,3840.0,60.0,431.174482002647,145.62376234522637,0.0,10262.462880606336,0.0,1280.0,3840.0,0.0,-0.0,0.0,790.7388750457903,634.1961023445286,0.0,-0.0,0.0,60.0,75.68818748300758,0.0,-0.0,-0.0,279.357946889515
CARBON_CAP_050,0.5,TD_SUMMER,18,120,10120.0,4200.0,50.0,0.0,-0.0,0.0,10917.513702772698,0.0,1400.0,4200.0,0.0,-0.0,0.0,602.4862972273022,0.0,0.0,-0.0,0.0,50.0,25.688187483007578,0.0,-0.0,-0.0,-0.0
CARBON_CAP_050,0.5,TD_SUMMER,19,120,9430.0,4320.0,35.0,0.0,0.0,-0.0,11354.214250883606,0.0,1440.0,4320.0,0.0,-0.0,0.0,0.0,-0.0,484.2142508836059,9.311812516992422,0.0,25.688187483007578,0.0,0.0,-0.0,-0.0,-0.0
CARBON_CAP_050,0.5,TD_SUMMER,20,120,8510.0,4200.0,25.0,0.0,-0.0,0.0,12009.265073049968,0.0,1400.0,4200.0,0.0,-0.0,0.0,0.0,-0.0,2099.265073049968,40.37048217403785,15.370482174037853,0.0,15.370482174037853,0.0,-0.0,-0.0,-0.0
CARBON_CAP_050,0.5,TD_SUMMER,21,120,7474.999999999999,4080.0,20.0,0.0,0.0,-0.0,11790.914798994514,0.0,1360.0,4080.0,0.0,-0.0,790.7388750457903,0.0,751.2019312935008,2165.1759239487237,41.63799853747546,21.63799853747546,0.0,37.008480711513315,0.0,-0.0,-0.0,-0.0
CARBON_CAP_050,0.5,TD_SUMMER,22,120,6669.999999999999,3900.0,15.0,0.0,0.0,-0.0,9499.782149911127,1417.731552861571,1300.0,3900.0,0.0,-0.0,247.8627033389658,0.0,986.6714994655183,1281.9194465721616,24.65229704946465,9.65229704946465,0.0,46.660777760977965,0.0,-0.0,-0.0,-0.0
CARBON_CAP_050,0.5,TD_SUMMER,23,120,6209.999999999999,3780.0,15.0,0.0,0.0,-0.0,10044.112606550882,0.0,1260.0,3780.0,0.0,-0.0,37.337778823975896,0.0,1022.1423893482954,2536.7748277269075,48.78413130244053,33.78413130244053,0.0,80.44490906341849,0.0,-0.0,-0.0,-0.0
CARBON_CAP_050,0.5,TD_WINTER,0,120,5460.0,8370.0,15.0,1351.0405427484413,-0.0,0.0,9170.711510329065,0.0,2790.0,8370.0,0.0,-0.0,0.0,265.02277464940084,743.1710476120842,2536.7748277269075,48.78413130244053,33.78413130244053,0.0,114.22904036585902,0.0,-0.0,0.0,875.3391676467152
CARBON_CAP_050,0.5,TD_WINTER,1,120,5250.0,8235.0,15.0,0.0,-0.0,0.0,9825.762332495427,0.0,2745.0,8235.0,0.0,-0.0,0.0,706.01249523148,0.0,2536.7748277269075,48.78413130244053,33.78413130244053,0.0,148.01317166829955,0.0,-0.0,0.0,-0.0
CARBON_CAP_050,0.5,TD_WINTER,2,120,5040.0,8100.000000000001,15.0,0.0,-0.0,0.0,10480.81315466179,0.0,2700.0000000000005,8100.000000000001,0.0,-0.0,204.0383269348822,0.0,193.83641058813808,2536.7748277269075,48.78413130244053,33.78413130244053,0.0,181.79730297074008,0.0,-0.0,0.0,-0.0
CARBON_CAP_050,0.5,TD_WINTER,3,120,4935.0,7965.000000000001,15.0,0.0,-0.0,0.0,10917.513702772698,0.0,2655.0000000000005,7965.000000000001,0.0,-0.0,790.7388750457903,0.0,945.0383418816389,2536.7748277269075,48.78413130244053,33.78413130244053,0.0,215.5814342731806,0.0,-0.0,0.0,-0.0
CARBON_CAP_050,0.5,TD_WINTER,4,120,5040.0,7830.000000000001,20.0,0.0,0.0,-0.0,10977.513702772698,376.70054811090813,2610.0000000000005,7830.000000000001,0.0,-0.0,790.7388750457903,0.0,1696.2402731751397,2536.7748277269075,48.78413130244053,28.784131302440528,0.0,244.36556557562113,0.0,-0.0,0.0,-0.0
CARBON_CAP_050,0.5,TD_WINTER,5,120,5460.0,8100.000000000001,25.0,0.0,145.62376234522637,0.0,10917.513702772698,0.0,2700.0000000000005,8100.000000000001,0.0,-0.0,366.3626373910174,0.0,2044.2847786965908,2536.7748277269075,48.78413130244053,23.784131302440528,0.0,268.14969687806166,0.0,-0.0,0.0,-0.0
CARBON_CAP_050,0.5,TD_WINTER,6,120,6510.0,8775.0,40.0,0.0,873.742574071358,0.0,10044.112606550882,0.0,2925.0,8775.0,0.0,-0.0,0.0,597.1448193777596,1415.7112846147386,2080.0,40.0,0.0,-0.0,268.14969687806166,0.0,-0.0,0.0,-0.0
CARBON_CAP_050,0.5,TD_WINTER,7,120,7350.0,9450.0,50.0,0.0,2184.3564351783953,0.0,8734.010962218159,0.0,3150.0,9450.0,0.0,-0.0,0.0,790.7388750457903,583.3545740402213,1209.1062724423446,23.25204370081432,0.0,26.74795629918568,241.40174057887597,0.0,-0.0,0.0,-0.0
CARBON_CAP_050,0.5,TD_WINTER,8,120,7980.0,9180.0,55.0,0.0,4004.653464493725,0.0,7860.609865996342,0.0,3060.0,9180.0,0.0,-0.0,0.0,0.0,583.3545740402213,825.2633304900673,15.870448663270523,0.0,39.12955133672948,202.2721892421465,0.0,-0.0,0.0,-0.0
CARBON_CAP_050,0.5,TD_WINTER,9,120,8505.0,8100.000000000001,55.0,0.0,5460.891087945988,0.0,6987.208769774526,0.0,2700.0000000000005,8100.000000000001,0.0,-0.0,0.0,554.1868453382103,0.0,1797.286703058725,34.5632058280524,0.0,20.436794171947597,181.8353950701989,0.0,-0.0,0.0,-0.0
CARBON_CAP_050,0.5,TD_WINTER,10,120,8715.0,7020.000000000001,45.0,0.0,6407.44554318996,0.0,6550.508221663618,0.0,2340.0000000000005,7020.000000000001,0.0,-0.0,0.0,-0.0,0.0,1902.953764853578,36.59526470872265,0.0,8.404735291277348,173.43065977892155,0.0,-0.0,0.0,-0.0
CARBON_CAP_050,0.5,TD_WINTER,11,120,8610.0,6480.0,35.0,547.9754860076333,6917.128711398252,0.0,6113.807673552711,0.0,2160.0,6480.0,0.0,-0.0,272.1370432316886,0.0,258.53019107010414,2536.7748277269075,48.78413130244053,13.784131302440528,0.0,187.21479108136208,0.0,-0.0,0.0,355.03331738434565
CARBON_CAP_050,0.5,TD_WINTER,12,120,8400.0,6210.0,30.0,0.0,6553.069305535186,0.0,6550.508221663618,0.0,2070.0,6210.0,0.0,-0.0,96.80269947189663,0.0,350.4927555684059,2536.7748277269075,48.78413130244053,18.784131302440528,0.0,205.9989223838026,0.0,-0.0,0.0,-0.0
CARBON_CAP_050,0.5,TD_WINTER,13,120,8295.0,6210.0,30.0,0.0,5679.326731463828,0.0,7423.9093178854355,0.0,2070.0,6210.0,0.0,-0.0,201.46122162235588,0.0,541.880916109644,2536.7748277269075,48.78413130244053,18.784131302440528,0.0,224.78305368624314,0.0,-0.0,0.0,-0.0
CARBON_CAP_050,0.5,TD_WINTER,14,120,8400.0,6480.0,35.0,1367.1141806538835,4223.089108011563,0.0,8297.31041410725,0.0,2160.0,6480.0,0.0,-0.0,790.7388750457903,0.0,1293.0828474031448,2536.7748277269075,48.78413130244053,13.784131302440528,0.0,238.56718498868366,0.0,-0.0,0.0,885.7532776456512
CARBON_CAP_050,0.5,TD_WINTER,15,120,8715.0,7020.000000000001,40.0,2663.3863514021705,2548.415841041461,0.0,9170.711510329065,0.0,2340.0000000000005,7020.000000000001,0.0,-0.0,790.7388750457903,0.0,2044.2847786965908,2536.7748277269075,48.78413130244053,8.784131302440528,0.0,247.3513162911242,0.0,-0.0,0.0,1725.6080170734663
CARBON_CAP_050,0.5,TD_WINTER,16,120,9030.0,7695.000000000001,50.0,1113.8453674886678,873.742574071358,0.0,9607.412058439973,0.0,2565.0000000000005,7695.000000000001,0.0,-0.0,0.0,-0.0,2044.2847786965908,0.0,-0.0,0.0,50.0,197.3513162911242,0.0,-0.0,0.0,721.6604135959079
CARBON_CAP_050,0.5,TD_WINTER,17,120,9450.0,8640.0,60.0,1176.3674414488632,145.62376234522637,0.0,10262.462880606336,0.0,2880.0,8640.0,0.0,-0.0,0.0,745.5459155995741,1259.4996043812498,0.0,-0.0,0.0,60.0,137.3513162911242,0.0,-0.0,0.0,762.1684653147186
CARBON_CAP_050,0.5,TD_WINTER,18,120,9240.0,9450.0,50.0,681.7474221815119,-0.0,0.0,10917.513702772698,0.0,3150.0,9450.0,0.0,-0.0,0.0,790.7388750457903,427.14289380673057,0.0,-0.0,0.0,50.0,87.35131629112419,0.0,-0.0,0.0,441.7041548314016
CARBON_CAP_050,0.5,TD_WINTER,19,120,8610.0,9720.0,35.0,0.0,-0.0,0.0,11354.214250883606,0.0,3150.0,9450.0,270.0,29.946761313220936,0.0,405.7857491163941,0.0,0.0,-0.0,0.0,35.0,52.35131629112419,0.0,-0.0,0.0,64.68500443655722
CARBON_CAP_050,0.5,TD_WINTER,20,120,7770.0,9450.0,25.0,0.0,-0.0,0.0,12009.265073049968,0.0,3150.0,9450.0,0.0,-0.0,-0.0,0.0,0.0,1089.2650730499681,20.947405250960927,0.0,4.0525947490390735,48.298721542085104,0.0,-0.0,0.0,-0.0
CARBON_CAP_050,0.5,TD_WINTER,21,120,6825.0,9180.0,20.0,0.0,-0.0,0.0,11790.914798994514,0.0,3060.0,9180.0,0.0,-0.0,285.2004821629417,0.0,270.9404580547946,1620.7143168315724,31.16758301599178,11.16758301599178,0.0,59.466304558076885,0.0,-0.0,0.0,-0.0
CARBON_CAP_050,0.5,TD_WINTER,22,120,6090.0,8775.0,15.0,0.0,-0.0,0.0,10917.513702772698,0.0,2925.0,8775.0,0.0,-0.0,0.0,0.0,270.9404580547946,1902.5137027726978,36.586801976398036,21.586801976398036,0.0,81.05310653447492,0.0,-0.0,0.0,-0.0
CARBON_CAP_050,0.5,TD_WINTER,23,120,5670.0,8505.0,15.0,0.0,-0.0,0.0,10044.112606550882,0.0,2835.0,8505.0,0.0,-0.0,790.7388750457903,0.0,1022.1423893482954,748.3737315050912,14.391802528944062,0.0,0.6081974710559379,80.44490906341849,0.0,-0.0,0.0,-0.0
CARBON_CAP_050,0.5,TD_TRANSITION,0,125,5200.0,5580.0,15.0,0.0,0.0,-0.0,9170.711510329065,0.0,1860.0,5580.0,0.0,-0.0,0.0,0.0,1022.1423893482954,2110.7115103290653,40.590605967866644,25.590605967866644,0.0,106.03551503128514,0.0,-0.0,-0.0,-0.0
CARBON_CAP_050,0.5,TD_TRANSITION,1,125,5000.0,5490.0,15.0,0.0,0.0,-0.0,9366.774827726907,458.98750476852,1830.0,5490.0,0.0,-0.0,0.0,0.0,1022.1423893482954,2536.7748277269075,48.78413130244053,33.78413130244053,0.0,139.81964633372567,0.0,-0.0,-0.0,-0.0
CARBON_CAP_050,0.5,TD_TRANSITION,2,125,4800.0,5400.0,15.0,0.0,0.0,-0.0,9136.774827726907,1344.0383269348822,1800.0,5400.0,0.0,-0.0,0.0,0.0,1022.1423893482954,2536.7748277269075,48.78413130244053,33.78413130244053,0.0,173.6037776361662,0.0,-0.0,-0.0,-0.0
CARBON_CAP_050,0.5,TD_TRANSITION,3,125,4700.0,5310.0,15.0,0.0,0.0,-0.0,8976.063317397842,1941.4503853748556,1770.0,5310.0,0.0,-0.0,0.0,0.0,1022.1423893482954,2506.0633173978413,48.19352533457388,33.19352533457388,0.0,206.79730297074008,0.0,-0.0,-0.0,-0.0
CARBON_CAP_050,0.5,TD_TRANSITION,4,125,4800.0,5220.0,20.0,0.0,0.0,-0.0,9076.774827726907,2277.4394231566985,1740.0,5220.0,0.0,-0.0,0.0,0.0,1022.1423893482954,2536.7748277269075,48.78413130244053,28.784131302440528,0.0,235.5814342731806,0.0,-0.0,-0.0,-0.0
CARBON_CAP_050,0.5,TD_TRANSITION,5,125,5200.0,5400.0,25.0,0.0,0.0,145.62376234522637,9536.774827726907,1380.7388750457903,1800.0,5400.0,0.0,-0.0,0.0,0.0,1022.1423893482954,2536.7748277269075,48.78413130244053,23.784131302440528,0.0,259.36556557562113,0.0,-0.0,-0.0,-0.0
CARBON_CAP_050,0.5,TD_TRANSITION,6,125,6200.0,5850.0,40.0,0.0,873.742574071358,0.0,9813.03225365555,231.0803528953311,1950.0,5850.0,0.0,-0.0,0.0,0.0,1022.1423893482954,2536.7748277269075,48.78413130244053,8.784131302440528,0.0,268.14969687806166,0.0,-0.0,-0.0,-0.0
CARBON_CAP_050,0.5,TD_TRANSITION,7,125,7000.0,6300.0,50.0,0.0,365.98903778184103,1818.3673973965542,8734.010962218159,0.0,2100.0,6300.0,0.0,-0.0,0.0,0.0,1022.1423893482954,0.0,-0.0,0.0,50.0,218.14969687806166,0.0,-0.0,-0.0,-0.0
CARBON_CAP_050,0.5,TD_TRANSITION,8,125,7600.0,6120.0,55.0,0.0,4004.653464493725,0.0,7860.609865996342,0.0,2040.0,6120.0,0.0,-0.0,0.0,0.0,1022.1423893482954,2225.263330490067,42.79352558634744,0.0,12.206474413652558,205.9432224644091,0.0,-0.0,-0.0,-0.0
CARBON_CAP_050,0.5,TD_TRANSITION,9,125,8100.0,5400.0,55.0,0.0,5449.566057952381,11.325029993607131,6987.208769774526,0.0,1800.0,5400.0,0.0,-0.0,0.0,0.0,1022.1423893482954,2536.7748277269075,48.78413130244053,0.0,6.215868697559472,199.72735376684963,0.0,-0.0,-0.0,-0.0
CARBON_CAP_050,0.5,TD_TRANSITION,10,125,8300.0,4680.0,45.0,0.0,3309.4917783363817,3097.953764853578,6550.508221663618,0.0,1560.0,4680.0,0.0,-0.0,0.0,0.0,1022.1423893482954,0.0,-0.0,0.0,45.0,154.72735376684963,0.0,-0.0,-0.0,-0.0
CARBON_CAP_050,0.5,TD_TRANSITION,11,125,8200.0,4320.0,35.0,0.0,6062.967154174196,854.1615572240553,6113.807673552711,0.0,1440.0,4320.0,0.0,-0.0,0.0,0.0,1022.1423893482954,2536.7748277269075,48.78413130244053,13.784131302440528,0.0,168.51148506929016,0.0,-0.0,-0.0,-0.0
CARBON_CAP_050,0.5,TD_TRANSITION,12,125,8000.0,4140.0,30.0,0.0,6553.069305535186,0.0,5363.705522191722,1186.8026994718966,1380.0,4140.0,0.0,-0.0,0.0,0.0,1022.1423893482954,2536.7748277269075,48.78413130244053,18.784131302440528,0.0,187.2956163717307,0.0,-0.0,-0.0,-0.0
CARBON_CAP_050,0.5,TD_TRANSITION,13,125,7900.0,4140.0,30.0,0.0,4392.865509841472,1286.4612216223559,7423.9093178854355,0.0,1380.0,4140.0,0.0,-0.0,0.0,0.0,1022.1423893482954,2536.7748277269075,48.78413130244053,18.784131302440528,0.0,206.07974767417122,0.0,-0.0,-0.0,-0.0
CARBON_CAP_050,0.5,TD_TRANSITION,14,125,8000.0,4320.0,35.0,0.0,3679.4644136196566,543.6246943919068,8297.31041410725,0.0,1440.0,4320.0,0.0,-0.0,0.0,0.0,1022.1423893482954,2536.7748277269075,48.78413130244053,13.784131302440528,0.0,219.86387897661174,0.0,-0.0,-0.0,-0.0
CARBON_CAP_050,0.5,TD_TRANSITION,15,125,8300.0,4680.0,40.0,0.0,2548.415841041461,0.0,7587.255041312403,1583.4564690166626,1560.0,4680.0,0.0,-0.0,0.0,0.0,1022.1423893482954,275.6708823538636,5.301363122189684,0.0,34.698636877810316,185.16524209880143,0.0,-0.0,-0.0,-0.0
CARBON_CAP_050,0.5,TD_TRANSITION,16,125,8600.0,5130.0,50.0,0.0,702.5879415600266,171.15463251133144,9607.412058439973,0.0,1710.0,5130.0,0.0,-0.0,0.0,0.0,1022.1423893482954,0.0,-0.0,0.0,50.0,135.16524209880143,0.0,-0.0,-0.0,-0.0
CARBON_CAP_050,0.5,TD_TRANSITION,17,125,9000.0,5760.0,60.0,0.0,145.62376234522637,0.0,10262.462880606336,0.0,1920.0,5760.0,0.0,-0.0,0.0,511.913357048438,483.2862240341502,0.0,-0.0,0.0,60.0,75.16524209880143,0.0,-0.0,-0.0,-0.0
CARBON_CAP_050,0.5,TD_TRANSITION,18,125,8800.0,6300.0,50.0,0.0,0.0,-0.0,10917.513702772698,0.0,2100.0,6300.0,0.0,-0.0,0.0,0.0,483.2862240341502,17.513702772697798,0.3368019763980346,0.0,49.663198023601964,25.50204407519947,0.0,-0.0,-0.0,-0.0
CARBON_CAP_050,0.5,TD_TRANSITION,19,125,8200.0,6480.0,35.0,0.0,0.0,-0.0,11354.214250883606,0.0,2160.0,6480.0,0.0,-0.0,0.0,0.0,483.2862240341502,994.2142508836059,19.119504824684732,0.0,15.880495175315268,9.621548899884203,0.0,-0.0,-0.0,-0.0
CARBON_CAP_050,0.5,TD_TRANSITION,20,125,7400.0,6300.0,25.0,0.0,0.0,-0.0,12009.265073049968,0.0,2100.0,6300.0,0.0,-0.0,0.0,0.0,483.2862240341502,2509.265073049968,48.25509755865323,23.255097558653233,0.0,32.87664645853744,0.0,-0.0,-0.0,-0.0
CARBON_CAP_050,0.5,TD_TRANSITION,21,125,6500.0,6120.0,20.0,0.0,0.0,-0.0,11426.654065023085,364.26073397142864,2040.0,6120.0,0.0,-0.0,349.87923729617876,0.0,815.67149946552,2536.7748277269075,48.78413130244053,28.784131302440528,0.0,61.660777760977965,0.0,-0.0,-0.0,-0.0
CARBON_CAP_050,0.5,TD_TRANSITION,22,125,5800.0,5850.0,15.0,0.0,0.0,-0.0,7750.0,3167.513702772698,1950.0,5850.0,0.0,-0.0,0.0,0.0,815.67149946552,0.0,-0.0,0.0,15.0,46.660777760977965,0.0,-0.0,-0.0,-0.0
CARBON_CAP_050,0.5,TD_TRANSITION,23,125,5400.0,5670.0,15.0,0.0,0.0,-0.0,10044.112606550882,0.0,1890.0,5670.0,0.0,-0.0,217.33777882397408,0.0,1022.1423893482954,2536.7748277269075,48.78413130244053,33.78413130244053,0.0,80.44490906341849,0.0,-0.0,-0.0,-0.0
CARBON_CAP_040,0.4,TD_SUMMER,0,120,5979.999999999999,3720.0,15.0,0.0,-0.0,0.0,9118.06640106955,0.0,1240.0,3720.0,0.0,-0.0,0.0,0.0,1060.8064784713258,1898.06640106955,36.501276943645195,21.501276943645195,0.0,97.99844427736035,0.0,-0.0,-0.0,-0.0
CARBON_CAP_040,0.4,TD_SUMMER,1,120,5750.0,3660.0,15.0,0.0,0.0,-0.0,9426.942717192906,342.41414109589823,1220.0,3660.0,0.0,-0.0,0.0,0.0,1060.8064784713258,2456.9427171929065,47.2488984075559,32.2488984075559,0.0,130.24734268491625,0.0,-0.0,-0.0,-0.0
CARBON_CAP_040,0.4,TD_SUMMER,2,120,5520.0,3600.0,15.0,0.0,0.0,-0.0,9176.942717192906,1243.704598315151,1200.0,3600.0,0.0,-0.0,0.0,0.0,1060.8064784713258,2456.9427171929065,47.2488984075559,32.2488984075559,0.0,162.49624109247213,0.0,-0.0,-0.0,-0.0
CARBON_CAP_040,0.4,TD_SUMMER,3,120,5405.0,3540.0,15.0,0.0,0.0,-0.0,9041.942717192906,1812.8982364613203,1180.0,3540.0,0.0,-0.0,0.0,0.0,1060.8064784713258,2456.9427171929065,47.2488984075559,32.2488984075559,0.0,194.74513950002802,0.0,-0.0,-0.0,-0.0
CARBON_CAP_040,0.4,TD_SUMMER,4,120,5520.0,3480.0,20.0,0.0,0.0,-0.0,9136.942717192906,2152.0918746074894,1160.0,3480.0,0.0,-0.0,0.0,0.0,1060.8064784713258,2456.9427171929065,47.2488984075559,27.2488984075559,0.0,221.9940379075839,0.0,-0.0,-0.0,-0.0
CARBON_CAP_040,0.4,TD_SUMMER,5,120,5979.999999999999,3600.0,25.0,0.0,155.87748908264243,0.0,9481.065228110263,1373.7757255439628,1200.0,3600.0,0.0,-0.0,0.0,0.0,1060.8064784713258,2456.9427171929065,47.2488984075559,22.2488984075559,0.0,244.2429363151398,0.0,-0.0,-0.0,-0.0
CARBON_CAP_040,0.4,TD_SUMMER,6,120,7129.999999999999,3900.0,40.0,0.0,935.2649344958545,0.0,9951.67778269705,34.775894664837324,1300.0,3900.0,0.0,-0.0,0.0,0.0,1060.8064784713258,2456.9427171929065,47.2488984075559,7.248898407555899,0.0,251.49183472269567,0.0,-0.0,-0.0,-0.0
CARBON_CAP_040,0.4,TD_SUMMER,7,120,8049.999999999999,4200.0,50.0,0.0,2338.1623362396363,0.0,8683.872762923382,0.0,1400.0,4200.0,0.0,-0.0,0.0,0.0,1060.8064784713258,1572.035099163018,30.231444214673424,0.0,19.768555785326576,231.7232789373691,0.0,-0.0,-0.0,-0.0
CARBON_CAP_040,0.4,TD_SUMMER,8,120,8740.0,4080.0,55.0,0.0,4286.630949772667,0.0,7815.4854866310425,0.0,1360.0,4080.0,0.0,-0.0,0.0,0.0,1060.8064784713258,2002.1164364037095,38.5022391616098,0.0,16.4977608383902,215.22551809897888,0.0,-0.0,-0.0,-0.0
CARBON_CAP_040,0.4,TD_SUMMER,9,120,9315.0,3600.0,55.0,0.0,5845.405840599091,0.0,6947.098210338705,0.0,1200.0,3600.0,0.0,-0.0,0.0,0.0,1060.8064784713258,2277.504050937796,43.79815482572685,0.0,11.201845174273153,204.02367292470572,0.0,-0.0,-0.0,-0.0
CARBON_CAP_040,0.4,TD_SUMMER,10,120,9545.0,3120.0,45.0,0.0,4083.0347515962776,2775.574768039989,6512.904572192535,0.0,1040.0,3120.0,0.0,-0.0,0.0,0.0,1060.8064784713258,10.939323788812885,0.21037161132332471,0.0,44.789628388676675,159.23404453602905,0.0,-0.0,-0.0,-0.0
CARBON_CAP_040,0.4,TD_SUMMER,11,120,9430.0,2880.0,35.0,0.0,7404.180731425515,0.0,5442.761985767391,635.9489482789759,960.0,2880.0,0.0,-0.0,0.0,0.0,1060.8064784713258,2456.9427171929065,47.2488984075559,12.248898407555899,0.0,171.48294294358493,0.0,-0.0,-0.0,-0.0
CARBON_CAP_040,0.4,TD_SUMMER,12,120,9200.0,2760.0,30.0,0.0,7014.487008718909,0.0,5718.012279422609,794.8922927699259,920.0,2760.0,0.0,-0.0,155.55657094861235,0.0,1208.5852208725075,2456.9427171929065,47.2488984075559,17.2488984075559,0.0,188.73184135114082,0.0,-0.0,-0.0,-0.0
CARBON_CAP_040,0.4,TD_SUMMER,13,120,9085.0,2760.0,30.0,0.0,6079.222074223055,0.0,6382.720642969851,998.5712055150234,920.0,2760.0,0.0,-0.0,0.0,0.0,1208.5852208725075,2456.9427171929065,47.2488984075559,17.2488984075559,0.0,205.9807397586967,0.0,-0.0,-0.0,-0.0
CARBON_CAP_040,0.4,TD_SUMMER,14,120,9200.0,2880.0,35.0,0.0,4520.44718339663,0.0,8249.679124777213,0.0,960.0,2880.0,0.0,-0.0,153.18359098093697,0.0,1354.1096323043976,2456.9427171929065,47.2488984075559,12.248898407555899,0.0,218.22963816625258,0.0,-0.0,-0.0,-0.0
CARBON_CAP_040,0.4,TD_SUMMER,15,120,9545.0,3120.0,40.0,0.0,2727.8560589462422,0.0,9118.06640106955,0.0,1040.0,3120.0,0.0,-0.0,807.8982364613203,0.0,2121.6129569426516,453.02422355447106,8.712004299124445,0.0,31.287995700875555,186.94164246537702,0.0,-0.0,-0.0,-0.0
CARBON_CAP_040,0.4,TD_SUMMER,16,120,9890.0,3420.0,50.0,0.0,935.2649344958545,0.0,9552.260039215718,0.0,1140.0,3420.0,0.0,-0.0,0.0,542.4750262884263,1550.5866134811504,0.0,-0.0,0.0,50.0,136.94164246537702,0.0,-0.0,-0.0,-0.0
CARBON_CAP_040,0.4,TD_SUMMER,17,120,10350.0,3840.0,60.0,462.673778021066,155.87748908264243,0.0,10203.550496434971,0.0,1280.0,3840.0,0.0,-0.0,0.0,807.8982364613203,700.1674172060781,0.0,-0.0,0.0,60.0,76.94164246537702,0.0,-0.0,-0.0,299.7663407798487
CARBON_CAP_040,0.4,TD_SUMMER,18,120,10120.0,4200.0,50.0,0.0,-0.0,0.0,10854.840953654226,0.0,1400.0,4200.0,0.0,-0.0,0.0,665.1590463457742,0.0,0.0,-0.0,0.0,50.0,26.94164246537702,0.0,-0.0,-0.0,-0.0
CARBON_CAP_040,0.4,TD_SUMMER,19,120,9430.0,4320.0,35.0,0.0,-0.0,0.0,11289.034591800395,0.0,1440.0,4320.0,0.0,-0.0,-0.0,0.0,0.0,419.034591800395,8.058357534622981,0.0,26.94164246537702,0.0,0.0,-0.0,-0.0,-0.0
CARBON_CAP_040,0.4,TD_SUMMER,20,120,8510.0,4200.0,25.0,0.0,0.0,-0.0,11940.32504901965,0.0,1400.0,4200.0,0.0,-0.0,-0.0,0.0,0.0,2030.3250490196497,39.04471248114711,14.044712481147108,0.0,14.044712481147108,0.0,-0.0,-0.0,-0.0
CARBON_CAP_040,0.4,TD_SUMMER,21,120,7474.999999999999,4080.0,20.0,0.0,0.0,-0.0,11723.228229946564,0.0,1360.0,4080.0,0.0,-0.0,807.8982364613203,0.0,767.5033246382542,2080.329993485244,40.00634602856238,20.006346028562383,0.0,34.05105850970949,0.0,-0.0,-0.0,-0.0
CARBON_CAP_040,0.4,TD_SUMMER,22,120,6669.999999999999,3900.0,15.0,0.0,0.0,-0.0,9529.484143415953,1325.3568102382724,1300.0,3900.0,0.0,-0.0,249.22920176056718,0.0,1004.271066310793,1310.2549416553877,25.197210416449764,10.197210416449764,0.0,44.248268926159255,0.0,-0.0,-0.0,-0.0
CARBON_CAP_040,0.4,TD_SUMMER,23,120,6209.999999999999,3780.0,15.0,0.0,0.0,-0.0,9986.453677361887,0.0,1260.0,3780.0,0.0,-0.0,59.51096016898191,0.0,1060.8064784713258,2456.9427171929065,47.2488984075559,32.2488984075559,0.0,76.49716733371515,0.0,-0.0,-0.0,-0.0
CARBON_CAP_040,0.4,TD_WINTER,0,120,5460.0,8370.0,15.0,1263.6960204797028,-0.0,0.0,9118.06640106955,0.0,2790.0,8370.0,0.0,-0.0,0.0,325.1802956436536,718.5114304253702,2456.9427171929065,47.2488984075559,32.2488984075559,0.0,108.74606574127105,0.0,-0.0,0.0,818.7486516687995
CARBON_CAP_040,0.4,TD_WINTER,1,120,5250.0,8235.0,15.0,0.0,-0.0,0.0,9769.356858288804,0.0,2745.0,8235.0,0.0,-0.0,0.0,682.5858589041018,0.0,2456.9427171929065,47.2488984075559,32.2488984075559,0.0,140.99496414882697,0.0,-0.0,0.0,-0.0
CARBON_CAP_040,0.4,TD_WINTER,2,120,5040.0,8100.000000000001,15.0,0.0,-0.0,0.0,10420.647315508057,0.0,2700.0000000000005,8100.000000000001,0.0,-0.0,223.7045983151511,0.0,212.51936839939353,2456.9427171929065,47.2488984075559,32.2488984075559,0.0,173.24386255638285,0.0,-0.0,0.0,-0.0
CARBON_CAP_040,0.4,TD_WINTER,3,120,4935.0,7965.000000000001,15.0,0.0,-0.0,0.0,10854.840953654226,0.0,2655.0000000000005,7965.000000000001,0.0,-0.0,807.8982364613203,0.0,980.0226930376477,2456.9427171929065,47.2488984075559,32.2488984075559,0.0,205.49276096393874,0.0,-0.0,0.0,-0.0
CARBON_CAP_040,0.4,TD_WINTER,4,120,5040.0,7830.000000000001,20.0,0.0,0.0,-0.0,10914.840953654228,374.19363814616736,2610.0000000000005,7830.000000000001,0.0,-0.0,807.8982364613203,0.0,1747.526017675902,2456.9427171929065,47.2488984075559,27.2488984075559,0.0,232.74165937149462,0.0,-0.0,0.0,-0.0
CARBON_CAP_040,0.4,TD_WINTER,5,120,5460.0,8100.000000000001,25.0,0.0,155.87748908264243,0.0,10854.840953654226,0.0,2700.0000000000005,8100.000000000001,0.0,-0.0,393.77572554396284,0.0,2121.6129569426516,2456.9427171929065,47.2488984075559,22.2488984075559,0.0,254.99055777905053,0.0,-0.0,0.0,-0.0
CARBON_CAP_040,0.4,TD_WINTER,6,120,6510.0,8775.0,40.0,0.0,935.2649344958545,0.0,9986.453677361887,0.0,2925.0,8775.0,0.0,-0.0,0.0,593.2813881422571,1497.106232582381,2080.0,40.0,0.0,-0.0,254.99055777905053,0.0,-0.0,0.0,-0.0
CARBON_CAP_040,0.4,TD_WINTER,7,120,7350.0,9450.0,50.0,0.0,2338.1623362396363,0.0,8683.872762923382,0.0,3150.0,9450.0,0.0,-0.0,0.0,807.8982364613203,646.6870363073066,1329.9333356243387,25.575641069698822,0.0,24.424358930301178,230.56619884874937,0.0,-0.0,0.0,-0.0
CARBON_CAP_040,0.4,TD_WINTER,8,120,7980.0,9180.0,55.0,0.0,4286.630949772667,0.0,7815.4854866310425,0.0,3060.0,9180.0,0.0,-0.0,0.0,0.0,646.6870363073066,1062.1164364037095,20.42531608468672,0.0,34.57468391531328,195.9915149334361,0.0,-0.0,0.0,-0.0
CARBON_CAP_040,0.4,TD_WINTER,9,120,8505.0,8100.000000000001,55.0,0.0,5845.405840599091,0.0,6947.098210338705,0.0,2700.0000000000005,8100.000000000001,0.0,-0.0,0.0,614.3526844919413,0.0,2201.8567354297375,42.343398758264186,0.0,12.656601241735814,183.33491369170028,0.0,-0.0,0.0,-0.0
CARBON_CAP_040,0.4,TD_WINTER,10,120,8715.0,7020.000000000001,45.0,0.0,6858.609519636267,0.0,6512.904572192535,0.0,2340.0000000000005,7020.000000000001,0.0,-0.0,0.0,-0.0,0.0,2316.5140918288016,44.548347919784646,0.0,0.45165208021535364,182.88326161148493,0.0,-0.0,0.0,-0.0
CARBON_CAP_040,0.4,TD_WINTER,11,120,8610.0,6480.0,35.0,0.0,7404.180731425515,0.0,6078.710934046367,0.0,2160.0,6480.0,0.0,-0.0,255.94894827897588,0.0,243.15150086502706,2456.9427171929065,47.2488984075559,12.248898407555899,0.0,195.13216001904084,0.0,-0.0,0.0,-0.0
CARBON_CAP_040,0.4,TD_WINTER,12,120,8400.0,6210.0,30.0,0.0,7014.487008718909,0.0,6512.904572192535,0.0,2070.0,6210.0,0.0,-0.0,600.4488637185386,0.0,813.5779213976388,2456.9427171929065,47.2488984075559,17.2488984075559,0.0,212.38105842659672,0.0,-0.0,0.0,-0.0
CARBON_CAP_040,0.4,TD_WINTER,13,120,8295.0,6210.0,30.0,0.0,6079.222074223055,0.0,7381.291848484874,0.0,2070.0,6210.0,0.0,-0.0,638.5712055150234,0.0,1420.220566636911,2456.9427171929065,47.2488984075559,17.2488984075559,0.0,229.6299568341526,0.0,-0.0,0.0,-0.0
CARBON_CAP_040,0.4,TD_WINTER,14,120,8400.0,6480.0,35.0,246.81640901906212,4520.44718339663,0.0,8249.679124777213,0.0,2160.0,6480.0,0.0,-0.0,0.0,0.0,1420.220566636911,2456.9427171929065,47.2488984075559,12.248898407555899,0.0,241.8788552417085,0.0,-0.0,0.0,159.91235140345034
CARBON_CAP_040,0.4,TD_WINTER,15,120,8715.0,7020.000000000001,40.0,2404.3280364463253,2727.8560589462422,0.0,9118.06640106955,0.0,2340.0000000000005,7020.000000000001,0.0,-0.0,738.307779269212,0.0,2121.6129569426516,2456.9427171929065,47.2488984075559,7.248898407555899,0.0,249.12775364926438,0.0,-0.0,0.0,1557.7641348135742
CARBON_CAP_040,0.4,TD_WINTER,16,120,9030.0,7695.000000000001,50.0,1107.4750262884263,935.2649344958545,0.0,9552.260039215718,0.0,2565.0000000000005,7695.000000000001,0.0,-0.0,0.0,0.0,2121.6129569426516,0.0,-0.0,0.0,50.0,199.12775364926438,0.0,-0.0,0.0,717.5330695322714
CARBON_CAP_040,0.4,TD_WINTER,17,120,9450.0,8640.0,60.0,1233.9033500477915,155.87748908264243,0.0,10203.550496434971,0.0,2880.0,8640.0,0.0,-0.0,0.0,736.6686644345948,1346.172257537815,0.0,-0.0,0.0,60.0,139.12775364926438,0.0,-0.0,0.0,799.4459804959641
CARBON_CAP_040,0.4,TD_WINTER,18,120,9240.0,9450.0,50.0,727.2608098844539,-0.0,0.0,10854.840953654226,0.0,3150.0,9450.0,-0.0,-0.0,0.0,807.8982364613203,495.7530612627421,0.0,-0.0,0.0,50.0,89.12775364926438,0.0,-0.0,0.0,471.19227872413774
CARBON_CAP_040,0.4,TD_WINTER,19,120,8610.0,9720.0,35.0,0.0,-0.0,0.0,11289.034591800395,0.0,3150.0,9450.0,270.0,29.946761313220936,0.0,470.965408199605,0.0,0.0,-0.0,0.0,35.0,54.12775364926438,0.0,-0.0,0.0,64.68500443655722
CARBON_CAP_040,0.4,TD_WINTER,20,120,7770.0,9450.0,25.0,0.0,-0.0,0.0,11940.32504901965,0.0,3150.0,9450.0,0.0,-0.0,0.0,0.0,-0.0,1020.3250490196497,19.62163555807019,0.0,5.378364441929811,48.74938920733456,0.0,-0.0,0.0,-0.0
CARBON_CAP_040,0.4,TD_WINTER,21,120,6825.0,9180.0,20.0,0.0,-0.0,0.0,11723.228229946564,0.0,3060.0,9180.0,0.0,-0.0,308.7401619295491,0.0,293.30315383307163,1529.488068017015,29.41323207725029,9.413232077250289,0.0,58.162621284584844,0.0,-0.0,0.0,-0.0
CARBON_CAP_040,0.4,TD_WINTER,22,120,6090.0,8775.0,15.0,0.0,-0.0,0.0,10854.840953654226,0.0,2925.0,8775.0,0.0,-0.0,0.0,0.0,293.30315383307163,1839.8409536542258,35.381556801042805,20.381556801042805,0.0,78.54417808562765,0.0,-0.0,0.0,-0.0
CARBON_CAP_040,0.4,TD_WINTER,23,120,5670.0,8505.0,15.0,0.0,-0.0,0.0,9986.453677361887,0.0,2835.0,8505.0,0.0,-0.0,807.8982364613203,0.0,1060.8064784713258,673.5554409005672,12.952989248087832,0.0,2.0470107519121683,76.49716733371515,0.0,-0.0,0.0,-0.0
CARBON_CAP_040,0.4,TD_TRANSITION,0,125,5200.0,5580.0,15.0,0.0,0.0,-0.0,9118.06640106955,0.0,1860.0,5580.0,0.0,-0.0,0.0,0.0,1060.8064784713258,2058.066401069549,39.578200020568254,24.578200020568254,0.0,101.0753673542834,0.0,-0.0,-0.0,-0.0
CARBON_CAP_040,0.4,TD_TRANSITION,1,125,5000.0,5490.0,15.0,0.0,0.0,-0.0,9286.942717192906,482.41414109589823,1830.0,5490.0,0.0,-0.0,0.0,0.0,1060.8064784713258,2456.9427171929065,47.2488984075559,32.2488984075559,0.0,133.32426576183929,0.0,-0.0,-0.0,-0.0
CARBON_CAP_040,0.4,TD_TRANSITION,2,125,4800.0,5400.0,15.0,0.0,0.0,-0.0,9056.942717192906,1363.704598315151,1800.0,5400.0,0.0,-0.0,0.0,0.0,1060.8064784713258,2456.9427171929065,47.2488984075559,32.2488984075559,0.0,165.57316416939517,0.0,-0.0,-0.0,-0.0
CARBON_CAP_040,0.4,TD_TRANSITION,3,125,4700.0,5310.0,15.0,0.0,0.0,-0.0,8926.942717192906,1927.8982364613203,1770.0,5310.0,0.0,-0.0,0.0,0.0,1060.8064784713258,2456.9427171929065,47.2488984075559,32.2488984075559,0.0,197.82206257695105,0.0,-0.0,-0.0,-0.0
CARBON_CAP_040,0.4,TD_TRANSITION,4,125,4800.0,5220.0,20.0,0.0,0.0,-0.0,8996.942717192906,2292.0918746074894,1740.0,5220.0,0.0,-0.0,0.0,0.0,1060.8064784713258,2456.9427171929065,47.2488984075559,27.2488984075559,0.0,225.07096098450694,0.0,-0.0,-0.0,-0.0
CARBON_CAP_040,0.4,TD_TRANSITION,5,125,5200.0,5400.0,25.0,0.0,0.0,155.87748908264243,9456.942717192906,1397.8982364613203,1800.0,5400.0,0.0,-0.0,0.0,0.0,1060.8064784713258,2456.9427171929065,47.2488984075559,22.2488984075559,0.0,247.31985939206282,0.0,-0.0,-0.0,-0.0
CARBON_CAP_040,0.4,TD_TRANSITION,6,125,6200.0,5850.0,40.0,0.0,935.2649344958545,0.0,9671.67778269705,314.7758946648373,1950.0,5850.0,0.0,-0.0,0.0,0.0,1060.8064784713258,2456.9427171929065,47.2488984075559,7.248898407555899,0.0,254.5687577996187,0.0,-0.0,-0.0,-0.0
CARBON_CAP_040,0.4,TD_TRANSITION,7,125,7000.0,6300.0,50.0,0.0,416.12723707661826,1922.035099163018,8683.872762923382,0.0,2100.0,6300.0,0.0,-0.0,0.0,0.0,1060.8064784713258,0.0,-0.0,0.0,50.0,204.5687577996187,0.0,-0.0,-0.0,-0.0
CARBON_CAP_040,0.4,TD_TRANSITION,8,125,7600.0,6120.0,55.0,0.0,4281.457230561863,5.173719210803938,7815.4854866310425,0.0,2040.0,6120.0,0.0,-0.0,0.0,0.0,1060.8064784713258,2456.9427171929065,47.2488984075559,0.0,7.751101592444101,196.8176562071746,0.0,-0.0,-0.0,-0.0
CARBON_CAP_040,0.4,TD_TRANSITION,9,125,8100.0,5400.0,55.0,0.0,5409.8445068542005,435.56133374489036,6947.098210338705,0.0,1800.0,5400.0,0.0,-0.0,0.0,0.0,1060.8064784713258,2456.9427171929065,47.2488984075559,0.0,7.751101592444101,189.06655461473048,0.0,-0.0,-0.0,-0.0
CARBON_CAP_040,0.4,TD_TRANSITION,10,125,8300.0,4680.0,45.0,0.0,3347.095427807465,3511.5140918288016,6512.904572192535,0.0,1560.0,4680.0,0.0,-0.0,0.0,0.0,1060.8064784713258,0.0,-0.0,0.0,45.0,144.06655461473048,0.0,-0.0,-0.0,-0.0
CARBON_CAP_040,0.4,TD_TRANSITION,11,125,8200.0,4320.0,35.0,0.0,6018.231783146539,1385.9489482789759,6078.710934046367,0.0,1440.0,4320.0,0.0,-0.0,0.0,0.0,1060.8064784713258,2456.9427171929065,47.2488984075559,12.248898407555899,0.0,156.31545302228636,0.0,-0.0,-0.0,-0.0
CARBON_CAP_040,0.4,TD_TRANSITION,12,125,8000.0,4140.0,30.0,0.0,7014.487008718909,0.0,4822.455708473996,1690.4488637185386,1380.0,4140.0,0.0,-0.0,0.0,0.0,1060.8064784713258,2456.9427171929065,47.2488984075559,17.2488984075559,0.0,173.56435142984225,0.0,-0.0,-0.0,-0.0
CARBON_CAP_040,0.4,TD_TRANSITION,13,125,7900.0,4140.0,30.0,0.0,4355.650868708031,1723.5712055150234,7381.291848484874,0.0,1380.0,4140.0,0.0,-0.0,0.0,0.0,1060.8064784713258,2456.9427171929065,47.2488984075559,17.2488984075559,0.0,190.81324983739813,0.0,-0.0,-0.0,-0.0
CARBON_CAP_040,0.4,TD_TRANSITION,14,125,8000.0,4320.0,35.0,0.0,3647.263592415693,873.183590980937,8249.679124777213,0.0,1440.0,4320.0,0.0,-0.0,0.0,0.0,1060.8064784713258,2456.9427171929065,47.2488984075559,12.248898407555899,0.0,203.06214824495402,0.0,-0.0,-0.0,-0.0
CARBON_CAP_040,0.4,TD_TRANSITION,15,125,8300.0,4680.0,40.0,0.0,2727.8560589462422,0.0,8387.519858463478,730.546542606071,1560.0,4680.0,0.0,-0.0,0.0,0.0,1060.8064784713258,1255.3759174097204,24.141844565571546,0.0,15.858155434428454,187.20399281052556,0.0,-0.0,-0.0,-0.0
CARBON_CAP_040,0.4,TD_TRANSITION,16,125,8600.0,5130.0,50.0,0.0,757.7399607842817,177.52497371157278,9552.260039215718,0.0,1710.0,5130.0,0.0,-0.0,0.0,0.0,1060.8064784713258,0.0,-0.0,0.0,50.0,137.20399281052556,0.0,-0.0,-0.0,-0.0
CARBON_CAP_040,0.4,TD_TRANSITION,17,125,9000.0,5760.0,60.0,0.0,155.87748908264243,0.0,10203.550496434971,0.0,1920.0,5760.0,0.0,-0.0,0.0,560.5720144823864,470.73067375302435,0.0,-0.0,0.0,60.0,77.20399281052558,0.0,-0.0,-0.0,-0.0
CARBON_CAP_040,0.4,TD_TRANSITION,18,125,8800.0,6300.0,50.0,0.0,-0.0,0.0,10854.840953654226,0.0,2100.0,6300.0,0.0,-0.0,0.0,45.159046345774186,423.1948354943147,0.0,-0.0,0.0,50.0,27.203992810525573,0.0,-0.0,-0.0,-0.0
CARBON_CAP_040,0.4,TD_TRANSITION,19,125,8200.0,6480.0,35.0,0.0,0.0,-0.0,11289.034591800395,0.0,2160.0,6480.0,0.0,-0.0,0.0,0.0,423.1948354943147,929.034591800395,17.866049842315288,0.0,17.133950157684712,10.070042652840861,0.0,-0.0,-0.0,-0.0
CARBON_CAP_040,0.4,TD_TRANSITION,20,125,7400.0,6300.0,25.0,0.0,0.0,-0.0,11940.32504901965,0.0,2100.0,6300.0,0.0,-0.0,0.0,0.0,423.1948354943147,2440.3250490196497,46.929327865762495,21.929327865762495,0.0,31.999370518603357,0.0,-0.0,-0.0,-0.0
CARBON_CAP_040,0.4,TD_TRANSITION,21,125,6500.0,6120.0,20.0,0.0,0.0,-0.0,11428.601907526041,294.62632242052314,2040.0,6120.0,0.0,-0.0,431.6591903331351,0.0,833.271066310793,2456.9427171929065,47.2488984075559,27.2488984075559,0.0,59.248268926159255,0.0,-0.0,-0.0,-0.0
CARBON_CAP_040,0.4,TD_TRANSITION,22,125,5800.0,5850.0,15.0,0.0,0.0,-0.0,7750.0,3104.840953654226,1950.0,5850.0,0.0,-0.0,0.0,0.0,833.271066310793,0.0,-0.0,0.0,15.0,44.248268926159255,0.0,-0.0,-0.0,-0.0
CARBON_CAP_040,0.4,TD_TRANSITION,23,125,5400.0,5670.0,15.0,0.0,0.0,-0.0,9986.453677361887,0.0,1890.0,5670.0,0.0,-0.0,239.5109601689819,0.0,1060.8064784713258,2456.9427171929065,47.2488984075559,32.2488984075559,0.0,76.49716733371515,0.0,-0.0,-0.0,-0.0
