case_id,carbon_cap_ratio,typical_day_id,hour,weight_days,electric_load_kw,heat_load_kw,hydrogen_load_kg,grid_buy_kw,grid_sell_kw,pv_used_kw,pv_sold_kw,pv_curtail_kw,wind_used_kw,wind_sold_kw,wind_curtail_kw,heat_pump_power_kw,heat_pump_heat_kw,gas_boiler_heat_kw,gas_consumption_m3,battery_charge_kw,battery_discharge_kw,battery_soc_kwh,electrolyzer_power_kw,h2_production_kg,h2_charge_kg,h2_discharge_kg,h2_storage_kg,h2_external_supply_kg,h2_fuel_cell_kg,fuel_cell_power_kw,carbon_emission_kg
CARBON_CAP_100,1.0,TD_SUMMER,0,120,5979.999999999999,3720.0,15.0,0.0,2404.413011379733,0.0,0.0,0.0,7272.386988620268,2404.413011379733,0.0,1240.0,3720.0,0.0,0.0,52.38698862026897,0.0,180.73511073992796,0.0,0.0,0.0,15.0,81.42792775186032,0.0,0.0,0.0,0.0
CARBON_CAP_100,1.0,TD_SUMMER,1,120,5750.0,3660.0,15.0,0.0,3345.6130113797326,0.0,0.0,0.0,7022.386988620269,3345.6130113797326,0.0,1220.0,3660.0,0.0,0.0,52.38698862026897,0.0,230.5027499291835,0.0,0.0,0.0,15.0,66.42453492153733,0.0,0.0,0.0,0.0
CARBON_CAP_100,1.0,TD_SUMMER,2,120,5520.0,3600.0,15.0,0.0,3357.7450309037067,0.0,0.0,0.0,7701.454969096294,3357.7450309037067,0.0,1200.0,3600.0,0.0,0.0,0.0,0.0,230.5027499291835,981.4549690962939,18.882646452868507,3.8826464528684284,0.0,70.3044136854507,0.0,0.0,0.0,0.0
CARBON_CAP_100,1.0,TD_SUMMER,3,120,5405.0,3540.0,15.0,0.0,1615.800000000001,0.0,0.0,0.0,9904.2,1615.800000000001,0.0,1180.0,3540.0,0.0,0.0,-0.0,0.0,230.5027499291835,3319.2000000000007,60.372099821746886,45.372099821746886,0.0,115.67358415662736,0.0,1.7763568394002505e-15,0.0,0.0
CARBON_CAP_100,1.0,TD_SUMMER,4,120,5520.0,3480.0,20.0,0.0,1981.6000000000022,0.0,0.0,0.0,9999.2,1981.6000000000022,0.0,1160.0,3480.0,0.0,0.0,-0.0,0.0,230.5027499291835,3319.2000000000007,60.372099821746886,40.372099821746886,0.0,156.04086424570104,0.0,0.0,0.0,0.0
CARBON_CAP_100,1.0,TD_SUMMER,5,120,5979.999999999999,3600.0,25.0,0.0,1115.7102978758867,127.99681700447637,0.0,0.0,10404.289702124115,1115.7102978758867,0.0,1200.0,3600.0,0.0,0.0,33.08651912859091,0.0,261.93494310134486,3319.2000000000007,60.372099821746886,35.3720998217469,0.0,191.40646236477104,0.0,-1.2434497875801753e-14,0.0,0.0
CARBON_CAP_100,1.0,TD_SUMMER,6,120,7129.999999999999,3900.0,40.0,0.0,0.0,767.9809020268582,0.0,0.0,10598.400000000001,0.0,0.0,1300.0,3900.0,0.0,0.0,0.0,0.0,261.93494310134486,2936.38090202686,53.99178152219454,13.991781522194543,0.0,205.39026861770037,0.0,0.0,0.0,0.0
CARBON_CAP_100,1.0,TD_SUMMER,7,120,8049.999999999999,4200.0,50.0,0.0,0.0,1919.9522550671454,0.0,0.0,9216.000000000002,0.0,0.0,1400.0,4200.0,0.0,0.0,-0.0,0.0,261.93494310134486,1685.9522550671472,32.18541355024046,0.0,17.81458644975953,187.56712424008177,0.0,-4.440892098500626e-15,0.0,0.0
CARBON_CAP_100,1.0,TD_SUMMER,8,120,8740.0,4080.0,55.0,0.0,0.0,3519.9124676231004,0.0,0.0,8294.400000000001,0.0,0.0,1360.0,4080.0,0.0,0.0,-0.0,0.0,261.93494310134486,1714.3124676231018,32.70105377853055,0.0,22.298946221469464,165.26036272176896,0.0,1.4210854715202004e-14,0.0,0.0
CARBON_CAP_100,1.0,TD_SUMMER,9,120,9315.0,3600.0,55.0,0.0,0.0,4799.880637667864,0.0,0.0,7372.800000000001,0.0,0.0,1200.0,3600.0,0.0,0.0,-0.0,0.0,261.93494310134486,1657.680637667865,31.67138414298079,0.0,23.3286158570192,141.924861016303,0.0,-8.881784197001252e-15,0.0,0.0
CARBON_CAP_100,1.0,TD_SUMMER,10,120,9545.0,3120.0,45.0,0.0,0.0,5631.8599481969595,0.0,0.0,6912.000000000001,0.0,0.0,1040.0,3120.0,0.0,0.0,-0.0,0.0,261.93494310134486,1958.8599481969604,37.147371607146155,0.0,7.8526283928538305,134.06631908757348,0.0,-1.0658141036401503e-14,0.0,0.0
CARBON_CAP_100,1.0,TD_SUMMER,11,120,9430.0,2880.0,35.0,0.0,0.0,6079.848807712627,0.0,0.0,6451.200000000002,0.0,0.0,960.0,2880.0,0.0,0.0,0.0,0.0,261.93494310134486,2141.0488077126283,40.459896325612846,5.459896325612846,0.0,139.52062931655766,0.0,0.0,0.0,0.0
CARBON_CAP_100,1.0,TD_SUMMER,12,120,9200.0,2760.0,30.0,0.0,0.0,5759.856765201436,0.0,0.0,6912.000000000001,0.0,0.0,920.0,2760.0,0.0,0.0,0.0,0.0,261.93494310134486,2551.856765201437,47.5830459084375,17.583045908437498,0.0,157.0978618654403,0.0,-1.3322676295501878e-15,0.0,0.0
CARBON_CAP_100,1.0,TD_SUMMER,13,120,9085.0,2760.0,30.0,0.0,0.0,4991.875863174579,0.0,0.0,7833.600000000002,0.0,0.0,920.0,2760.0,0.0,0.0,0.0,0.0,261.93494310134486,2820.475863174581,52.06003087465656,22.060030874656576,0.0,179.1513469958525,0.0,-1.4210854715202004e-14,0.0,0.0
CARBON_CAP_100,1.0,TD_SUMMER,14,120,9200.0,2880.0,35.0,0.0,0.0,3711.907693129814,0.0,0.0,8755.2,0.0,0.0,960.0,2880.0,0.0,0.0,0.0,0.0,261.93494310134486,2307.107693129815,43.47914878774351,8.479148787743497,0.0,187.62303114413783,0.0,1.2434497875801753e-14,0.0,0.0
CARBON_CAP_100,1.0,TD_SUMMER,15,120,9545.0,3120.0,40.0,0.0,0.0,2239.9442975783363,0.0,0.0,9676.800000000001,0.0,0.0,1040.0,3120.0,0.0,0.0,0.0,0.0,261.93494310134486,1331.7442975783379,25.74526886862575,0.0,14.254731131374257,173.3604823864659,0.0,7.105427357601002e-15,0.0,0.0
CARBON_CAP_100,1.0,TD_SUMMER,16,120,9890.0,3420.0,50.0,-0.0,0.0,767.9809020268582,0.0,0.0,10137.600000000002,0.0,0.0,1140.0,3420.0,0.0,0.0,0.0,124.41909797313929,130.96747155067192,0.0,0.0,0.0,50.000000000000014,123.3532590330331,0.0,1.4210854715202004e-14,0.0,0.0
CARBON_CAP_100,1.0,TD_SUMMER,17,120,10350.0,3840.0,60.0,-0.0,0.0,127.99681700447637,0.0,0.0,10828.800000000001,0.0,0.0,731.2159149776168,2193.6477449328504,1646.3522550671496,165.48116522333666,0.0,124.41909797313929,0.0,0.0,0.0,0.0,59.99999999999999,63.348119313906736,7.105427357601002e-15,0.0,0.0,357.43931688240724
CARBON_CAP_100,1.0,TD_SUMMER,18,120,10120.0,4200.0,50.0,0.0,0.0,0.0,0.0,0.0,11520.000000000002,0.0,0.0,1400.0,4200.0,0.0,0.0,1.613916566068487e-13,0.0,0.0,0.0,0.0,0.0,49.99999999999999,13.345479808935334,7.105427357601002e-15,0.0,0.0,0.0
CARBON_CAP_100,1.0,TD_SUMMER,19,120,9430.0,4320.0,35.0,0.0,0.0,0.0,0.0,0.0,11980.800000000003,0.0,0.0,1440.0,4320.0,0.0,0.0,-0.0,0.0,-0.0,1110.800000000003,21.655076252723372,0.0,13.344923747276628,0.0,0.0,0.0,0.0,0.0
CARBON_CAP_100,1.0,TD_SUMMER,20,120,8510.0,4200.0,25.0,0.0,1362.194102288826,0.0,0.0,0.0,11309.805897711178,1362.194102288826,0.0,1400.0,4200.0,0.0,0.0,52.38698862026897,0.0,49.76763918925552,1347.4189090909092,25.0,0.0,0.0,0.0,0.0,0.0,0.0,0.0
CARBON_CAP_100,1.0,TD_SUMMER,21,120,7474.999999999999,4080.0,20.0,0.0,1951.7603154361568,0.0,0.0,0.0,10489.839684563845,1951.7603154361568,0.0,1360.0,4080.0,0.0,0.0,33.086519128592556,0.0,81.19983236141844,1621.7531654352529,28.870375792848094,8.870375792848094,0.0,8.870375792848094,0.0,0.0,0.0,0.0
CARBON_CAP_100,1.0,TD_SUMMER,22,120,6669.999999999999,3900.0,15.0,0.0,178.41301137973278,0.0,0.0,0.0,11341.586988620269,178.41301137973278,0.0,1300.0,3900.0,0.0,0.0,52.38698862026897,0.0,130.96747155067396,3319.2000000000007,60.37209982174689,45.37209982174689,0.0,54.24210601560362,0.0,0.0,0.0,0.0
CARBON_CAP_100,1.0,TD_SUMMER,23,120,6209.999999999999,3780.0,15.0,0.0,0.0,0.0,0.0,0.0,10598.400000000001,0.0,0.0,1260.0,3780.0,0.0,0.0,-1.609106010829027e-12,0.0,130.96747155067243,3128.400000000004,57.19209982174695,42.19209982174694,0.0,96.4319457495999,0.0,5.329070518200751e-15,0.0,0.0
CARBON_CAP_100,1.0,TD_WINTER,0,120,5460.0,8370.0,15.0,-0.0,0.0,0.0,0.0,0.0,9676.800000000001,0.0,0.0,2790.0,8370.0,0.0,0.0,0.0,72.03210935286985,55.14419854765155,1498.832109352871,28.78322908270817,13.78322908270816,0.0,110.21115683456848,0.0,1.0658141036401503e-14,0.0,0.0
CARBON_CAP_100,1.0,TD_WINTER,1,120,5250.0,8235.0,15.0,-0.0,0.0,0.0,0.0,0.0,10368.000000000002,0.0,0.0,2745.0,8235.0,0.0,0.0,0.0,52.38698862026897,0.0,2425.3869886202706,45.47521629875139,30.475216298751405,0.0,140.6817810017851,0.0,-1.6431300764452317e-14,0.0,0.0
CARBON_CAP_100,1.0,TD_WINTER,2,120,5040.0,8100.000000000001,15.0,0.0,0.0,0.0,0.0,0.0,11059.2,0.0,0.0,2700.0000000000005,8100.000000000001,0.0,0.0,0.0,-0.0,0.0,3319.2000000000007,60.37209982174689,45.3720998217469,0.0,186.04801908265694,0.0,-7.105427357601002e-15,0.0,0.0
CARBON_CAP_100,1.0,TD_WINTER,3,120,4935.0,7965.000000000001,15.0,0.0,558.4130113797328,0.0,0.0,0.0,10961.586988620269,558.4130113797328,0.0,2655.0000000000005,7965.000000000001,0.0,0.0,52.38698862026897,0.0,49.76763918925552,3319.2000000000007,60.37209982174689,45.3720998217469,0.0,231.41236690360873,0.0,-8.881784197001252e-15,0.0,0.0
CARBON_CAP_100,1.0,TD_WINTER,4,120,5040.0,7830.000000000001,20.0,0.0,887.1809020268629,0.0,0.0,0.0,11093.61909797314,887.1809020268629,0.0,2610.0000000000005,7830.000000000001,0.0,0.0,124.41909797313929,0.0,167.96578226373782,3319.2000000000007,60.37209982174689,40.37209982174687,0.0,271.7748245434013,0.0,1.9539925233402755e-14,0.0,0.0
CARBON_CAP_100,1.0,TD_WINTER,5,120,5460.0,8100.000000000001,25.0,0.0,69.88191085962717,127.99681700447637,0.0,0.0,11450.118089140375,69.88191085962717,0.0,2700.0000000000005,8100.000000000001,0.0,0.0,98.91490614484951,0.0,261.93494310134486,3319.2000000000007,60.37209982174689,35.37209982174687,0.0,307.1356004141255,0.0,0.0,0.0,0.0
CARBON_CAP_100,1.0,TD_WINTER,6,120,6510.0,8775.0,40.0,0.0,0.0,767.9809020268582,0.0,0.0,10598.400000000001,0.0,0.0,2925.0,8775.0,0.0,0.0,0.0,-0.0,261.93494310134486,1931.3809020268595,36.6477525858716,0.0,3.352247414128442,303.77055568331315,0.0,4.085620730620576e-14,0.0,0.0
CARBON_CAP_100,1.0,TD_WINTER,7,120,7350.0,9450.0,50.0,0.0,0.0,1919.9522550671454,0.0,0.0,9216.000000000002,0.0,0.0,2925.0,8775.0,675.0,67.8468330103489,0.0,0.0,261.93494310134486,860.9522550671472,16.881416766022493,0.0,33.11858323397752,270.6393153428488,0.0,1.0658141036401503e-14,0.0,146.54915930235347
CARBON_CAP_100,1.0,TD_WINTER,8,120,7980.0,9180.0,55.0,0.0,0.0,3519.9124676231004,0.0,0.0,8294.400000000001,0.0,0.0,2925.0,8775.0,405.0,40.70809980620934,0.0,-0.0,261.93494310134486,909.3124676231018,17.829656227903957,0.0,37.17034377209603,233.4576949326135,0.0,-1.0658141036401503e-14,0.0,87.92949558141208
CARBON_CAP_100,1.0,TD_WINTER,9,120,8505.0,8100.000000000001,55.0,0.0,0.0,4799.880637667864,0.0,0.0,7372.800000000001,0.0,0.0,2700.0000000000005,8100.000000000001,0.0,0.0,0.0,-0.0,261.93494310134486,967.6806376678651,18.974130150350295,0.0,36.02586984964972,197.42209767900823,0.0,1.7763568394002505e-14,0.0,0.0
CARBON_CAP_100,1.0,TD_WINTER,10,120,8715.0,7020.000000000001,45.0,0.0,0.0,5631.8599481969595,0.0,0.0,6912.000000000001,0.0,0.0,2340.0000000000005,7020.000000000001,0.0,0.0,0.0,0.0,261.93494310134486,1488.8599481969604,28.601917061691616,0.0,16.39808293830879,181.0157888199628,0.0,4.0545344859310717e-13,0.0,0.0
CARBON_CAP_100,1.0,TD_WINTER,11,120,8610.0,6480.0,35.0,-0.0,0.0,6079.848807712627,0.0,0.0,6451.200000000002,0.0,0.0,2160.0,6480.0,0.0,0.0,0.0,-0.0,261.93494310134486,1761.0488077126283,33.55080541652194,0.0,1.4491945834780608,179.55905191195058,0.0,0.0,0.0,0.0
CARBON_CAP_100,1.0,TD_WINTER,12,120,8400.0,6210.0,30.0,-0.0,0.0,5759.856765201436,0.0,0.0,6912.000000000001,0.0,0.0,2070.0,6210.0,0.0,0.0,0.0,0.0,261.93494310134486,2201.856765201437,41.5654955526821,11.565495552682108,0.0,191.11706583746968,0.0,-7.105427357601002e-15,0.0,0.0
CARBON_CAP_100,1.0,TD_WINTER,13,120,8295.0,6210.0,30.0,-0.0,0.0,4991.875863174579,0.0,0.0,7833.600000000002,0.0,0.0,2070.0,6210.0,0.0,0.0,0.0,0.0,261.93494310134486,2460.475863174581,46.06003087465656,16.060030874656547,0.0,207.16913350104966,0.0,1.199040866595169e-14,0.0,0.0
CARBON_CAP_100,1.0,TD_WINTER,14,120,8400.0,6480.0,35.0,-0.0,0.0,3711.907693129814,0.0,0.0,8755.2,0.0,0.0,2160.0,6480.0,0.0,0.0,-0.0,-0.0,261.93494310134486,1907.1076931298148,36.206421515016245,1.2064215150161033,0.0,208.36692296883655,0.0,0.0,0.0,0.0
CARBON_CAP_100,1.0,TD_WINTER,15,120,8715.0,7020.000000000001,40.0,-0.0,0.0,2239.9442975783363,0.0,0.0,9676.800000000001,0.0,0.0,2340.0000000000005,7020.000000000001,0.0,0.0,0.0,-0.0,261.93494310134486,861.7442975783374,16.89694701133995,0.0,23.10305298866004,185.2551880250528,0.0,-1.0658141036401503e-14,0.0,0.0
CARBON_CAP_100,1.0,TD_WINTER,16,120,9030.0,7695.000000000001,50.0,-0.0,0.0,767.9809020268582,0.0,0.0,10137.600000000002,0.0,0.0,1927.9678906471306,5783.903671941392,1911.0963280586093,192.09160509108656,0.0,52.386988620270614,206.79074455369158,0.0,0.0,0.0,49.99999999999999,135.2474690588851,7.105427357601002e-15,0.0,0.0,414.9178669967471
CARBON_CAP_100,1.0,TD_WINTER,17,120,9450.0,8640.0,60.0,-0.0,0.0,127.99681700447637,0.0,0.0,10828.800000000001,0.0,0.0,1559.183805624746,4677.5514168742375,3962.4485831257625,398.2808701206329,0.0,52.38698862026897,151.64654600604004,0.0,0.0,0.0,60.0,75.24183374767429,0.0,0.0,0.0,860.2866794605673
CARBON_CAP_100,1.0,TD_WINTER,18,120,9240.0,9450.0,50.0,0.0,0.0,0.0,0.0,0.0,11520.000000000002,0.0,0.0,2371.98421870574,7115.952656117221,2334.0473438827794,234.60403019061235,0.0,91.98421870573875,54.82105263157819,0.0,0.0,0.0,50.0,25.23869867126814,0.0,0.0,0.0,506.7447052117225
CARBON_CAP_100,1.0,TD_WINTER,19,120,8610.0,9720.0,35.0,0.0,0.0,0.0,0.0,0.0,11980.800000000003,0.0,0.0,2925.0,8775.0,945.0,94.98556621448846,0.0,52.07999999999928,0.0,497.88000000000284,9.762352941176527,0.0,25.2376470588235,0.0,0.0,2.842170943040401e-14,0.0,205.16882302329532
CARBON_CAP_100,1.0,TD_WINTER,20,120,7770.0,9450.0,25.0,0.0,0.0,0.0,0.0,0.0,12672.000000000004,0.0,0.0,2925.0,8775.0,675.0,67.8468330103489,33.08651912859093,0.0,31.43219317216138,1943.9134808714127,36.875617655772565,11.875617655772565,0.0,11.875617655772565,0.0,0.0,0.0,146.54915930235347
CARBON_CAP_100,1.0,TD_WINTER,21,120,6825.0,9180.0,20.0,0.0,0.0,0.0,0.0,0.0,12441.600000000002,0.0,0.0,2925.0,8775.0,405.0,40.70809980620934,52.38698862026897,0.0,81.19983236141691,2639.2130113797334,49.038983344742434,29.038983344742434,0.0,40.91410618311267,0.0,2.6645352591003757e-15,0.0,87.92949558141208
CARBON_CAP_100,1.0,TD_WINTER,22,120,6090.0,8775.0,15.0,0.0,0.0,0.0,0.0,0.0,11520.000000000002,0.0,0.0,2925.0,8775.0,0.0,0.0,52.38698862026897,0.0,130.96747155067243,2452.613011379733,45.92898334474243,30.928983344742427,0.0,71.8413847734308,0.0,3.1086244689504383e-15,0.0,0.0
CARBON_CAP_100,1.0,TD_WINTER,23,120,5670.0,8505.0,15.0,0.0,0.0,0.0,0.0,0.0,10598.400000000001,0.0,0.0,2835.0,8505.0,0.0,0.0,0.0,0.0,130.96747155067243,2093.4000000000015,39.59355436720145,24.593554367201335,0.0,96.4319457495999,0.0,0.0,0.0,0.0
CARBON_CAP_100,1.0,TD_TRANSITION,0,125,5200.0,5580.0,15.0,0.0,2616.800000000001,0.0,0.0,0.0,7060.0,2616.800000000001,0.0,1860.0,5580.0,0.0,0.0,-0.0,0.0,130.96747155067243,0.0,0.0,0.0,15.0,81.42792775186032,0.0,0.0,0.0,0.0
CARBON_CAP_100,1.0,TD_TRANSITION,1,125,5000.0,5490.0,15.0,0.0,3538.000000000002,0.0,0.0,0.0,6830.0,3538.000000000002,0.0,1830.0,5490.0,0.0,0.0,-0.0,0.0,130.96747155067243,0.0,0.0,0.0,15.0,66.42453492153733,0.0,0.0,0.0,0.0
CARBON_CAP_100,1.0,TD_TRANSITION,2,125,4800.0,5400.0,15.0,0.0,4459.200000000001,0.0,0.0,0.0,6600.0,4459.200000000001,0.0,1800.0,5400.0,0.0,0.0,-0.0,0.0,130.96747155067243,0.0,0.0,0.0,15.0,51.42176723258227,0.0,0.0,0.0,0.0
CARBON_CAP_100,1.0,TD_TRANSITION,3,125,4700.0,5310.0,15.0,0.0,5050.000000000002,0.0,0.0,0.0,6470.0,5050.000000000002,0.0,1770.0,5310.0,0.0,0.0,-0.0,0.0,130.96747155067243,0.0,0.0,0.0,15.0,36.419624658947576,0.0,0.0,0.0,0.0
CARBON_CAP_100,1.0,TD_TRANSITION,4,125,4800.0,5220.0,20.0,0.0,4942.919999999995,0.0,0.0,0.0,7037.880000000008,4942.919999999995,0.0,1740.0,5220.0,0.0,0.0,-0.0,0.0,130.96747155067243,497.8800000000085,8.298000000000142,0.0,11.702000000000371,24.716107174586416,0.0,5.133671265866724e-13,0.0,0.0
CARBON_CAP_100,1.0,TD_TRANSITION,5,125,5200.0,5400.0,25.0,0.0,1519.7620006054913,127.99681700447637,0.0,0.0,10000.23799939451,1519.7620006054913,0.0,1800.0,5400.0,0.0,0.0,-0.0,0.0,130.96747155067243,3128.234816398986,56.62768445702111,31.62768445702111,0.0,56.342761793808585,0.0,0.0,0.0,0.0
CARBON_CAP_100,1.0,TD_TRANSITION,6,125,6200.0,5850.0,40.0,0.0,0.0,767.9809020268582,0.0,0.0,10598.400000000001,0.0,0.0,1950.0,5850.0,0.0,0.0,0.0,0.0,130.96747155067243,3216.38090202686,58.658448188861215,18.658448188861215,0.0,74.99886236759505,0.0,-3.552713678800501e-15,0.0,0.0
CARBON_CAP_100,1.0,TD_TRANSITION,7,125,7000.0,6300.0,50.0,0.0,0.0,1919.9522550671454,0.0,0.0,9216.000000000002,0.0,0.0,2100.0,6300.0,0.0,0.0,0.0,0.0,130.96747155067243,2035.9522550671472,38.54904991387683,0.0,11.450950086123164,63.544787328873234,0.0,-7.105427357601002e-15,0.0,0.0
CARBON_CAP_100,1.0,TD_TRANSITION,8,125,7600.0,6120.0,55.0,0.0,0.0,3519.9124676231004,0.0,0.0,8294.400000000001,0.0,0.0,2040.0,6120.0,0.0,0.0,0.0,0.0,130.96747155067243,2174.312467623102,41.06469014216691,0.0,13.93530985783309,49.6068297715681,0.0,0.0,0.0,0.0
CARBON_CAP_100,1.0,TD_TRANSITION,9,125,8100.0,5400.0,55.0,0.0,0.0,4799.880637667864,0.0,0.0,7372.800000000001,0.0,0.0,1800.0,5400.0,0.0,0.0,0.0,0.0,130.96747155067243,2272.680637667865,42.85320232479897,0.0,12.146797675201029,37.457965145126586,0.0,-1.7763568394002505e-15,0.0,0.0
CARBON_CAP_100,1.0,TD_TRANSITION,10,125,8300.0,4680.0,45.0,0.0,0.0,5631.8599481969595,0.0,0.0,6912.000000000001,0.0,0.0,1560.0,4680.0,0.0,0.0,0.0,0.0,130.96747155067243,2683.8599481969604,49.783098958362885,4.783098958362885,0.0,42.23950335494175,0.0,0.0,0.0,0.0
CARBON_CAP_100,1.0,TD_TRANSITION,11,125,8200.0,4320.0,35.0,0.0,0.0,6079.848807712627,0.0,0.0,6451.200000000002,0.0,0.0,1440.0,4320.0,0.0,0.0,0.0,-0.0,130.96747155067243,2891.0488077126283,53.236246616957345,18.236246616957352,0.0,60.47398999259265,0.0,-3.552713678800501e-15,0.0,0.0
CARBON_CAP_100,1.0,TD_TRANSITION,12,125,8000.0,4140.0,30.0,0.0,0.0,5759.856765201436,0.0,0.0,6912.000000000001,0.0,0.0,1380.0,4140.0,0.0,0.0,0.0,-0.0,130.96747155067243,3291.856765201437,59.91637924177083,29.916379241770827,0.0,90.38784948478045,0.0,0.0,0.0,0.0
CARBON_CAP_100,1.0,TD_TRANSITION,13,125,7900.0,4140.0,30.0,0.0,226.27586317458008,4765.5999999999985,226.27586317458008,0.0,7833.600000000002,0.0,0.0,1380.0,4140.0,0.0,0.0,-0.0,0.0,130.96747155067243,3319.2000000000007,60.37209982174689,30.3720998217469,0.0,120.75618314613214,0.0,-8.881784197001252e-15,0.0,0.0
CARBON_CAP_100,1.0,TD_TRANSITION,14,125,8000.0,4320.0,35.0,0.0,0.0,3711.907693129814,0.0,0.0,8755.2,0.0,0.0,1440.0,4320.0,0.0,0.0,0.0,-0.0,130.96747155067243,3027.107693129815,55.50389470724379,20.503894707243802,0.0,141.25504634574486,0.0,-1.4210854715202004e-14,0.0,0.0
CARBON_CAP_100,1.0,TD_TRANSITION,15,125,8300.0,4680.0,40.0,0.0,0.0,2239.9442975783363,0.0,0.0,9676.800000000001,0.0,0.0,1560.0,4680.0,0.0,0.0,0.0,0.0,130.96747155067243,2056.744297578338,38.92708705044393,0.0,1.0729129495560699,140.1762477692577,0.0,0.0,0.0,0.0
CARBON_CAP_100,1.0,TD_TRANSITION,16,125,8600.0,5130.0,50.0,0.0,0.0,767.9809020268582,0.0,0.0,10137.600000000002,0.0,0.0,1710.0,5130.0,0.0,0.0,0.0,-0.0,130.96747155067243,595.5809020268607,11.678056902487464,0.0,38.32194309751253,101.84846399475478,0.0,-5.329070518200751e-15,0.0,0.0
CARBON_CAP_100,1.0,TD_TRANSITION,17,125,9000.0,5760.0,60.0,0.0,36.79681700447638,127.99681700447637,0.0,0.0,10792.003182995524,36.79681700447638,0.0,1920.0,5760.0,0.0,0.0,0.0,0.0,130.96747155067243,1.2079226507921703e-13,2.236893797763278e-15,0.0,60.0,41.844220308755,0.0,0.0,0.0,0.0
CARBON_CAP_100,1.0,TD_TRANSITION,18,125,8800.0,6300.0,50.0,0.0,0.0,0.0,0.0,0.0,11520.000000000002,0.0,0.0,2100.0,6300.0,0.0,0.0,0.0,0.0,130.96747155067243,620.0000000000018,12.156862745098074,0.0,37.843137254901926,3.999339544673539,0.0,0.0,0.0,0.0
CARBON_CAP_100,1.0,TD_TRANSITION,19,125,8200.0,6480.0,35.0,0.0,0.0,0.0,0.0,0.0,11980.800000000003,0.0,0.0,2160.0,6480.0,0.0,0.0,0.0,0.0,130.96747155067243,1620.800000000003,31.000827094474207,0.0,3.9991729055258443,0.0,0.0,5.1514348342607263e-14,0.0,0.0
CARBON_CAP_100,1.0,TD_TRANSITION,20,125,7400.0,6300.0,25.0,0.0,1762.5236363636286,0.0,0.0,0.0,10909.476363636375,1762.5236363636286,0.0,2100.0,6300.0,0.0,0.0,-0.0,0.0,130.96747155067243,1409.4763636363741,25.000000000000185,0.0,0.0,0.0,0.0,1.829647544582258e-13,0.0,0.0
CARBON_CAP_100,1.0,TD_TRANSITION,21,125,6500.0,6120.0,20.0,0.0,2439.9160897303027,0.0,0.0,0.0,10001.6839102697,2439.9160897303027,0.0,2040.0,6120.0,0.0,0.0,-0.0,0.0,130.96747155067243,1461.6839102697002,25.870125777222274,5.870125777222273,0.0,5.870125777222273,0.0,8.881784197001252e-16,0.0,0.0
CARBON_CAP_100,1.0,TD_TRANSITION,22,125,5800.0,5850.0,15.0,0.0,450.8000000000011,0.0,0.0,0.0,11069.2,450.8000000000011,0.0,1950.0,5850.0,0.0,0.0,-0.0,0.0,130.96747155067243,3319.2000000000007,60.37209982174689,45.37209982174689,0.0,51.241981010395115,0.0,-1.7763568394002505e-15,0.0,0.0
CARBON_CAP_100,1.0,TD_TRANSITION,23,125,5400.0,5670.0,15.0,0.0,0.0,0.0,0.0,0.0,10598.400000000001,0.0,0.0,1890.0,5670.0,0.0,0.0,-0.0,-0.0,130.96747155067243,3308.4000000000015,60.1920998217469,45.19209982174689,0.0,96.4319457495999,0.0,7.105427357601002e-15,0.0,0.0
CARBON_CAP_090,0.9,TD_SUMMER,0,120,5979.999999999999,3720.0,15.0,0.0,2542.890444552112,0.0,0.0,0.0,7219.999999999999,2542.890444552112,0.0,1240.0,3720.0,0.0,0.0,0.0,0.0,72.58649062412445,0.0,0.0,0.0,15.0,88.79592070899201,0.0,0.0,0.0,0.0
CARBON_CAP_090,0.9,TD_SUMMER,1,120,5750.0,3660.0,15.0,0.0,3490.239762020119,0.0,0.0,0.0,6970.0,3490.239762020119,0.0,1220.0,3660.0,0.0,0.0,0.0,0.0,72.58649062412445,0.0,0.0,0.0,14.999999999999996,73.79222087896247,3.552713678800501e-15,0.0,0.0,0.0
CARBON_CAP_090,0.9,TD_SUMMER,2,120,5520.0,3600.0,15.0,0.0,3299.7042535208266,0.0,0.0,0.0,7857.8848259673005,3299.7042535208266,0.0,1200.0,3600.0,0.0,0.0,18.337639736620932,0.0,90.00724837391434,1119.5471862306817,18.801953804426855,3.8019538044268018,0.0,77.59110000751932,0.0,0.0,0.0,0.0
CARBON_CAP_090,0.9,TD_SUMMER,3,120,5405.0,3540.0,15.0,0.0,1619.8995449786707,0.0,0.0,0.0,10002.589079488129,1619.8995449786707,0.0,1180.0,3540.0,0.0,0.0,0.0,0.0,90.00724837391434,3417.589079488127,62.16167421564511,47.16167421564511,0.0,124.7495412606641,0.0,-2.6645352591003757e-15,0.0,0.0
CARBON_CAP_090,0.9,TD_SUMMER,4,120,5520.0,3480.0,20.0,0.0,1960.7644937076948,0.0,0.0,0.0,10126.623675737777,1960.7644937076948,0.0,1160.0,3480.0,0.0,0.0,29.03459624964978,0.0,117.59011481108162,3417.589079488127,62.16167421564511,42.16167421564512,0.0,166.9060175787567,0.0,-1.4210854715202004e-14,0.0,0.0
CARBON_CAP_090,0.9,TD_SUMMER,5,120,5979.999999999999,3600.0,25.0,0.0,1118.6786435469403,122.81369481791742,0.0,0.0,10503.80998091986,1118.6786435469403,0.0,1200.0,3600.0,0.0,0.0,29.03459624964978,0.0,145.1729812482489,3417.589079488127,62.16167421564511,37.16167421564512,0.0,204.06073737700268,0.0,-1.687538997430238e-14,0.0,0.0
CARBON_CAP_090,0.9,TD_SUMMER,6,120,7129.999999999999,3900.0,40.0,0.0,0.0,736.8821689075045,0.0,0.0,10692.689534509456,0.0,0.0,1300.0,3900.0,0.0,0.0,0.0,0.0,145.1729812482489,2999.571703416961,55.19471794779234,15.194717947792299,0.0,219.24695279407092,0.0,4.263256414560601e-14,0.0,0.0
CARBON_CAP_090,0.9,TD_SUMMER,7,120,8049.999999999999,4200.0,50.0,0.0,0.0,1842.2054222687614,0.0,0.0,9297.99089957344,0.0,0.0,1400.0,4200.0,0.0,0.0,0.0,0.0,145.1729812482489,1690.1963218422034,32.307982749122914,0.0,17.692017250877086,201.54580025349406,0.0,-1.7763568394002505e-15,0.0,0.0
CARBON_CAP_090,0.9,TD_SUMMER,8,120,8740.0,4080.0,55.0,0.0,0.0,3377.3766074927294,0.0,0.0,8368.191809616095,0.0,0.0,1360.0,4080.0,0.0,0.0,-0.0,0.0,145.1729812482489,1645.568417108826,31.49656629942514,0.0,23.503433700574874,178.03396881124195,0.0,1.4210854715202004e-14,0.0,0.0
CARBON_CAP_090,0.9,TD_SUMMER,9,120,9315.0,3600.0,55.0,0.0,0.0,4605.513555671903,0.0,0.0,7438.392719658752,0.0,0.0,1200.0,3600.0,0.0,0.0,0.0,0.0,145.1729812482489,1528.9062753306562,29.375436448912964,0.0,25.62456355108705,152.4019871781211,0.0,1.3322676295501878e-14,0.0,0.0
CARBON_CAP_090,0.9,TD_SUMMER,10,120,9545.0,3120.0,45.0,0.0,0.0,5403.802571988366,0.0,0.0,6973.493174680079,0.0,0.0,1040.0,3120.0,0.0,0.0,-0.0,0.0,145.1729812482489,1792.2957466684466,34.16433592778188,0.0,10.835664072218123,141.55997302310388,0.0,1.7763568394002505e-15,0.0,0.0
CARBON_CAP_090,0.9,TD_SUMMER,11,120,9430.0,2880.0,35.0,0.0,0.0,5833.650503851078,0.0,0.0,6508.593629701409,0.0,0.0,960.0,2880.0,0.0,0.0,0.0,0.0,145.1729812482489,1952.2441335524873,37.07248841658262,2.0724884165826154,0.0,143.62656310747718,0.0,0.0,0.0,0.0
CARBON_CAP_090,0.9,TD_SUMMER,12,120,9200.0,2760.0,30.0,0.0,0.0,5526.616266806284,0.0,0.0,6973.493174680079,0.0,0.0,920.0,2760.0,0.0,0.0,-0.0,0.0,145.1729812482489,2380.1094414863646,44.85185765174403,14.851857651744012,0.0,158.4724363190917,0.0,1.1546319456101628e-14,0.0,0.0
CARBON_CAP_090,0.9,TD_SUMMER,13,120,9085.0,2760.0,30.0,0.0,0.0,4789.7340978987795,0.0,0.0,7903.2922646374245,0.0,0.0,920.0,2760.0,0.0,0.0,-0.0,0.0,145.1729812482489,2688.0263625362045,50.00229559977973,20.00229559977973,0.0,178.46812890069148,0.0,0.0,0.0,0.0
CARBON_CAP_090,0.9,TD_SUMMER,14,120,9200.0,2880.0,35.0,0.0,0.0,3561.597149719605,0.0,0.0,8833.091354594768,0.0,0.0,960.0,2880.0,0.0,0.0,-0.0,0.0,145.1729812482489,2234.688504314374,42.207840612253285,7.207840612253278,0.0,185.66853334090723,0.0,6.217248937900877e-15,0.0,0.0
CARBON_CAP_090,0.9,TD_SUMMER,15,120,9545.0,3120.0,40.0,0.0,0.0,2149.239659313555,0.0,0.0,9762.890444552111,0.0,0.0,1040.0,3120.0,0.0,0.0,-0.0,0.0,145.1729812482489,1327.1301038656654,25.69334258122304,0.0,14.306657418776751,171.35413973324125,0.0,-2.0961010704922955e-13,0.0,0.0
CARBON_CAP_090,0.9,TD_SUMMER,16,120,9890.0,3420.0,50.0,0.0,0.0,736.8821689075045,0.0,0.0,10227.789989530784,0.0,0.0,1140.0,3420.0,0.0,0.0,0.0,65.327841561712,76.40683223592048,0.0,0.0,0.0,49.99999999999999,121.34699997741903,7.105427357601002e-15,0.0,0.0,0.0
CARBON_CAP_090,0.9,TD_SUMMER,17,120,10350.0,3840.0,60.0,-0.0,0.0,122.81369481791742,0.0,0.0,10925.139306998792,0.0,0.0,770.5394924408338,2311.6184773225013,1528.3815226774987,153.62347547437486,0.0,72.58649062412445,0.0,0.0,0.0,0.0,59.99999999999999,61.341943852419966,7.105427357601002e-15,0.0,0.0,331.82670702464975
CARBON_CAP_090,0.9,TD_SUMMER,18,120,10120.0,4200.0,50.0,0.0,73.45402821714993,0.0,0.0,0.0,11549.03459624965,73.45402821714993,0.0,1400.0,4200.0,0.0,0.0,29.034596249649667,0.0,27.582866437167183,0.0,0.0,0.0,50.0,11.339387938092775,0.0,0.0,0.0,0.0
CARBON_CAP_090,0.9,TD_SUMMER,19,120,9430.0,4320.0,35.0,0.0,0.0,0.0,0.0,0.0,12087.388169445472,0.0,0.0,1440.0,4320.0,0.0,0.0,-0.0,0.0,27.582866437167183,1217.3881694454722,23.661084536404644,0.0,11.338915463595354,0.0,0.0,0.0,0.0,0.0
CARBON_CAP_090,0.9,TD_SUMMER,20,120,8510.0,4200.0,25.0,0.0,1580.1513476073178,0.0,0.0,0.0,11204.586139306162,1580.1513476073178,0.0,1400.0,4200.0,0.0,0.0,0.0,0.0,27.582866437167226,1294.5861393061616,25.0,0.0,0.0,0.0,0.0,0.0,0.0,0.0
CARBON_CAP_090,0.9,TD_SUMMER,21,120,7474.999999999999,4080.0,20.0,0.0,1944.5468508535632,0.0,0.0,0.0,10607.740863570581,1944.5468508535632,0.0,1360.0,4080.0,0.0,0.0,29.03459624964978,0.0,55.165732874334516,1743.7062673209316,32.72824877264367,12.728248772643665,0.0,12.728248772643665,0.0,-1.7763568394002505e-15,0.0,0.0
CARBON_CAP_090,0.9,TD_SUMMER,22,120,6669.999999999999,3900.0,15.0,0.0,216.56190524205158,0.0,0.0,0.0,11405.926719224748,216.56190524205158,0.0,1300.0,3900.0,0.0,0.0,18.337639736620986,0.0,72.58649062412445,3417.589079488127,62.16167421564511,47.16167421564511,0.0,59.88939264458991,0.0,0.0,0.0,0.0
CARBON_CAP_090,0.9,TD_SUMMER,23,120,6209.999999999999,3780.0,15.0,0.0,0.0,0.0,0.0,0.0,10692.689534509456,0.0,0.0,1260.0,3780.0,0.0,0.0,-0.0,0.0,72.58649062412445,3222.689534509457,58.913348466000606,43.91334846600061,0.0,103.80024571923033,0.0,-4.440892098500626e-15,0.0,0.0
CARBON_CAP_090,0.9,TD_WINTER,0,120,5460.0,8370.0,15.0,-0.0,0.0,0.0,0.0,0.0,9762.890444552111,0.0,0.0,2790.0,8370.0,0.0,0.0,0.0,39.92256984326845,30.56273289436819,1552.8130143953795,29.81010443190793,14.81010443190793,0.0,118.60602514089994,0.0,0.0,0.0,0.0
CARBON_CAP_090,0.9,TD_WINTER,1,120,5250.0,8235.0,15.0,0.0,0.0,0.0,0.0,0.0,10460.239762020119,0.0,0.0,2745.0,8235.0,0.0,0.0,0.0,29.03459624964978,0.0,2494.274358269768,46.77309552867246,31.77309552867247,0.0,150.3741787518582,0.0,-1.687538997430238e-14,0.0,0.0
CARBON_CAP_090,0.9,TD_WINTER,2,120,5040.0,8100.000000000001,15.0,0.0,0.0,0.0,0.0,0.0,11157.589079488127,0.0,0.0,2700.0000000000005,8100.000000000001,0.0,0.0,-0.0,0.0,0.0,3417.589079488127,62.16167421564511,47.16167421564509,0.0,197.52958737672196,0.0,1.4210854715202004e-14,0.0,0.0
CARBON_CAP_090,0.9,TD_WINTER,3,120,4935.0,7965.000000000001,15.0,0.0,563.7069673806036,0.0,0.0,0.0,11058.781657086196,563.7069673806036,0.0,2655.0000000000005,7965.000000000001,0.0,0.0,51.19257759806672,0.0,48.632948718163384,3417.589079488127,62.16167421564511,47.16167421564512,0.0,244.68303119289305,0.0,-1.687538997430238e-14,0.0,0.0
CARBON_CAP_090,0.9,TD_WINTER,4,120,5040.0,7830.000000000001,20.0,0.0,990.764493707693,0.0,0.0,0.0,11096.62367573778,990.764493707693,0.0,2610.0000000000005,7830.000000000001,0.0,0.0,29.03459624964978,0.0,76.21581515533067,3417.589079488127,62.16167421564511,42.16167421564512,0.0,286.83451028223845,0.0,-1.687538997430238e-14,0.0,0.0
CARBON_CAP_090,0.9,TD_WINTER,5,120,5460.0,8100.000000000001,25.0,0.0,95.12674917246477,122.81369481791742,0.0,0.0,11527.361875294335,95.12674917246477,0.0,2700.0000000000005,8100.000000000001,0.0,0.0,72.58649062412445,0.0,145.1729812482489,3417.589079488127,62.16167421564511,37.16167421564512,0.0,323.98423305995516,0.0,0.0,0.0,0.0
CARBON_CAP_090,0.9,TD_WINTER,6,120,6510.0,8775.0,40.0,0.0,0.0,736.8821689075045,0.0,0.0,10692.689534509456,0.0,0.0,2925.0,8775.0,0.0,0.0,0.0,-0.0,145.1729812482489,1994.5717034169606,37.842080595936686,0.0,2.157919404063307,321.81281431284765,0.0,-9.769962616701378e-15,0.0,0.0
CARBON_CAP_090,0.9,TD_WINTER,7,120,7350.0,9450.0,50.0,0.0,0.0,1842.2054222687614,0.0,0.0,9297.99089957344,0.0,0.0,2964.749807522252,8894.249422566756,555.750577433244,55.8606172185456,0.0,0.0,145.1729812482489,825.4465143199498,16.185225770979407,0.0,33.8147742290206,287.984631216564,0.0,7.105427357601002e-15,0.0,120.65893319205838
CARBON_CAP_090,0.9,TD_WINTER,8,120,7980.0,9180.0,55.0,0.0,0.0,3377.3766074927294,0.0,0.0,8368.191809616095,0.0,0.0,2964.749807522252,8894.249422566756,285.75057743324396,28.72188401440604,0.0,-0.0,145.1729812482489,800.8186095865726,15.70232567816809,0.0,39.29767432183189,248.6749575350981,0.0,-1.7763568394002505e-14,0.0,62.039269471116995
CARBON_CAP_090,0.9,TD_WINTER,9,120,8505.0,8100.000000000001,55.0,0.0,0.0,4605.513555671903,0.0,0.0,7438.392719658752,0.0,0.0,2700.0000000000005,8100.000000000001,0.0,0.0,0.0,0.0,145.1729812482489,838.9062753306553,16.44914265354226,0.0,38.55085734645775,210.11373873207637,0.0,7.105427357601002e-15,0.0,0.0
CARBON_CAP_090,0.9,TD_WINTER,10,120,8715.0,7020.000000000001,45.0,0.0,0.0,5403.802571988366,0.0,0.0,6973.493174680079,0.0,0.0,2340.0000000000005,7020.000000000001,0.0,0.0,0.0,0.0,145.1729812482489,1322.2957466684454,25.603817447941186,0.0,19.39618255205835,190.70880144090418,0.0,-4.654054919228656e-13,0.0,0.0
CARBON_CAP_090,0.9,TD_WINTER,11,120,8610.0,6480.0,35.0,-0.0,0.0,5833.650503851078,0.0,0.0,6508.593629701409,0.0,0.0,2160.0,6480.0,0.0,0.0,0.0,-0.0,145.1729812482489,1572.2441335524863,30.163397507491695,0.0,4.8366024925083195,185.86425274833582,0.0,1.4210854715202004e-14,0.0,0.0
CARBON_CAP_090,0.9,TD_WINTER,12,120,8400.0,6210.0,30.0,-0.0,0.0,5526.616266806284,0.0,0.0,6973.493174680079,0.0,0.0,2070.0,6210.0,0.0,0.0,-0.0,0.0,145.1729812482489,2030.1094414863637,38.488221288107646,8.488221288107638,0.0,194.34472969257894,0.0,7.993605777301127e-15,0.0,0.0
CARBON_CAP_090,0.9,TD_WINTER,13,120,8295.0,6210.0,30.0,-0.0,0.0,4789.7340978987795,0.0,0.0,7903.2922646374245,0.0,0.0,2070.0,6210.0,0.0,0.0,-0.0,0.0,145.1729812482489,2328.026362536204,43.90489257992292,13.904892579922915,0.0,208.24152457543133,0.0,7.993605777301127e-15,0.0,0.0
CARBON_CAP_090,0.9,TD_WINTER,14,120,8400.0,6480.0,35.0,-0.0,0.0,3561.597149719605,0.0,0.0,8833.091354594768,0.0,0.0,2160.0,6480.0,0.0,0.0,-0.0,0.0,145.1729812482489,1834.688504314373,34.935113339526,0.0,0.064886660474059,208.16796118476663,0.0,0.0,0.0,0.0
CARBON_CAP_090,0.9,TD_WINTER,15,120,8715.0,7020.000000000001,40.0,-0.0,0.0,2149.239659313555,0.0,0.0,9762.890444552111,0.0,0.0,2340.0000000000005,7020.000000000001,0.0,0.0,-0.0,0.0,145.1729812482489,857.1301038656661,16.806472624816983,0.0,23.193527375183038,184.96576014453422,0.0,2.1316282072803006e-14,0.0,0.0
CARBON_CAP_090,0.9,TD_WINTER,16,120,9030.0,7695.000000000001,50.0,-0.0,0.0,736.8821689075045,0.0,0.0,10227.789989530784,0.0,0.0,1963.7067546879389,5891.120264063817,1803.8797359361843,181.31485513305861,0.0,29.03459624964978,114.61024835388072,0.0,0.0,0.0,49.99999999999999,134.95805323786152,7.105427357601002e-15,0.0,0.0,391.64008708740676
CARBON_CAP_090,0.9,TD_WINTER,17,120,9450.0,8640.0,60.0,-0.0,0.0,122.81369481791742,0.0,0.0,10925.139306998792,0.0,0.0,1670.5394924408338,5011.618477322501,3628.3815226774987,364.70251150657145,0.0,72.58649062412445,38.203416117960245,0.0,0.0,0.0,59.99999999999999,74.95242998564328,7.105427357601002e-15,0.0,0.0,787.7574248541944
CARBON_CAP_090,0.9,TD_WINTER,18,120,9240.0,9450.0,50.0,0.0,0.0,0.0,0.0,0.0,11622.4886244668,0.0,0.0,2418.7818697788625,7256.345609336588,2193.6543906634124,220.492597223347,0.0,36.29324531206223,0.0,0.0,0.0,0.0,49.99999999999999,24.949306967727217,7.105427357601002e-15,0.0,0.0,476.26401000242936
CARBON_CAP_090,0.9,TD_WINTER,19,120,8610.0,9720.0,35.0,0.0,0.0,0.0,0.0,0.0,12087.388169445472,0.0,0.0,2964.749807522252,8894.249422566756,825.750577433244,82.99935042268517,-0.0,0.0,0.0,512.638361923219,10.051732586729784,0.0,24.948267413270226,0.0,0.0,1.0658141036401503e-14,0.0,179.27859691300023
CARBON_CAP_090,0.9,TD_WINTER,20,120,7770.0,9450.0,25.0,0.0,0.0,0.0,0.0,0.0,12784.73748691348,0.0,0.0,2964.749807522252,8894.249422566756,555.750577433244,55.8606172185456,18.337639736620915,0.0,17.420757749789868,2031.650039654607,38.51623216389389,13.516232163893887,0.0,13.516232163893887,0.0,1.7763568394002505e-15,0.0,120.65893319205838
CARBON_CAP_090,0.9,TD_WINTER,21,120,6825.0,9180.0,20.0,0.0,0.0,0.0,0.0,0.0,12552.287714424145,0.0,0.0,2964.749807522252,8894.249422566756,285.75057743324396,28.72188401440604,29.03459624964978,0.0,45.00362418695716,2733.5033106522437,50.760244735047046,30.760244735047053,0.0,44.27591372260078,0.0,-4.440892098500626e-15,0.0,62.039269471116995
CARBON_CAP_090,0.9,TD_WINTER,22,120,6090.0,8775.0,15.0,0.0,0.0,0.0,0.0,0.0,11622.4886244668,0.0,0.0,2925.0,8775.0,0.0,0.0,29.03459624964978,0.0,72.58649062412445,2578.4540282171497,48.17609002779548,33.17609002779548,0.0,77.45015892065781,0.0,-8.881784197001252e-16,0.0,0.0
CARBON_CAP_090,0.9,TD_WINTER,23,120,5670.0,8505.0,15.0,0.0,0.0,0.0,0.0,0.0,10692.689534509456,0.0,0.0,2835.0,8505.0,0.0,0.0,0.0,0.0,72.58649062412445,2187.6895345094563,41.35331388852751,26.353313888527552,0.0,103.80024571923033,0.0,0.0,0.0,0.0
CARBON_CAP_090,0.9,TD_TRANSITION,0,125,5200.0,5580.0,15.0,0.0,2702.890444552111,0.0,0.0,0.0,7060.0,2702.890444552111,0.0,1860.0,5580.0,0.0,0.0,0.0,0.0,72.58649062412445,0.0,0.0,0.0,14.999999999999996,88.79592070899201,3.552713678800501e-15,0.0,0.0,0.0
CARBON_CAP_090,0.9,TD_TRANSITION,1,125,5000.0,5490.0,15.0,0.0,3117.6014000969,0.0,0.0,0.0,7342.638361923219,3117.6014000969,0.0,1830.0,5490.0,0.0,0.0,0.0,0.0,72.58649062412445,512.6383619232192,8.54397269872032,0.0,6.456027301279676,82.33619357768279,0.0,-3.552713678800501e-15,0.0,0.0
CARBON_CAP_090,0.9,TD_TRANSITION,2,125,4800.0,5400.0,15.0,0.0,4557.589079488127,0.0,0.0,0.0,6600.0,4557.589079488127,0.0,1800.0,5400.0,0.0,0.0,0.0,0.0,72.58649062412445,0.0,0.0,0.0,15.0,67.33276290295038,0.0,0.0,0.0,0.0
CARBON_CAP_090,0.9,TD_TRANSITION,3,125,4700.0,5310.0,15.0,0.0,5152.4886244668,0.0,0.0,0.0,6470.0,5152.4886244668,0.0,1770.0,5310.0,0.0,0.0,0.0,0.0,72.58649062412445,0.0,0.0,0.0,14.999999999999996,52.32995737116275,3.552713678800501e-15,0.0,0.0,0.0
CARBON_CAP_090,0.9,TD_TRANSITION,4,125,4800.0,5220.0,20.0,0.0,5547.388169445472,0.0,0.0,0.0,6540.0,5547.388169445472,0.0,1740.0,5220.0,0.0,0.0,0.0,0.0,72.58649062412445,0.0,0.0,0.0,20.0,32.32777695627228,0.0,0.0,0.0,0.0
CARBON_CAP_090,0.9,TD_TRANSITION,5,125,5200.0,5400.0,25.0,0.0,1756.3274519429378,122.81369481791742,0.0,0.0,9866.161172523862,1756.3274519429378,0.0,1800.0,5400.0,0.0,0.0,-0.0,-0.0,72.58649062412445,2988.9748673417776,53.75747397748139,28.75747397748139,0.0,61.083903943047154,0.0,0.0,0.0,0.0
CARBON_CAP_090,0.9,TD_TRANSITION,6,125,6200.0,5850.0,40.0,0.0,0.0,736.8821689075045,0.0,0.0,10692.689534509456,0.0,0.0,1950.0,5850.0,0.0,0.0,0.0,-0.0,72.58649062412445,3279.5717034169606,59.861384614459,19.861384614459,0.0,80.94274339484186,0.0,2.6645352591003757e-15,0.0,0.0
CARBON_CAP_090,0.9,TD_TRANSITION,7,125,7000.0,6300.0,50.0,0.0,0.0,1842.2054222687614,0.0,0.0,9297.99089957344,0.0,0.0,2100.0,6300.0,0.0,0.0,0.0,-0.0,72.58649062412445,2040.1963218422015,38.671619112759245,0.0,11.328380887240755,69.61098989329298,0.0,8.881784197001252e-16,0.0,0.0
CARBON_CAP_090,0.9,TD_TRANSITION,8,125,7600.0,6120.0,55.0,0.0,0.0,3377.3766074927294,0.0,0.0,8368.191809616095,0.0,0.0,2040.0,6120.0,0.0,0.0,0.0,0.0,72.58649062412445,2105.5684171088246,39.860202663061486,0.0,15.139797336938521,54.46829209844224,0.0,0.0,0.0,0.0
CARBON_CAP_090,0.9,TD_TRANSITION,9,125,8100.0,5400.0,55.0,0.0,0.0,4605.513555671903,0.0,0.0,7438.392719658752,0.0,0.0,1800.0,5400.0,0.0,0.0,0.0,0.0,72.58649062412445,2143.9062753306553,40.55725463073113,0.0,14.44274536926887,40.0232772170026,0.0,2.6645352591003757e-15,0.0,0.0
CARBON_CAP_090,0.9,TD_TRANSITION,10,125,8300.0,4680.0,45.0,0.0,0.0,5403.802571988366,0.0,0.0,6973.493174680079,0.0,0.0,1560.0,4680.0,0.0,0.0,0.0,0.0,72.58649062412445,2517.2957466684456,47.15678533531708,2.156785335317082,0.0,42.17839491576897,0.0,0.0,0.0,0.0
CARBON_CAP_090,0.9,TD_TRANSITION,11,125,8200.0,4320.0,35.0,0.0,0.0,5833.650503851078,0.0,0.0,6508.593629701409,0.0,0.0,1440.0,4320.0,0.0,0.0,0.0,-0.0,72.58649062412445,2702.2441335524863,50.239258450051096,15.239258450051096,0.0,57.415895932698575,0.0,-8.881784197001252e-16,0.0,0.0
CARBON_CAP_090,0.9,TD_TRANSITION,12,125,8000.0,4140.0,30.0,0.0,0.0,5526.616266806284,0.0,0.0,6973.493174680079,0.0,0.0,1380.0,4140.0,0.0,0.0,0.0,0.0,72.58649062412445,3120.1094414863637,57.20368024894905,27.20368024894905,0.0,84.61718385265043,0.0,0.0,0.0,0.0
CARBON_CAP_090,0.9,TD_TRANSITION,13,125,7900.0,4140.0,30.0,0.0,0.0,4789.7340978987795,0.0,0.0,7903.2922646374245,0.0,0.0,1380.0,4140.0,0.0,0.0,0.0,-0.0,72.58649062412445,3413.026362536204,62.08562893311306,32.08562893311306,0.0,116.69928706976962,0.0,8.881784197001252e-16,0.0,0.0
CARBON_CAP_090,0.9,TD_TRANSITION,14,125,8000.0,4320.0,35.0,0.0,0.0,3561.597149719605,0.0,0.0,8833.091354594768,0.0,0.0,1440.0,4320.0,0.0,0.0,0.0,0.0,72.58649062412445,2954.688504314373,54.44666462941587,19.446664629415864,0.0,136.1410892288909,0.0,7.105427357601002e-15,0.0,0.0
CARBON_CAP_090,0.9,TD_TRANSITION,15,125,8300.0,4680.0,40.0,0.0,0.0,2149.239659313555,0.0,0.0,9762.890444552111,0.0,0.0,1560.0,4680.0,0.0,0.0,0.0,-0.0,72.58649062412445,2052.130103865666,38.88859696773133,0.0,1.1114030322686688,135.02401365123768,0.0,0.0,0.0,0.0
CARBON_CAP_090,0.9,TD_TRANSITION,16,125,8600.0,5130.0,50.0,0.0,0.0,736.8821689075045,0.0,0.0,10227.789989530784,0.0,0.0,1710.0,5130.0,0.0,0.0,0.0,0.0,72.58649062412445,654.6721584382882,12.836708988986043,0.0,37.16329101101395,97.85509663965492,0.0,-3.552713678800501e-15,0.0,0.0
CARBON_CAP_090,0.9,TD_TRANSITION,17,125,9000.0,5760.0,60.0,0.0,127.95300181670837,122.81369481791742,0.0,0.0,10797.186305182084,127.95300181670837,0.0,1920.0,5760.0,0.0,0.0,0.0,0.0,72.58649062412445,1.6200374375330284e-12,3.127007246700223e-14,0.0,59.99999999999997,37.851019343961624,0.0,0.0,0.0,0.0
CARBON_CAP_090,0.9,TD_TRANSITION,18,125,8800.0,6300.0,50.0,0.0,0.0,0.0,0.0,0.0,11622.4886244668,0.0,0.0,2100.0,6300.0,0.0,0.0,0.0,0.0,72.58649062412445,722.4886244667996,14.16644361699607,0.0,35.83355638300393,2.0158858351516926,0.0,0.0,0.0,0.0
CARBON_CAP_090,0.9,TD_TRANSITION,19,125,8200.0,6480.0,35.0,0.0,0.0,0.0,0.0,0.0,12087.388169445472,0.0,0.0,2160.0,6480.0,0.0,0.0,0.0,-0.0,72.58649062412445,1727.3881694454722,32.98419816009144,0.0,2.015801839908561,0.0,0.0,-8.881784197001252e-16,0.0,0.0
CARBON_CAP_090,0.9,TD_TRANSITION,20,125,7400.0,6300.0,25.0,0.0,1877.9444618086109,0.0,0.0,0.0,10906.79302510487,1877.9444618086109,0.0,2100.0,6300.0,0.0,0.0,0.0,0.0,72.58649062412445,1406.7930251048692,25.0,0.0,0.0,0.0,0.0,0.0,0.0,0.0
CARBON_CAP_090,0.9,TD_TRANSITION,21,125,6500.0,6120.0,20.0,0.0,2447.512187558523,0.0,0.0,0.0,10104.775526865622,2447.512187558523,0.0,2040.0,6120.0,0.0,0.0,0.0,0.0,72.58649062412445,1564.7755268656203,29.727998757017815,9.727998757017817,0.0,9.727998757017817,0.0,-1.7763568394002505e-15,0.0,0.0
CARBON_CAP_090,0.9,TD_TRANSITION,22,125,5800.0,5850.0,15.0,0.0,454.89954497867257,0.0,0.0,0.0,11167.589079488127,454.89954497867257,0.0,1950.0,5850.0,0.0,0.0,0.0,0.0,72.58649062412445,3417.589079488127,62.16167421564511,47.16167421564511,0.0,56.88926763938138,0.0,-2.6645352591003757e-15,0.0,0.0
CARBON_CAP_090,0.9,TD_TRANSITION,23,125,5400.0,5670.0,15.0,0.0,0.0,0.0,0.0,0.0,10692.689534509456,0.0,0.0,1890.0,5670.0,0.0,0.0,0.0,0.0,72.58649062412445,3402.6895345094563,61.91334846600059,46.9133484660006,0.0,103.80024571923033,0.0,-7.105427357601002e-15,0.0,0.0
CARBON_CAP_080,0.8,TD_SUMMER,0,120,5979.999999999999,3720.0,15.0,0.0,344.814261147083,0.0,0.0,0.0,9479.58925681438,344.814261147083,0.0,1240.0,3720.0,0.0,0.0,0.0,0.0,22.277009432037474,2259.5892568143818,39.891130878268285,24.891130878268285,0.0,132.8090799121013,0.0,-2.6645352591003757e-15,0.0,0.0
CARBON_CAP_080,0.8,TD_SUMMER,1,120,5750.0,3660.0,15.0,0.0,68.25689157418128,0.0,0.0,0.0,10457.889734813101,68.25689157418128,0.0,1220.0,3660.0,0.0,0.0,-0.0,0.0,22.277009432037474,3487.889734813101,63.44035527759183,48.44035527759182,0.0,181.24390147803012,0.0,4.440892098500626e-15,0.0,0.0
CARBON_CAP_080,0.8,TD_SUMMER,2,120,5520.0,3600.0,15.0,0.0,4507.889734813101,0.0,0.0,0.0,6720.0,4507.889734813101,0.0,1200.0,3600.0,0.0,0.0,-0.0,0.0,22.277009432037474,0.0,0.0,0.0,15.0,166.23634964880188,0.0,0.0,0.0,0.0
CARBON_CAP_080,0.8,TD_SUMMER,3,120,5405.0,3540.0,15.0,0.0,1622.8287389505458,0.0,0.0,0.0,10072.889734813101,1622.8287389505458,0.0,1180.0,3540.0,0.0,0.0,-0.0,0.0,22.277009432037474,3487.889734813101,63.44035527759183,48.44035527759182,0.0,214.669778411825,0.0,4.440892098500626e-15,0.0,0.0
CARBON_CAP_080,0.8,TD_SUMMER,4,120,5520.0,3480.0,20.0,0.0,1986.746674128277,0.0,0.0,0.0,10176.800538585916,1986.746674128277,0.0,1160.0,3480.0,0.0,0.0,8.91080377281499,0.0,30.742273016211712,3487.8897348131013,63.440355277591834,43.440355277591834,0.0,258.10118911531634,0.0,0.0,0.0,0.0
CARBON_CAP_080,0.8,TD_SUMMER,5,120,5979.999999999999,3600.0,25.0,0.0,1138.5376742775916,119.61973909985943,0.0,0.0,10557.180799486056,1138.5376742775916,0.0,1200.0,3600.0,0.0,0.0,8.91080377281499,0.0,39.20753660038595,3487.889734813101,63.44035527759183,38.44035527759182,0.0,296.530790176695,0.0,4.440892098500626e-15,0.0,0.0
CARBON_CAP_080,0.8,TD_SUMMER,6,120,7129.999999999999,3900.0,40.0,0.0,3042.1515543946707,0.0,717.7184345991566,0.0,8435.627876067041,2324.4331197955144,0.0,1300.0,3900.0,0.0,0.0,5.627876067041051,0.0,44.55401886407495,0.0,0.0,0.0,40.0,256.5184347271043,0.0,0.0,0.0,0.0
CARBON_CAP_080,0.8,TD_SUMMER,7,120,8049.999999999999,4200.0,50.0,0.0,0.0,1794.2960864978916,0.0,0.0,9356.574779010918,0.0,0.0,1400.0,4200.0,0.0,0.0,-0.0,0.0,44.55401886407495,1700.8708655088096,32.53450753333794,0.0,17.46549246666206,239.04225399232857,0.0,-1.7763568394002505e-15,0.0,0.0
CARBON_CAP_080,0.8,TD_SUMMER,8,120,8740.0,4080.0,55.0,0.0,0.0,3289.5428252461347,0.0,0.0,8420.917301109826,0.0,0.0,1360.0,4080.0,0.0,0.0,-0.0,0.0,44.55401886407495,1610.4601263559612,30.890675912377056,0.0,24.10932408762294,214.92296981078925,0.0,-3.552713678800501e-15,0.0,0.0
CARBON_CAP_080,0.8,TD_SUMMER,9,120,9315.0,3600.0,55.0,0.0,0.0,4485.740216244729,0.0,0.0,7485.259823208734,0.0,0.0,1200.0,3600.0,0.0,0.0,-0.0,0.0,44.55401886407495,1456.0000394534627,28.082310695967994,0.0,26.917689304032002,187.99632538301512,0.0,-2.886579864025407e-15,0.0,0.0
CARBON_CAP_080,0.8,TD_SUMMER,10,120,9545.0,3120.0,45.0,0.0,0.0,5263.268520393815,0.0,0.0,7017.431084258188,0.0,0.0,1040.0,3120.0,0.0,0.0,-0.0,0.0,44.55401886407495,1695.6996046520035,32.44048460866873,0.0,12.559515391331262,175.42897681145953,0.0,-2.6645352591003757e-15,0.0,0.0
CARBON_CAP_080,0.8,TD_SUMMER,11,120,9430.0,2880.0,35.0,0.0,0.0,5681.937607243323,0.0,0.0,6549.602345307643,0.0,0.0,960.0,2880.0,0.0,0.0,-0.0,0.0,44.55401886407495,1841.5399525509665,35.09212729774079,0.09212729774078987,0.0,175.51379456849986,0.0,0.0,0.0,0.0
CARBON_CAP_080,0.8,TD_SUMMER,12,120,9200.0,2760.0,30.0,0.0,0.0,5382.888259493675,0.0,0.0,7017.431084258188,0.0,0.0,920.0,2760.0,0.0,0.0,-0.0,0.0,44.55401886407495,2280.319343751863,43.069934410484365,13.069934410484361,0.0,188.57641590421053,0.0,8.881784197001252e-16,0.0,0.0
CARBON_CAP_080,0.8,TD_SUMMER,13,120,9085.0,2760.0,30.0,0.0,0.0,4665.169824894518,0.0,0.0,7953.088562159281,0.0,0.0,920.0,2760.0,0.0,0.0,-0.0,0.0,44.55401886407495,2613.2583870537983,48.86316614827011,18.86316614827011,0.0,207.43172470181798,0.0,0.0,0.0,0.0
CARBON_CAP_080,0.8,TD_SUMMER,14,120,9200.0,2880.0,35.0,0.0,0.0,3468.9724338959236,0.0,0.0,8888.746040060372,0.0,0.0,960.0,2880.0,0.0,0.0,-0.0,0.0,44.55401886407495,2197.718473956296,41.568100414201325,6.568100414201323,0.0,213.99118212749005,0.0,8.881784197001252e-16,0.0,0.0
CARBON_CAP_080,0.8,TD_SUMMER,15,120,9545.0,3120.0,40.0,0.0,0.0,2093.34543424754,0.0,0.0,9824.403517961464,0.0,0.0,1040.0,3120.0,0.0,0.0,-0.0,0.0,44.55401886407495,1332.7489522090043,25.820369398689547,0.0,14.179630601310453,199.80263522692425,0.0,0.0,0.0,0.0
CARBON_CAP_080,0.8,TD_SUMMER,16,120,9890.0,3420.0,50.0,0.0,0.0,717.7184345991566,0.0,0.0,10292.23225691201,0.0,0.0,1140.0,3420.0,0.0,0.0,0.0,20.049308488833727,23.449483612671024,0.0,0.0,0.0,50.0,149.79431011712313,0.0,0.0,0.0,0.0
CARBON_CAP_080,0.8,TD_SUMMER,17,120,10350.0,3840.0,60.0,-0.0,0.0,119.61973909985943,0.0,0.0,10993.975365337828,0.0,0.0,785.8721138697255,2357.6163416091763,1482.3836583908237,149.00005411572195,0.0,22.277009432037474,0.0,0.0,0.0,0.0,60.0,89.78806868753493,0.0,0.0,0.0,321.8401168899594
CARBON_CAP_080,0.8,TD_SUMMER,18,120,10120.0,4200.0,50.0,0.0,170.09059769660598,0.0,0.0,0.0,11525.627876067041,170.09059769660598,0.0,1400.0,4200.0,0.0,0.0,5.627876067041047,-0.0,5.346482263688994,0.0,0.0,0.0,50.0,39.78432751800627,0.0,0.0,0.0,0.0
CARBON_CAP_080,0.8,TD_SUMMER,19,120,9430.0,4320.0,35.0,0.0,1293.547212714193,0.0,0.0,0.0,10870.0,1293.547212714193,0.0,1440.0,4320.0,0.0,0.0,-0.0,0.0,5.346482263688994,0.0,0.0,0.0,35.0,4.782669837693022,0.0,0.0,0.0,0.0
CARBON_CAP_080,0.8,TD_SUMMER,20,120,8510.0,4200.0,25.0,0.0,0.0,0.0,0.0,0.0,12865.290321140013,0.0,0.0,1400.0,4200.0,0.0,0.0,0.0,0.0,5.346482263688994,2955.2903211400135,54.56369838304037,29.563698383040364,0.0,34.34616894282348,0.0,0.0,0.0,0.0
CARBON_CAP_080,0.8,TD_SUMMER,21,120,7474.999999999999,4080.0,20.0,0.0,299.57541307882457,0.0,0.0,0.0,12331.800538585916,299.57541307882457,0.0,1360.0,4080.0,0.0,0.0,8.91080377281499,0.0,13.811745847863234,3487.889734813101,63.44035527759183,43.44035527759182,0.0,77.78509313004268,0.0,4.440892098500626e-15,0.0,0.0
CARBON_CAP_080,0.8,TD_SUMMER,22,120,6669.999999999999,3900.0,15.0,0.0,3716.8076699908333,0.0,0.0,0.0,7978.910803772814,3716.8076699908333,0.0,1300.0,3900.0,0.0,0.0,8.91080377281499,0.0,22.277009432037474,0.0,0.0,0.0,15.0,62.78185208449559,0.0,0.0,0.0,0.0
CARBON_CAP_080,0.8,TD_SUMMER,23,120,6209.999999999999,3780.0,15.0,0.0,0.0,0.0,0.0,0.0,10760.060995862556,0.0,0.0,1260.0,3780.0,0.0,0.0,-0.0,0.0,22.277009432037474,3290.0609958625564,60.14320962841608,45.14320962841608,0.0,107.92244580240815,0.0,-8.881784197001252e-16,0.0,0.0
CARBON_CAP_080,0.8,TD_WINTER,0,120,5460.0,8370.0,15.0,-0.0,0.0,0.0,0.0,0.0,9824.403517961464,0.0,0.0,2790.0,8370.0,0.0,0.0,0.0,12.252355187620612,9.37979344506841,1586.6558731490836,30.457871308615648,15.457871308615651,0.0,123.37582034244868,0.0,-3.552713678800501e-15,0.0,0.0
CARBON_CAP_080,0.8,TD_WINTER,1,120,5250.0,8235.0,15.0,0.0,0.0,0.0,0.0,0.0,10526.146626387283,0.0,0.0,2745.0,8235.0,0.0,0.0,0.0,8.91080377281499,0.0,2540.0574301600973,47.64315020004176,32.643150200041745,0.0,156.01382988330948,0.0,1.6431300764452317e-14,0.0,0.0
CARBON_CAP_080,0.8,TD_WINTER,2,120,5040.0,8100.000000000001,15.0,0.0,0.0,0.0,0.0,0.0,11227.889734813101,0.0,0.0,2700.0000000000005,8100.000000000001,0.0,0.0,0.0,-0.0,0.0,3487.8897348131013,63.440355277591834,48.440355277591834,0.0,204.44768458465617,0.0,0.0,0.0,0.0
CARBON_CAP_080,0.8,TD_WINTER,3,120,4935.0,7965.000000000001,15.0,0.0,602.1175849300562,0.0,0.0,0.0,11093.600888833591,602.1175849300562,0.0,2655.0000000000005,7965.000000000001,0.0,0.0,15.711154020489591,0.0,14.925596319465111,3487.8897348131013,63.440355277591834,48.440355277591834,0.0,252.87952120872365,0.0,-2.6645352591003757e-15,0.0,0.0
CARBON_CAP_080,0.8,TD_WINTER,4,120,5040.0,7830.000000000001,20.0,0.0,1003.3804684690549,0.0,0.0,0.0,11160.166744245138,1003.3804684690549,0.0,2610.0000000000005,7830.000000000001,0.0,0.0,22.277009432037474,0.0,36.08875527990071,3487.8897348131013,63.440355277591834,43.440355277591834,0.0,296.30933983959847,0.0,-2.6645352591003757e-15,0.0,0.0
CARBON_CAP_080,0.8,TD_WINTER,5,120,5460.0,8100.000000000001,25.0,0.0,158.53767427758976,119.61973909985943,0.0,0.0,11537.180799486057,158.53767427758976,0.0,2700.0000000000005,8100.000000000001,0.0,0.0,8.91080377281499,0.0,44.55401886407495,3487.8897348131013,63.440355277591834,38.440355277591834,0.0,334.737348894697,0.0,0.0,0.0,0.0
CARBON_CAP_080,0.8,TD_WINTER,6,120,6510.0,8775.0,40.0,0.0,0.0,717.7184345991566,0.0,0.0,10760.060995862556,0.0,0.0,2925.0,8775.0,0.0,0.0,0.0,-0.0,44.55401886407495,2042.7794304617123,38.751026896117985,0.0,1.24897310388201,333.4744284012776,0.0,-2.6645352591003757e-15,0.0,0.0
CARBON_CAP_080,0.8,TD_WINTER,7,120,7350.0,9450.0,50.0,0.0,0.0,1794.2960864978916,0.0,0.0,9356.574779010918,0.0,0.0,3030.363752492229,9091.091257476688,358.90874252331196,36.07529114064216,0.0,-0.0,44.55401886407495,770.5071130165804,15.107982608168244,0.0,34.89201739183176,298.5685162415958,0.0,1.7763568394002505e-15,0.0,77.92262886378694
CARBON_CAP_080,0.8,TD_WINTER,8,120,7980.0,9180.0,55.0,0.0,0.0,3289.5428252461347,0.0,0.0,8420.917301109826,0.0,0.0,3030.363752492229,9091.091257476688,88.90874252331196,8.936557936502597,0.0,-0.0,44.55401886407495,700.0963738637337,13.727379879681052,0.0,41.27262012031895,257.2834557664334,0.0,0.0,0.0,19.30296514284555
CARBON_CAP_080,0.8,TD_WINTER,9,120,8505.0,8100.000000000001,55.0,0.0,0.0,4485.740216244729,0.0,0.0,7485.259823208734,0.0,0.0,2700.0000000000005,8100.000000000001,0.0,0.0,0.0,-0.0,44.55401886407495,766.0000394534625,15.019608616734558,0.0,39.98039138326544,217.29234423917768,0.0,0.0,0.0,0.0
CARBON_CAP_080,0.8,TD_WINTER,10,120,8715.0,7020.000000000001,45.0,0.0,0.0,5263.268520393815,0.0,0.0,7017.431084258188,0.0,0.0,2340.0000000000005,7020.000000000001,0.0,0.0,0.0,-0.0,44.55401886407495,1225.6996046520037,23.837974073559906,0.0,21.162025926440094,196.12126446506093,0.0,-4.440892098500626e-16,0.0,0.0
CARBON_CAP_080,0.8,TD_WINTER,11,120,8610.0,6480.0,35.0,-0.0,0.0,5681.937607243323,0.0,0.0,6549.602345307643,0.0,0.0,2160.0,6480.0,0.0,0.0,0.0,-0.0,44.55401886407495,1461.539952550966,28.183036388649874,0.0,6.816963611350133,189.29612913435807,0.0,7.105427357601002e-15,0.0,0.0
CARBON_CAP_080,0.8,TD_WINTER,12,120,8400.0,6210.0,30.0,-0.0,0.0,5382.888259493675,0.0,0.0,7017.431084258188,0.0,0.0,2070.0,6210.0,0.0,0.0,0.0,-0.0,44.55401886407495,1930.3193437518626,36.70629804684799,6.706298046847991,0.0,195.99453984249212,0.0,8.881784197001252e-16,0.0,0.0
CARBON_CAP_080,0.8,TD_WINTER,13,120,8295.0,6210.0,30.0,-0.0,0.0,4665.169824894518,0.0,0.0,7953.088562159281,0.0,0.0,2070.0,6210.0,0.0,0.0,0.0,-0.0,44.55401886407495,2253.258387053798,42.57791701597409,12.577917015974094,0.0,208.5642904193061,0.0,-6.217248937900877e-15,0.0,0.0
CARBON_CAP_080,0.8,TD_WINTER,14,120,8400.0,6480.0,35.0,-0.0,0.0,3468.9724338959236,0.0,0.0,8888.746040060372,0.0,0.0,2160.0,6480.0,0.0,0.0,0.0,-0.0,44.55401886407495,1797.7184739562958,34.29537314147405,0.0,0.7046268585295934,207.85097338200902,0.0,0.0,0.0,0.0
CARBON_CAP_080,0.8,TD_WINTER,15,120,8715.0,7020.000000000001,40.0,-0.0,0.0,2093.34543424754,0.0,0.0,9824.403517961464,0.0,0.0,2340.0000000000005,7020.000000000001,0.0,0.0,-0.0,0.0,44.55401886407495,862.7489522090036,16.91664612174517,0.0,23.08335387825483,184.75895904652992,0.0,0.0,0.0,0.0
CARBON_CAP_080,0.8,TD_WINTER,16,120,9030.0,7695.000000000001,50.0,-0.0,0.0,717.7184345991566,0.0,0.0,10292.23225691201,0.0,0.0,1988.8614952839814,5966.584485851944,1728.415514148057,173.7296574235549,0.0,8.91080377281499,35.17422541900654,0.0,0.0,0.0,50.0,134.75126075656965,0.0,0.0,0.0,375.2560600348786
CARBON_CAP_080,0.8,TD_WINTER,17,120,9450.0,8640.0,60.0,-0.0,0.0,119.61973909985943,0.0,0.0,10993.975365337828,0.0,0.0,1685.8721138697238,5057.616341609171,3582.3836583908287,360.07909014791903,0.0,22.277009432037474,11.724741806335514,0.0,0.0,0.0,60.0,74.74564612070478,0.0,0.0,0.0,777.7708347195053
CARBON_CAP_080,0.8,TD_WINTER,18,120,9240.0,9450.0,50.0,0.0,0.0,0.0,0.0,0.0,11695.718473763647,0.0,0.0,2466.8569784796655,7400.5709354389965,2049.4290645610035,205.99595779233476,0.0,11.138504716018739,0.0,0.0,0.0,0.0,50.0,24.74253171878307,0.0,0.0,0.0,444.95126883144303
CARBON_CAP_080,0.8,TD_WINTER,19,120,8610.0,9720.0,35.0,0.0,0.0,0.0,0.0,0.0,12163.547212714193,0.0,0.0,3030.363752492229,9091.091257476688,628.908742523312,63.21402434478172,0.0,-0.0,0.0,523.183460221965,10.258499220038528,0.0,24.741500779961452,0.0,0.0,-1.8916738375296546e-14,0.0,136.54229258472878
CARBON_CAP_080,0.8,TD_WINTER,20,120,7770.0,9450.0,25.0,0.0,0.0,0.0,0.0,0.0,12865.290321140013,0.0,0.0,3030.363752492229,9091.091257476688,358.90874252331196,36.07529114064216,5.627876067041046,0.0,5.346482263688993,2059.298692580743,39.051377116463996,14.051377116464,0.0,14.051377116464,0.0,-3.552713678800501e-15,0.0,77.92262886378694
CARBON_CAP_080,0.8,TD_WINTER,21,120,6825.0,9180.0,20.0,0.0,0.0,0.0,0.0,0.0,12631.37595166474,0.0,0.0,3030.363752492229,9091.091257476688,88.90874252331196,8.936557936502597,8.91080377281499,0.0,13.811745847863234,2767.1013953996967,51.42721628736842,31.427216287368402,0.0,45.47800792978588,0.0,1.5987211554602254e-14,0.0,19.30296514284555
CARBON_CAP_080,0.8,TD_WINTER,22,120,6090.0,8775.0,15.0,0.0,0.0,0.0,0.0,0.0,11695.718473763647,0.0,0.0,2925.0,8775.0,0.0,0.0,8.91080377281499,0.0,22.277009432037474,2671.807669990832,49.83898753055401,34.83898753055413,0.0,80.31510054334294,0.0,-1.1901590823981678e-13,0.0,0.0
CARBON_CAP_080,0.8,TD_WINTER,23,120,5670.0,8505.0,15.0,0.0,0.0,0.0,0.0,0.0,10760.060995862556,0.0,0.0,2835.0,8505.0,0.0,0.0,-0.0,0.0,22.277009432037474,2255.060995862555,42.610691721587855,27.610691721587855,0.0,107.92244580240815,0.0,0.0,0.0,0.0
CARBON_CAP_080,0.8,TD_TRANSITION,0,125,5200.0,5580.0,15.0,0.0,604.815944093807,0.0,0.0,0.0,9219.587573867657,604.815944093807,0.0,1860.0,5580.0,0.0,0.0,0.0,0.0,22.277009432037474,2159.587573867657,37.70233386526451,22.702333865264507,0.0,130.62028289909753,0.0,0.0,0.0,0.0
CARBON_CAP_080,0.8,TD_TRANSITION,1,125,5000.0,5490.0,15.0,0.0,208.25689157418128,0.0,0.0,0.0,10317.889734813101,208.25689157418128,0.0,1830.0,5490.0,0.0,0.0,0.0,0.0,22.277009432037474,3487.8897348131013,63.440355277591834,48.440355277591834,0.0,179.0551956649019,0.0,0.0,0.0,0.0
CARBON_CAP_080,0.8,TD_TRANSITION,2,125,4800.0,5400.0,15.0,0.0,4627.889734813101,0.0,0.0,0.0,6600.0,4627.889734813101,0.0,1800.0,5400.0,0.0,0.0,0.0,0.0,22.277009432037474,0.0,0.0,0.0,15.0,164.0477350317492,0.0,0.0,0.0,0.0
CARBON_CAP_080,0.8,TD_TRANSITION,3,125,4700.0,5310.0,15.0,0.0,5225.718473763647,0.0,0.0,0.0,6470.0,5225.718473763647,0.0,1770.0,5310.0,0.0,0.0,0.0,0.0,22.277009432037474,0.0,0.0,0.0,15.0,149.0408997094562,0.0,0.0,0.0,0.0
CARBON_CAP_080,0.8,TD_TRANSITION,4,125,4800.0,5220.0,20.0,0.0,5623.547212714193,0.0,0.0,0.0,6540.0,5623.547212714193,0.0,1740.0,5220.0,0.0,0.0,0.0,0.0,22.277009432037474,0.0,0.0,0.0,20.0,129.0346896719683,0.0,0.0,0.0,0.0
CARBON_CAP_080,0.8,TD_TRANSITION,5,125,5200.0,5400.0,25.0,0.0,1327.4484780504044,119.61973909985943,0.0,0.0,10368.269995713243,1327.4484780504044,0.0,1800.0,5400.0,0.0,0.0,0.0,0.0,22.277009432037474,3487.8897348131013,63.440355277591834,38.440355277591834,0.0,167.4696685041571,0.0,0.0,0.0,0.0
CARBON_CAP_080,0.8,TD_TRANSITION,6,125,6200.0,5850.0,40.0,0.0,0.0,717.7184345991566,0.0,0.0,10760.060995862556,0.0,0.0,1950.0,5850.0,0.0,0.0,0.0,0.0,22.277009432037474,3327.779430461712,60.771850205068674,20.771850205068674,0.0,188.23454080637143,0.0,-2.6645352591003757e-15,0.0,0.0
CARBON_CAP_080,0.8,TD_TRANSITION,7,125,7000.0,6300.0,50.0,0.0,0.0,1794.2960864978916,0.0,0.0,9356.574779010918,0.0,0.0,2100.0,6300.0,0.0,0.0,0.0,0.0,22.277009432037474,2050.8708655088094,38.8981438969743,0.0,11.1018561030257,177.12484159747876,0.0,-2.6645352591003757e-15,0.0,0.0
CARBON_CAP_080,0.8,TD_TRANSITION,8,125,7600.0,6120.0,55.0,0.0,2070.460126355961,1219.0826988901736,2070.460126355961,0.0,8420.917301109826,0.0,0.0,2040.0,6120.0,0.0,0.0,0.0,0.0,22.277009432037474,0.0,0.0,0.0,55.0,122.11746139574552,0.0,0.0,0.0,0.0
CARBON_CAP_080,0.8,TD_TRANSITION,9,125,8100.0,5400.0,55.0,0.0,0.0,4485.740216244729,0.0,0.0,7485.259823208734,0.0,0.0,1800.0,5400.0,0.0,0.0,0.0,0.0,22.277009432037474,2071.0000394534627,39.26412887778618,0.0,15.73587112221382,106.37650204597354,0.0,-2.6645352591003757e-15,0.0,0.0
CARBON_CAP_080,0.8,TD_TRANSITION,10,125,8300.0,4680.0,45.0,0.0,0.0,5263.268520393815,0.0,0.0,7017.431084258188,0.0,0.0,1560.0,4680.0,0.0,0.0,0.0,0.0,22.277009432037474,2420.6996046520035,45.62230279048691,0.6223027904869163,0.0,106.99437248220853,0.0,-3.552713678800501e-15,0.0,0.0
CARBON_CAP_080,0.8,TD_TRANSITION,11,125,8200.0,4320.0,35.0,0.0,0.0,5681.937607243323,0.0,0.0,6549.602345307643,0.0,0.0,1440.0,4320.0,0.0,0.0,0.0,0.0,22.277009432037474,2591.5399525509665,48.50119223988958,13.501192239889582,0.0,120.49110662324468,0.0,8.881784197001252e-16,0.0,0.0
CARBON_CAP_080,0.8,TD_TRANSITION,12,125,8000.0,4140.0,30.0,0.0,0.0,5382.888259493675,0.0,0.0,7017.431084258188,0.0,0.0,1380.0,4140.0,0.0,0.0,0.0,0.0,22.277009432037474,3020.319343751863,55.64751542657119,25.64751542657119,0.0,146.1336015870399,0.0,0.0,0.0,0.0
CARBON_CAP_080,0.8,TD_TRANSITION,13,125,7900.0,4140.0,30.0,0.0,0.0,4665.169824894518,0.0,0.0,7953.088562159281,0.0,0.0,1380.0,4140.0,0.0,0.0,0.0,0.0,22.277009432037474,3338.2583870537983,60.946499481603446,30.946499481603446,0.0,177.07401216857718,0.0,-8.881784197001252e-16,0.0,0.0
CARBON_CAP_080,0.8,TD_TRANSITION,14,125,8000.0,4320.0,35.0,0.0,0.0,3468.9724338959236,0.0,0.0,8888.746040060372,0.0,0.0,1440.0,4320.0,0.0,0.0,0.0,-0.0,22.277009432037474,2917.718473956296,53.937500929978405,18.937500929978405,0.0,196.00413501471522,0.0,0.0,0.0,0.0
CARBON_CAP_080,0.8,TD_TRANSITION,15,125,8300.0,4680.0,40.0,0.0,0.0,2093.34543424754,0.0,0.0,9824.403517961464,0.0,0.0,1560.0,4680.0,0.0,0.0,0.0,0.0,22.277009432037474,2057.748952209004,39.02320001879602,0.0,0.9767999812039783,195.0191681945523,0.0,0.0,0.0,0.0
CARBON_CAP_080,0.8,TD_TRANSITION,16,125,8600.0,5130.0,50.0,0.0,699.950691511167,717.7184345991566,0.0,0.0,9592.281565400843,699.950691511167,0.0,1710.0,5130.0,0.0,0.0,0.0,0.0,22.277009432037474,0.0,0.0,0.0,50.0,145.0110423958775,0.0,0.0,0.0,0.0
CARBON_CAP_080,0.8,TD_TRANSITION,17,125,9000.0,5760.0,60.0,0.0,193.59510443768704,119.61973909985943,0.0,0.0,10800.380260900141,193.59510443768704,0.0,1920.0,5760.0,0.0,0.0,0.0,0.0,22.277009432037474,0.0,0.0,0.0,60.0,85.00500026911098,0.0,0.0,0.0,0.0
CARBON_CAP_080,0.8,TD_TRANSITION,18,125,8800.0,6300.0,50.0,0.0,795.7184737636471,0.0,0.0,0.0,10900.0,795.7184737636471,0.0,2100.0,6300.0,0.0,0.0,0.0,0.0,22.277009432037474,0.0,0.0,0.0,50.0,35.00145839409976,0.0,0.0,0.0,0.0
CARBON_CAP_080,0.8,TD_TRANSITION,19,125,8200.0,6480.0,35.0,0.0,1803.547212714193,0.0,0.0,0.0,10360.0,1803.547212714193,0.0,2160.0,6480.0,0.0,0.0,0.0,0.0,22.277009432037474,0.0,0.0,0.0,35.0,0.0,0.0,0.0,0.0,0.0
CARBON_CAP_080,0.8,TD_TRANSITION,20,125,7400.0,6300.0,25.0,0.0,258.6003811873652,0.0,0.0,0.0,12606.689939952648,258.6003811873652,0.0,2100.0,6300.0,0.0,0.0,0.0,0.0,22.277009432037474,3106.6899399526496,56.34579391157133,31.345793911571327,0.0,31.345793911571327,0.0,0.0,0.0,0.0
CARBON_CAP_080,0.8,TD_TRANSITION,21,125,6500.0,6120.0,20.0,0.0,603.4862168516393,0.0,0.0,0.0,12027.889734813101,603.4862168516393,0.0,2040.0,6120.0,0.0,0.0,0.0,0.0,22.277009432037474,3487.889734813101,63.44035527759183,43.44035527759182,0.0,74.78484311441683,0.0,7.105427357601002e-15,0.0,0.0
CARBON_CAP_080,0.8,TD_TRANSITION,22,125,5800.0,5850.0,15.0,0.0,3945.718473763647,0.0,0.0,0.0,7750.0,3945.718473763647,0.0,1950.0,5850.0,0.0,0.0,0.0,0.0,22.277009432037474,0.0,0.0,0.0,15.0,59.781727079287066,0.0,0.0,0.0,0.0
CARBON_CAP_080,0.8,TD_TRANSITION,23,125,5400.0,5670.0,15.0,0.0,0.0,0.0,0.0,0.0,10760.060995862556,0.0,0.0,1890.0,5670.0,0.0,0.0,0.0,0.0,22.277009432037474,3470.060995862555,63.14320962841606,48.14320962841606,0.0,107.92244580240815,0.0,0.0,0.0,0.0
CARBON_CAP_070,0.7,TD_SUMMER,0,120,5979.999999999999,3720.0,15.0,0.0,440.9898273088111,0.0,0.0,0.0,9410.538574237191,440.9898273088111,0.0,1240.0,3720.0,0.0,0.0,0.0,0.0,63.5900705164886,2190.5385742371914,41.06300812610294,26.063008126102943,0.0,134.66045065999637,0.0,8.881784197001252e-16,0.0,0.0
CARBON_CAP_070,0.7,TD_SUMMER,1,120,5750.0,3660.0,15.0,0.0,3585.2090016564307,0.0,0.0,0.0,6970.0,3585.2090016564307,0.0,1220.0,3660.0,0.0,0.0,0.0,0.0,63.5900705164886,0.0,0.0,0.0,15.0,119.65483980788552,0.0,0.0,0.0,0.0
CARBON_CAP_070,0.7,TD_SUMMER,2,120,5520.0,3600.0,15.0,0.0,1020.0,0.0,0.0,0.0,10238.88960176686,1020.0,0.0,1200.0,3600.0,0.0,0.0,0.0,0.0,63.5900705164886,3518.8896017668594,64.00420411532176,49.004204115321755,0.0,168.65405830488194,0.0,0.0,0.0,0.0
CARBON_CAP_070,0.7,TD_SUMMER,3,120,5405.0,3540.0,15.0,0.0,1624.1204000736197,0.0,0.0,0.0,10103.88960176686,1624.1204000736197,0.0,1180.0,3540.0,0.0,0.0,0.0,0.0,63.5900705164886,3518.8896017668594,64.00420411532176,49.004204115321755,0.0,217.65123516777433,0.0,-8.881784197001252e-16,0.0,0.0
CARBON_CAP_070,0.7,TD_SUMMER,4,120,5520.0,3480.0,20.0,0.0,1982.1759402272837,0.0,0.0,0.0,10214.954461686815,1982.1759402272837,0.0,1160.0,3480.0,0.0,0.0,16.064859919955023,0.0,78.85168744044587,3518.8896017668594,64.00420411532176,44.004204115321755,0.0,261.64637048163075,0.0,0.0,0.0,0.0
CARBON_CAP_070,0.7,TD_SUMMER,5,120,5979.999999999999,3600.0,25.0,0.0,1147.3455998036825,118.22519973006308,0.0,0.0,10580.664402036797,1147.3455998036825,0.0,1200.0,3600.0,0.0,0.0,0.0,0.0,78.85168744044587,3518.8896017668594,64.00420411532176,39.004204115321755,0.0,300.6396726648491,0.0,-8.881784197001252e-16,0.0,0.0
CARBON_CAP_070,0.7,TD_SUMMER,6,120,7129.999999999999,3900.0,40.0,0.0,0.0,709.3511983803785,0.0,0.0,10789.769201693241,0.0,0.0,1300.0,3900.0,0.0,0.0,0.0,0.0,78.85168744044587,3069.1204000736197,56.508050753767755,16.50805075376775,0.0,317.13519676558917,0.0,3.552713678800501e-15,0.0,0.0
CARBON_CAP_070,0.7,TD_SUMMER,7,120,8049.999999999999,4200.0,50.0,0.0,0.0,1773.3779959509463,0.0,0.0,9382.408001472384,0.0,0.0,1400.0,4200.0,0.0,0.0,-0.0,0.0,78.85168744044587,1705.7859974233304,32.638179309878886,0.0,17.361820690121114,299.76016210893613,0.0,8.881784197001252e-16,0.0,0.0
CARBON_CAP_070,0.7,TD_SUMMER,8,120,8740.0,4080.0,55.0,0.0,0.0,3251.192992576735,0.0,0.0,8444.167201325145,0.0,0.0,1360.0,4080.0,0.0,0.0,-0.0,0.0,78.85168744044587,1595.3601939018795,30.63043742767069,0.0,24.369562572329315,275.3781095298523,0.0,3.552713678800501e-15,0.0,0.0
CARBON_CAP_070,0.7,TD_SUMMER,9,120,9315.0,3600.0,55.0,0.0,0.0,4433.4449898773655,0.0,0.0,7505.926401177907,0.0,0.0,1200.0,3600.0,0.0,0.0,-0.0,0.0,78.85168744044587,1424.3713910552724,27.52155010318692,0.0,27.47844989681308,247.88818554514208,0.0,1.7208456881689926e-15,0.0,0.0
CARBON_CAP_070,0.7,TD_SUMMER,10,120,9545.0,3120.0,45.0,0.0,0.0,5201.908788122776,0.0,0.0,7036.806001104287,0.0,0.0,1040.0,3120.0,0.0,0.0,-0.0,0.0,78.85168744044587,1653.7147892270632,31.691430069946755,0.0,13.308569930053247,234.56928694069111,0.0,2.6645352591003757e-15,0.0,0.0
CARBON_CAP_070,0.7,TD_SUMMER,11,120,9430.0,2880.0,35.0,0.0,0.0,5615.696987177997,0.0,0.0,6567.685601030669,0.0,0.0,960.0,2880.0,0.0,0.0,-0.0,0.0,78.85168744044587,1793.3825882086658,34.230844596884985,0.0,0.7691554031150147,233.7903578172869,0.0,0.0,0.0,0.0
CARBON_CAP_070,0.7,TD_SUMMER,12,120,9200.0,2760.0,30.0,0.0,2211.5039607505305,3108.6300271023083,2211.5039607505305,0.0,7036.806001104287,0.0,0.0,920.0,2760.0,0.0,0.0,25.43602820659544,0.0,103.01591423671154,0.0,0.0,0.0,30.0,203.78061655237784,0.0,0.0,0.0,0.0
CARBON_CAP_070,0.7,TD_SUMMER,13,120,9085.0,2760.0,30.0,0.0,0.0,4610.7827894724605,0.0,0.0,7975.046801251527,0.0,0.0,920.0,2760.0,0.0,0.0,-0.0,0.0,103.01591423671154,2580.829590723987,48.36987059794055,18.369870597940547,0.0,222.14199629129536,0.0,0.0,0.0,0.0
CARBON_CAP_070,0.7,TD_SUMMER,14,120,9200.0,2880.0,35.0,0.0,2156.3823653639984,1272.1484268078311,2156.3823653639984,0.0,8913.287601398764,0.0,0.0,960.0,2880.0,0.0,0.0,25.43602820659544,0.0,127.1801410329772,0.0,0.0,0.0,35.0,187.1327403747832,0.0,0.0,0.0,0.0
CARBON_CAP_070,0.7,TD_SUMMER,15,120,9545.0,3120.0,40.0,0.0,0.0,2068.940995276104,0.0,0.0,9851.528401546002,0.0,0.0,1040.0,3120.0,0.0,0.0,-0.0,0.0,127.1801410329772,1335.469396822106,25.88087867811096,0.0,14.119121321889041,173.0058218553785,0.0,1.7763568394002505e-15,0.0,0.0
CARBON_CAP_070,0.7,TD_SUMMER,16,120,9890.0,3420.0,50.0,0.0,0.0,709.3511983803783,0.0,0.0,10320.648801619622,0.0,0.0,1140.0,3420.0,0.0,0.0,0.0,0.0,127.1801410329772,0.0,0.0,0.0,50.0,122.99861327946785,0.0,0.0,0.0,0.0
CARBON_CAP_070,0.7,TD_SUMMER,17,120,10350.0,3840.0,60.0,-0.0,0.0,118.22519973006308,0.0,0.0,11024.32940173005,0.0,0.0,913.3757354414415,2740.1272063243246,1099.8727936756754,110.5524233557622,0.0,120.82113398132834,0.0,0.0,0.0,0.0,60.0,62.99348833724787,0.0,0.0,0.0,238.79323444844636
CARBON_CAP_070,0.7,TD_SUMMER,18,120,10120.0,4200.0,50.0,0.0,191.94514192052338,0.0,0.0,0.0,11536.064859919956,191.94514192052338,0.0,1400.0,4200.0,0.0,0.0,16.064859919955012,0.0,15.26161692395726,0.0,0.0,0.0,50.0,12.990863608567148,0.0,0.0,0.0,0.0
CARBON_CAP_070,0.7,TD_SUMMER,19,120,9430.0,4320.0,35.0,0.0,0.0,0.0,0.0,0.0,12197.130401914099,0.0,0.0,1440.0,4320.0,0.0,0.0,0.0,0.0,15.26161692395726,1327.1304019140991,25.7264528464812,0.0,9.2735471535188,3.7167751690646575,0.0,0.0,0.0,0.0
CARBON_CAP_070,0.7,TD_SUMMER,20,120,8510.0,4200.0,25.0,0.0,0.0,0.0,0.0,0.0,12900.811002024528,0.0,0.0,1400.0,4200.0,0.0,0.0,0.0,0.0,15.26161692395726,2990.8110020245276,55.20289411961622,30.202894119616218,0.0,33.91951442304883,0.0,0.0,0.0,0.0
CARBON_CAP_070,0.7,TD_SUMMER,21,120,7474.999999999999,4080.0,20.0,0.0,286.9251720142638,0.0,0.0,0.0,12379.325629973455,286.9251720142638,0.0,1360.0,4080.0,0.0,0.0,25.43602820659544,0.0,39.42584372022293,3518.8896017668594,64.00420411532176,44.004204115321755,0.0,77.92230522526962,0.0,-8.881784197001252e-16,0.0,0.0
CARBON_CAP_070,0.7,TD_SUMMER,22,120,6669.999999999999,3900.0,15.0,0.0,3732.5739736338846,0.0,0.0,0.0,7995.4360282065945,3732.5739736338846,0.0,1300.0,3900.0,0.0,0.0,25.43602820659544,0.0,63.5900705164886,0.0,0.0,0.0,15.0,62.9190584625519,0.0,0.0,0.0,0.0
CARBON_CAP_070,0.7,TD_SUMMER,23,120,6209.999999999999,3780.0,15.0,0.0,0.0,0.0,0.0,0.0,10789.769201693241,0.0,0.0,1260.0,3780.0,0.0,0.0,0.0,0.0,63.5900705164886,3319.7692016932424,60.68553078076147,45.68553078076147,0.0,108.60196761587743,0.0,-2.6645352591003757e-15,0.0,0.0
CARBON_CAP_070,0.7,TD_WINTER,0,120,5460.0,8370.0,15.0,-0.0,0.0,0.0,0.0,0.0,9851.528401546002,0.0,0.0,2790.0,8370.0,0.0,0.0,0.0,34.974538784068734,26.774766533258358,1636.5029403300707,31.378487362728713,16.378487362728706,0.0,124.97592989662213,0.0,7.105427357601002e-15,0.0,0.0
CARBON_CAP_070,0.7,TD_WINTER,1,120,5250.0,8235.0,15.0,0.0,0.0,0.0,0.0,0.0,10555.20900165643,0.0,0.0,2745.0,8235.0,0.0,0.0,0.0,25.43602820659544,0.0,2585.645029863026,48.45012791692453,33.45012791692453,0.0,158.4208504831343,0.0,2.220446049250313e-15,0.0,0.0
CARBON_CAP_070,0.7,TD_WINTER,2,120,5040.0,8100.000000000001,15.0,0.0,0.0,0.0,0.0,0.0,11258.88960176686,0.0,0.0,2700.0000000000005,8100.000000000001,0.0,0.0,0.0,-0.0,0.0,3518.8896017668594,64.00420411532176,49.004204115321755,0.0,207.41845372968592,0.0,0.0,0.0,0.0
CARBON_CAP_070,0.7,TD_WINTER,3,120,4935.0,7965.000000000001,15.0,0.0,574.2726661304114,0.0,0.0,0.0,11153.737335710068,574.2726661304114,0.0,2655.0000000000005,7965.000000000001,0.0,0.0,44.847733943207764,0.0,42.60534724604737,3518.8896017668594,64.00420411532176,49.004204115321755,0.0,256.4140154094356,0.0,-8.881784197001252e-16,0.0,0.0
CARBON_CAP_070,0.7,TD_WINTER,4,120,5040.0,7830.000000000001,20.0,0.0,964.65072963075,0.0,0.0,0.0,11232.479672283349,964.65072963075,0.0,2610.0000000000005,7830.000000000001,0.0,0.0,63.590070516488595,0.0,103.01591423671154,3518.8896017668594,64.00420411532176,44.004204115321755,0.0,300.4075356074486,0.0,-8.881784197001252e-16,0.0,0.0
CARBON_CAP_070,0.7,TD_WINTER,5,120,5460.0,8100.000000000001,25.0,0.0,141.90957159708705,118.22519973006308,0.0,0.0,11586.100430243392,141.90957159708705,0.0,2700.0000000000005,8100.000000000001,0.0,0.0,25.43602820659544,0.0,127.1801410329772,3518.8896017668594,64.00420411532176,39.004204115321755,0.0,339.39922274212006,0.0,0.0,0.0,0.0
CARBON_CAP_070,0.7,TD_WINTER,6,120,6510.0,8775.0,40.0,0.0,0.0,709.3511983803785,0.0,0.0,10789.769201693241,0.0,0.0,2925.0,8775.0,0.0,0.0,0.0,-0.0,127.1801410329772,2064.12040007362,39.15335026715688,0.0,0.8466497328431206,338.538431374996,0.0,2.6645352591003757e-15,0.0,0.0
CARBON_CAP_070,0.7,TD_WINTER,7,120,7350.0,9450.0,50.0,0.0,0.0,1773.3779959509463,0.0,0.0,9382.408001472384,0.0,0.0,3059.29696164907,9177.89088494721,272.10911505279,27.35072842900809,0.0,-0.0,127.1801410329772,746.489035774235,14.637039917141864,0.0,35.36296008285814,303.16136552416384,0.0,1.7763568394002505e-15,0.0,59.07757340665739
CARBON_CAP_070,0.7,TD_WINTER,8,120,7980.0,9180.0,55.0,0.0,0.0,3251.192992576735,0.0,0.0,8444.167201325145,0.0,0.0,3059.29696164907,9177.89088494721,2.1091150527900027,0.21199522486852818,0.0,-0.0,127.1801410329772,656.063232252802,12.863984946133373,0.0,42.13601505386663,261.0127187467337,0.0,1.7763568394002505e-15,0.0,0.4579096857160039
CARBON_CAP_070,0.7,TD_WINTER,9,120,8505.0,8100.000000000001,55.0,0.0,0.0,4433.4449898773655,0.0,0.0,7505.926401177907,0.0,0.0,2700.0000000000005,8100.000000000001,0.0,0.0,0.0,-0.0,127.1801410329772,734.3713910552723,14.399439040299457,0.0,40.600560959700545,220.40128225708537,0.0,1.7763568394002505e-15,0.0,0.0
CARBON_CAP_070,0.7,TD_WINTER,10,120,8715.0,7020.000000000001,45.0,0.0,0.0,5201.908788122776,0.0,0.0,7036.806001104287,0.0,0.0,2340.0000000000005,7020.000000000001,0.0,0.0,0.0,-0.0,127.1801410329772,1183.7147892270634,23.07060816709165,0.0,21.929391832908347,198.4627070374163,0.0,-2.6645352591003757e-15,0.0,0.0
CARBON_CAP_070,0.7,TD_WINTER,11,120,8610.0,6480.0,35.0,-0.0,0.0,5615.696987177997,0.0,0.0,6567.685601030669,0.0,0.0,2160.0,6480.0,0.0,0.0,0.0,-0.0,127.1801410329772,1413.382588208666,27.32175368779408,0.0,7.678246312205914,190.77619144575047,0.0,-7.105427357601002e-15,0.0,0.0
CARBON_CAP_070,0.7,TD_WINTER,12,120,8400.0,6210.0,30.0,-0.0,0.0,5320.133987852839,0.0,0.0,7036.806001104287,0.0,0.0,2070.0,6210.0,0.0,0.0,0.0,-0.0,127.1801410329772,1886.9399889571262,35.93188824685699,5.931888246857,0.0,196.70013068463055,0.0,-7.993605777301127e-15,0.0,0.0
CARBON_CAP_070,0.7,TD_WINTER,13,120,8295.0,6210.0,30.0,-0.0,0.0,4610.7827894724605,0.0,0.0,7975.046801251527,0.0,0.0,2070.0,6210.0,0.0,0.0,0.0,-0.0,127.1801410329772,2220.829590723987,42.00260827898174,12.00260827898174,0.0,208.69454312483376,0.0,8.881784197001252e-16,0.0,0.0
CARBON_CAP_070,0.7,TD_WINTER,14,120,8400.0,6480.0,35.0,-0.0,0.0,3428.5307921718295,0.0,0.0,8913.287601398764,0.0,0.0,2160.0,6480.0,0.0,0.0,0.0,0.0,127.1801410329772,1781.818393570594,34.020586512556406,0.0,0.9794134874434235,207.7064340314268,0.0,0.0,0.0,0.0
CARBON_CAP_070,0.7,TD_WINTER,15,120,8715.0,7020.000000000001,40.0,-0.0,0.0,2068.940995276104,0.0,0.0,9851.528401546002,0.0,0.0,2340.0000000000005,7020.000000000001,0.0,0.0,-0.0,0.0,127.1801410329772,865.4693968221054,16.969988172982458,0.0,23.030011827017542,184.66776776965793,0.0,0.0,0.0,0.0
CARBON_CAP_070,0.7,TD_WINTER,16,120,9030.0,7695.000000000001,50.0,-0.0,0.0,709.3511983803785,0.0,0.0,10320.648801619622,0.0,0.0,2031.7950352582445,6095.385105774733,1599.6148942252676,160.78341423610172,0.0,31.795035258244305,93.71168286640425,0.0,0.0,0.0,50.0,134.66007327933417,0.0,0.0,0.0,347.2921747499797
CARBON_CAP_070,0.7,TD_WINTER,17,120,9450.0,8640.0,60.0,-0.0,0.0,118.22519973006308,0.0,0.0,11024.32940173005,0.0,0.0,1717.9906296667086,5153.971889000126,3486.028110999874,350.39402535761553,0.0,25.43602820659544,66.93691633314589,0.0,0.0,0.0,60.0,74.65446244294753,0.0,0.0,0.0,756.8510947724496
CARBON_CAP_070,0.7,TD_WINTER,18,120,9240.0,9450.0,50.0,0.0,0.0,0.0,0.0,0.0,11728.01000184048,0.0,0.0,2551.6000723569678,7654.800217070903,1795.1997829290967,180.44239984089634,0.0,63.5900705164886,0.0,0.0,0.0,0.0,50.0,24.65135184034574,0.0,0.0,0.0,389.75558365633606
CARBON_CAP_070,0.7,TD_WINTER,19,120,8610.0,9720.0,35.0,0.0,0.0,0.0,0.0,0.0,12197.130401914099,0.0,0.0,3059.29696164907,9177.89088494721,542.10911505279,54.48946163314765,0.0,-0.0,0.0,527.8334402650289,10.349675299314292,0.0,24.650324700685708,0.0,0.0,0.0,0.0,117.69723712759924
CARBON_CAP_070,0.7,TD_WINTER,20,120,7770.0,9450.0,25.0,0.0,0.0,0.0,0.0,0.0,12900.811002024528,0.0,0.0,3059.29696164907,9177.89088494721,272.10911505279,27.35072842900809,16.064859919955015,0.0,15.261616923957265,2055.4491804555028,38.99569172864566,13.995691728645658,0.0,13.995691728645658,0.0,1.7763568394002505e-15,0.0,59.07757340665739
CARBON_CAP_070,0.7,TD_WINTER,21,120,6825.0,9180.0,20.0,0.0,0.0,0.0,0.0,0.0,12666.250801987719,0.0,0.0,3059.29696164907,9177.89088494721,2.1091150527900027,0.21199522486852818,25.43602820659544,0.0,39.425843720222936,2756.517812132053,51.29800762140832,31.298007621408317,0.0,45.29311619623195,0.0,-8.881784197001252e-16,0.0,0.4579096857160039
CARBON_CAP_070,0.7,TD_WINTER,22,120,6090.0,8775.0,15.0,0.0,0.0,0.0,0.0,0.0,11728.01000184048,0.0,0.0,2925.0,8775.0,0.0,0.0,25.43602820659544,0.0,63.5900705164886,2687.5739736338837,50.14894364643882,35.14894364643899,0.0,80.44017262949609,0.0,-1.6209256159527285e-13,0.0,0.0
CARBON_CAP_070,0.7,TD_WINTER,23,120,5670.0,8505.0,15.0,0.0,0.0,0.0,0.0,0.0,10789.769201693241,0.0,0.0,2835.0,8505.0,0.0,0.0,0.0,0.0,63.5900705164886,2284.7692016932415,43.16514666024091,28.165146660240907,0.0,108.60196761587743,0.0,0.0,0.0,0.0
CARBON_CAP_070,0.7,TD_TRANSITION,0,125,5200.0,5580.0,15.0,0.0,1331.2821341976323,0.0,0.0,0.0,8520.24626734837,1331.2821341976323,0.0,1860.0,5580.0,0.0,0.0,0.0,0.0,63.5900705164886,1460.2462673483692,27.126872435664907,12.126872435664907,0.0,120.72431496955834,0.0,0.0,0.0,0.0
CARBON_CAP_070,0.7,TD_TRANSITION,1,125,5000.0,5490.0,15.0,0.0,3725.2090016564307,0.0,0.0,0.0,6830.0,3725.2090016564307,0.0,1830.0,5490.0,0.0,0.0,0.0,0.0,63.5900705164886,0.0,0.0,0.0,15.0,105.71928478976793,0.0,0.0,0.0,0.0
CARBON_CAP_070,0.7,TD_TRANSITION,2,125,4800.0,5400.0,15.0,0.0,1140.0,0.0,0.0,0.0,10118.88960176686,1140.0,0.0,1800.0,5400.0,0.0,0.0,0.0,0.0,63.5900705164886,3518.8896017668594,64.00420411532176,49.004204115321755,0.0,154.7190839348901,0.0,-8.881784197001252e-16,0.0,0.0
CARBON_CAP_070,0.7,TD_TRANSITION,3,125,4700.0,5310.0,15.0,0.0,5258.010001840479,0.0,0.0,0.0,6470.0,5258.010001840479,0.0,1770.0,5310.0,0.0,0.0,0.0,0.0,63.5900705164886,0.0,0.0,0.0,15.0,139.71263730639282,0.0,0.0,0.0,0.0
CARBON_CAP_070,0.7,TD_TRANSITION,4,125,4800.0,5220.0,20.0,0.0,2138.2408001472395,0.0,0.0,0.0,10058.88960176686,2138.2408001472395,0.0,1740.0,5220.0,0.0,0.0,0.0,0.0,63.5900705164886,3518.8896017668594,64.00420411532176,44.004204115321755,0.0,183.71102006182682,0.0,-8.881784197001252e-16,0.0,0.0
CARBON_CAP_070,0.7,TD_TRANSITION,5,125,5200.0,5400.0,25.0,0.0,4846.235201570542,118.22519973006308,0.0,0.0,6881.774800269937,4846.235201570542,0.0,1800.0,5400.0,0.0,0.0,0.0,0.0,63.5900705164886,0.0,0.0,0.0,25.0,158.7033654359909,0.0,0.0,0.0,0.0
CARBON_CAP_070,0.7,TD_TRANSITION,6,125,6200.0,5850.0,40.0,0.0,0.0,709.3511983803785,0.0,0.0,10789.769201693241,0.0,0.0,1950.0,5850.0,0.0,0.0,0.0,0.0,63.5900705164886,3349.1204000736197,61.17471742043442,21.17471742043442,0.0,179.87147021619882,0.0,2.6645352591003757e-15,0.0,0.0
CARBON_CAP_070,0.7,TD_TRANSITION,7,125,7000.0,6300.0,50.0,0.0,0.0,1773.3779959509463,0.0,0.0,9382.408001472384,0.0,0.0,2100.0,6300.0,0.0,0.0,0.0,0.0,63.5900705164886,2055.785997423331,39.00181567351527,0.0,10.998184326484742,168.86579124512173,0.0,5.790923296444818e-15,0.0,0.0
CARBON_CAP_070,0.7,TD_TRANSITION,8,125,7600.0,6120.0,55.0,0.0,2055.3601939018795,1195.8327986748554,2055.3601939018795,0.0,8444.167201325145,0.0,0.0,2040.0,6120.0,0.0,0.0,0.0,0.0,63.5900705164886,0.0,4.953674846257783e-16,0.0,55.0,113.85875517048653,0.0,0.0,0.0,0.0
CARBON_CAP_070,0.7,TD_TRANSITION,9,125,8100.0,5400.0,55.0,0.0,0.0,4433.4449898773655,0.0,0.0,7505.926401177907,0.0,0.0,1800.0,5400.0,0.0,0.0,0.0,0.0,63.5900705164886,2039.3713910552724,38.703368285005105,0.0,16.2966317149949,97.55737934069285,0.0,2.6645352591003757e-15,0.0,0.0
CARBON_CAP_070,0.7,TD_TRANSITION,10,125,8300.0,4680.0,45.0,0.0,0.0,5201.908788122776,0.0,0.0,7036.806001104287,0.0,0.0,1560.0,4680.0,0.0,0.0,0.0,0.0,63.5900705164886,2378.714789227063,44.873248251764934,0.0,0.12675174823506552,97.42656270165192,0.0,0.0,0.0,0.0
CARBON_CAP_070,0.7,TD_TRANSITION,11,125,8200.0,4320.0,35.0,0.0,0.0,5615.696987177997,0.0,0.0,6567.685601030669,0.0,0.0,1440.0,4320.0,0.0,0.0,0.0,0.0,63.5900705164886,2543.3825882086658,47.74575388935185,12.745753889351857,0.0,110.16825715089121,0.0,-1.5543122344752192e-15,0.0,0.0
CARBON_CAP_070,0.7,TD_TRANSITION,12,125,8000.0,4140.0,30.0,0.0,0.0,5320.133987852839,0.0,0.0,7036.806001104287,0.0,0.0,1380.0,4140.0,0.0,0.0,0.0,0.0,63.5900705164886,2976.939988957126,54.97171056849286,24.97171056849286,0.0,135.1353773753361,0.0,0.0,0.0,0.0
CARBON_CAP_070,0.7,TD_TRANSITION,13,125,7900.0,4140.0,30.0,0.0,0.0,4610.7827894724605,0.0,0.0,7975.046801251527,0.0,0.0,1380.0,4140.0,0.0,0.0,0.0,0.0,63.5900705164886,3305.829590723987,60.453203931273876,30.45320393127388,0.0,165.58295066588602,0.0,-8.881784197001252e-16,0.0,0.0
CARBON_CAP_070,0.7,TD_TRANSITION,14,125,8000.0,4320.0,35.0,0.0,2901.818393570594,526.7123986012357,2901.818393570594,0.0,8913.287601398764,0.0,0.0,1440.0,4320.0,0.0,0.0,-0.0,0.0,63.5900705164886,0.0,0.0,0.0,35.0,130.57605137627493,0.0,0.0,0.0,0.0
CARBON_CAP_070,0.7,TD_TRANSITION,15,125,8300.0,4680.0,40.0,0.0,0.0,2068.940995276104,0.0,0.0,9851.528401546002,0.0,0.0,1560.0,4680.0,0.0,0.0,0.0,0.0,63.5900705164886,2060.469396822106,39.08696838985662,0.0,0.9130316101433813,129.6575790973242,0.0,0.0,0.0,0.0
CARBON_CAP_070,0.7,TD_TRANSITION,16,125,8600.0,5130.0,50.0,0.0,0.0,709.3511983803785,0.0,0.0,10320.648801619622,0.0,0.0,1710.0,5130.0,0.0,0.0,0.0,0.0,63.5900705164886,720.0000000000002,14.117647058823534,0.0,35.882352941176464,93.76982375701867,0.0,-1.7763568394002505e-15,0.0,0.0
CARBON_CAP_070,0.7,TD_TRANSITION,17,125,9000.0,5760.0,60.0,0.0,222.5546014601132,118.22519973006308,0.0,0.0,10801.774800269937,222.5546014601132,0.0,1920.0,5760.0,0.0,0.0,0.0,0.0,63.5900705164886,0.0,0.0,0.0,60.0,33.76591668102879,0.0,0.0,0.0,0.0
CARBON_CAP_070,0.7,TD_TRANSITION,18,125,8800.0,6300.0,50.0,0.0,0.0,0.0,0.0,0.0,11728.01000184048,0.0,0.0,2100.0,6300.0,0.0,0.0,0.0,-0.0,63.5900705164886,828.0100018404792,16.235490232166256,0.0,33.764509767833744,0.0,0.0,0.0,0.0,0.0
CARBON_CAP_070,0.7,TD_TRANSITION,19,125,8200.0,6480.0,35.0,0.0,0.0,0.0,0.0,0.0,12197.130401914099,0.0,0.0,2160.0,6480.0,0.0,0.0,0.0,0.0,63.5900705164886,1837.130401914099,35.0,0.0,0.0,0.0,0.0,0.0,0.0,0.0
CARBON_CAP_070,0.7,TD_TRANSITION,20,125,7400.0,6300.0,25.0,0.0,313.8090878339299,0.0,0.0,0.0,12587.001914190598,313.8090878339299,0.0,2100.0,6300.0,0.0,0.0,0.0,0.0,63.5900705164886,3087.0019141905977,55.919139391796676,30.919139391796676,0.0,30.919139391796676,0.0,0.0,0.0,0.0
CARBON_CAP_070,0.7,TD_TRANSITION,21,125,6500.0,6120.0,20.0,0.0,607.3612002208592,0.0,0.0,0.0,12058.88960176686,607.3612002208592,0.0,2040.0,6120.0,0.0,0.0,0.0,0.0,63.5900705164886,3518.8896017668594,64.00420411532176,44.004204115321755,0.0,74.92205520964377,0.0,0.0,0.0,0.0
CARBON_CAP_070,0.7,TD_TRANSITION,22,125,5800.0,5850.0,15.0,0.0,3978.010001840479,0.0,0.0,0.0,7750.0,3978.010001840479,0.0,1950.0,5850.0,0.0,0.0,0.0,0.0,63.5900705164886,0.0,0.0,0.0,15.0,59.918933457343364,0.0,0.0,0.0,0.0
CARBON_CAP_070,0.7,TD_TRANSITION,23,125,5400.0,5670.0,15.0,0.0,0.0,0.0,0.0,0.0,10789.769201693241,0.0,0.0,1890.0,5670.0,0.0,0.0,0.0,0.0,63.5900705164886,3499.7692016932415,63.685530780761454,48.685530780761454,0.0,108.60196761587743,0.0,0.0,0.0,0.0
CARBON_CAP_060,0.6,TD_SUMMER,0,120,5979.999999999999,3720.0,15.0,0.0,2631.325476308125,0.0,0.0,0.0,7219.999999999999,2631.325476308125,0.0,1240.0,3720.0,0.0,0.0,0.0,0.0,177.7142720509697,0.0,0.0,0.0,14.999999999999996,91.54120222431204,3.552713678800501e-15,0.0,0.0,0.0
CARBON_CAP_060,0.6,TD_SUMMER,1,120,5750.0,3660.0,15.0,0.0,3513.905872938317,0.0,0.0,0.0,7041.0857088203875,3513.905872938317,0.0,1220.0,3660.0,0.0,0.0,71.08570882038788,0.0,245.24569543033817,0.0,0.0,0.0,14.999999999999996,76.53738800755269,3.552713678800501e-15,0.0,0.0,0.0
CARBON_CAP_060,0.6,TD_SUMMER,2,120,5520.0,3600.0,15.0,0.0,3460.9234145190503,0.0,0.0,0.0,7797.734272690234,3460.9234145190503,0.0,1200.0,3600.0,0.0,0.0,0.0,0.0,245.24569543033817,1077.7342726902343,19.626736461073673,4.626736461073676,0.0,81.16093541079272,0.0,0.0,0.0,0.0
CARBON_CAP_060,0.6,TD_SUMMER,3,120,5405.0,3540.0,15.0,0.0,1624.1107369670517,0.0,0.0,0.0,10103.657687209286,1624.1107369670517,0.0,1180.0,3540.0,0.0,0.0,0.0,0.0,245.24569543033817,3518.6576872092846,63.99998587935524,48.999985879355265,0.0,130.15753958450586,0.0,-1.865174681370263e-14,0.0,0.0
CARBON_CAP_060,0.6,TD_SUMMER,4,120,5520.0,3480.0,20.0,0.0,1953.325236784387,0.0,0.0,0.0,10243.553924359005,1953.325236784387,0.0,1160.0,3480.0,0.0,0.0,44.89623714971865,0.0,287.8971207225709,3518.6576872092846,63.99998587935524,43.99998587935525,0.0,174.15210223304507,0.0,-7.105427357601002e-15,0.0,0.0
CARBON_CAP_060,0.6,TD_SUMMER,5,120,5979.999999999999,3600.0,25.0,0.0,1076.2856592674707,118.26063112080374,0.0,0.0,10651.482764908867,1076.2856592674707,0.0,1200.0,3600.0,0.0,0.0,71.08570882038788,0.0,355.4285441019394,3518.6576872092846,63.99998587935524,38.99998587935525,0.0,213.14483177480727,0.0,-4.440892098500626e-15,0.0,0.0
CARBON_CAP_060,0.6,TD_SUMMER,6,120,7129.999999999999,3900.0,40.0,0.0,0.0,709.5637867248224,0.0,0.0,10789.546950242231,0.0,0.0,1300.0,3900.0,0.0,0.0,0.0,0.0,355.4285441019394,3069.1107369670526,56.50753670865139,16.507536708651344,0.0,229.64348744880132,0.0,4.263256414560601e-14,0.0,0.0
CARBON_CAP_060,0.6,TD_SUMMER,7,120,8049.999999999999,4200.0,50.0,0.0,0.0,1773.909466812056,0.0,0.0,9382.21473934107,0.0,0.0,1400.0,4200.0,0.0,0.0,0.0,0.0,355.4285441019394,1706.124206153127,32.6442215361566,0.0,17.355778463843393,212.27814050631423,0.0,-4.440892098500626e-15,0.0,0.0
CARBON_CAP_060,0.6,TD_SUMMER,8,120,8740.0,4080.0,55.0,0.0,0.0,3252.167355822103,0.0,0.0,8443.993265406963,0.0,0.0,1360.0,4080.0,0.0,0.0,0.0,0.0,355.4285441019394,1596.1606212290671,30.644883628446422,0.0,24.355116371553578,187.91417921223953,0.0,0.0,0.0,0.0
CARBON_CAP_060,0.6,TD_SUMMER,9,120,9315.0,3600.0,55.0,0.0,0.0,4434.77366703014,0.0,0.0,7505.771791472856,0.0,0.0,1200.0,3600.0,0.0,0.0,0.0,0.0,355.4285441019394,1425.545458502997,27.542789760699694,0.0,27.45721023930031,160.44913921547203,0.0,2.4980018054066022e-15,0.0,0.0
CARBON_CAP_060,0.6,TD_SUMMER,10,120,9545.0,3120.0,45.0,0.0,0.0,5203.467769315364,0.0,0.0,7036.661054505803,0.0,0.0,1040.0,3120.0,0.0,0.0,0.0,0.0,355.4285441019394,1655.1288238211678,31.717032766484614,0.0,13.282967233515393,147.15948660115598,0.0,8.881784197001252e-15,0.0,0.0
CARBON_CAP_060,0.6,TD_SUMMER,11,120,9430.0,2880.0,35.0,0.0,0.0,5617.3799782381775,0.0,0.0,6567.55031753875,0.0,0.0,960.0,2880.0,0.0,0.0,0.0,0.0,355.4285441019394,1794.9302957769282,34.25887771113481,0.0,0.7411222888651992,146.41223266701573,0.0,0.0,0.0,0.0
CARBON_CAP_060,0.6,TD_SUMMER,12,120,9200.0,2760.0,30.0,0.0,0.0,5321.728400436168,0.0,0.0,7036.661054505803,0.0,0.0,920.0,2760.0,0.0,0.0,0.0,0.0,355.4285441019394,2238.38945494197,42.32177151413557,12.321771514135577,0.0,158.72790367145683,0.0,-9.769962616701378e-15,0.0,0.0
CARBON_CAP_060,0.6,TD_SUMMER,13,120,9085.0,2760.0,30.0,0.0,0.0,4612.164613711346,0.0,0.0,7974.882528439911,0.0,0.0,920.0,2760.0,0.0,0.0,0.0,0.0,355.4285441019394,2582.0471421512557,48.3898101283881,18.389810128388092,0.0,177.11110013719193,0.0,7.105427357601002e-15,0.0,0.0
CARBON_CAP_060,0.6,TD_SUMMER,14,120,9200.0,2880.0,35.0,0.0,0.0,3429.558302503308,0.0,0.0,8913.104002374017,0.0,0.0,960.0,2880.0,0.0,0.0,0.0,0.0,355.4285441019394,2182.662304877326,41.30855060386931,6.308550603869321,0.0,183.41227111188886,0.0,-1.3322676295501878e-14,0.0,0.0
CARBON_CAP_060,0.6,TD_SUMMER,15,120,9545.0,3120.0,40.0,0.0,0.0,2069.5610446140654,0.0,0.0,9851.325476308124,0.0,0.0,1040.0,3120.0,0.0,0.0,0.0,0.0,355.4285441019394,1335.8865209221904,25.888527409411786,0.0,14.111472590588818,169.29315634333705,0.0,6.039613253960852e-13,0.0,0.0
CARBON_CAP_060,0.6,TD_SUMMER,16,120,9890.0,3420.0,50.0,0.0,0.0,709.5637867248224,0.0,0.0,10320.436213275178,0.0,0.0,1140.0,3420.0,0.0,0.0,-2.1526518621107714e-13,0.0,355.42854410193917,0.0,0.0,0.0,49.999999999999986,119.28610246182275,0.0,-1.4210854715202004e-14,0.0,0.0
CARBON_CAP_060,0.6,TD_SUMMER,17,120,10350.0,3840.0,60.0,0.0,0.0,118.26063112080374,0.0,0.0,11024.102318725758,0.0,0.0,1130.0200667434037,3390.060200230211,449.9397997697888,45.2251710513936,0.0,337.65711689684224,0.0,0.0,0.0,0.0,59.99999999999999,59.281132207553505,0.0,-7.105427357601002e-15,0.0,97.68636947101015
CARBON_CAP_060,0.6,TD_SUMMER,18,120,10120.0,4200.0,50.0,0.0,136.6827153559504,0.0,0.0,0.0,11591.085708820388,136.6827153559504,0.0,1400.0,4200.0,0.0,0.0,71.08570882038912,0.0,67.53142337936966,0.0,0.0,0.0,50.0,9.27866216037819,0.0,0.0,0.0,0.0
CARBON_CAP_060,0.6,TD_SUMMER,19,120,9430.0,4320.0,35.0,0.0,0.0,0.0,0.0,0.0,12196.879161143392,0.0,0.0,1440.0,4320.0,0.0,0.0,-0.0,0.0,67.53142337936966,1326.8791611433926,25.72172445054516,0.0,9.27827554945484,0.0,0.0,8.881784197001252e-16,0.0,0.0
CARBON_CAP_060,0.6,TD_SUMMER,20,120,8510.0,4200.0,25.0,0.0,1651.1009311819817,0.0,0.0,0.0,11249.444335411992,1651.1009311819817,0.0,1400.0,4200.0,0.0,0.0,44.89623714971778,0.0,110.18284867160153,1294.548098262274,25.0,0.0,0.0,0.0,0.0,0.0,0.0,0.0
CARBON_CAP_060,0.6,TD_SUMMER,21,120,7474.999999999999,4080.0,20.0,0.0,1943.8348169600104,0.0,0.0,0.0,10722.155081150435,1943.8348169600104,0.0,1360.0,4080.0,0.0,0.0,71.08570882038788,0.0,177.71427205097,1816.069372330047,31.867212729989852,11.86721272998985,0.0,11.86721272998985,0.0,1.7763568394002505e-15,0.0,0.0
CARBON_CAP_060,0.6,TD_SUMMER,22,120,6669.999999999999,3900.0,15.0,0.0,239.11073696705716,0.0,0.0,0.0,11488.657687209281,239.11073696705716,0.0,1300.0,3900.0,0.0,0.0,0.0,0.0,177.7142720509697,3518.6576872092846,63.99998587935524,48.99998587935525,0.0,60.866704142148016,0.0,-7.105427357601002e-15,0.0,0.0
CARBON_CAP_060,0.6,TD_SUMMER,23,120,6209.999999999999,3780.0,15.0,0.0,0.0,0.0,0.0,0.0,10789.546950242231,0.0,0.0,1260.0,3780.0,0.0,0.0,0.0,0.0,177.7142720509697,3319.546950242232,60.68147359657104,45.68147359657104,0.0,106.54564162604646,0.0,-2.6645352591003757e-15,0.0,0.0
CARBON_CAP_060,0.6,TD_WINTER,0,120,5460.0,8370.0,15.0,-1.436359952591867e-12,0.0,0.0,0.0,0.0,9851.325476308124,0.0,0.0,2790.0,8370.0,0.0,0.0,0.0,97.74284962803334,74.82706191619776,1699.0683259361563,32.515932804938956,17.515932804938956,0.0,124.05713502925099,0.0,0.0,0.0,-9.306176132842706e-13
CARBON_CAP_060,0.6,TD_WINTER,1,120,5250.0,8235.0,15.0,0.0,0.0,0.0,0.0,0.0,10554.991581758704,0.0,0.0,2745.0,8235.0,0.0,0.0,0.0,71.08570882038788,0.0,2631.077290579092,49.20697926885204,34.20697926885214,0.0,158.25894525081023,0.0,-1.0036416142611415e-13,0.0,0.0
CARBON_CAP_060,0.6,TD_WINTER,2,120,5040.0,8100.000000000001,15.0,0.0,0.0,0.0,0.0,0.0,11258.657687209285,0.0,0.0,2700.0000000000005,8100.000000000001,0.0,0.0,-0.0,0.0,0.0,3518.6576872092846,63.99998587935524,48.99998587935522,0.0,207.25233700744667,0.0,2.1316282072803006e-14,0.0,0.0
CARBON_CAP_060,0.6,TD_WINTER,3,120,4935.0,7965.000000000001,15.0,0.0,441.3964649160862,0.0,0.0,0.0,11286.371959260252,441.3964649160862,0.0,2655.0000000000005,7965.000000000001,0.0,0.0,177.7142720509697,0.0,168.8285584484212,3518.6576872092846,63.99998587935524,48.99998587935528,0.0,256.24368737275995,0.0,-3.2862601528904634e-14,0.0,0.0
CARBON_CAP_060,0.6,TD_WINTER,4,120,5040.0,7830.000000000001,20.0,0.0,902.8861452244782,0.0,0.0,0.0,11293.993015918913,902.8861452244782,0.0,2610.0000000000005,7830.000000000001,0.0,0.0,125.33532870963126,0.0,287.8971207225709,3518.6576872092846,63.99998587935524,43.99998587935528,0.0,300.23299643180803,0.0,-3.2862601528904634e-14,0.0,0.0
CARBON_CAP_060,0.6,TD_WINTER,5,120,5460.0,8100.000000000001,25.0,0.0,96.28565926747069,21.974971853333045,96.28565926747069,0.0,11727.768424176338,0.0,0.0,2700.0000000000005,8100.000000000001,0.0,0.0,71.08570882038788,0.0,355.4285441019394,3518.6576872092846,63.99998587935524,38.99998587935522,0.0,339.2204726029786,0.0,0.0,0.0,0.0
CARBON_CAP_060,0.6,TD_WINTER,6,120,6510.0,8775.0,40.0,0.0,0.0,709.5637867248224,0.0,0.0,10789.546950242231,0.0,0.0,2925.0,8775.0,0.0,0.0,-2.9983000964649583e-13,0.0,355.4285441019391,2064.110736967054,39.15306755095527,0.0,0.8469324490447434,338.35940596757536,0.0,1.687538997430238e-14,0.0,0.0
CARBON_CAP_060,0.6,TD_WINTER,7,120,7350.0,9450.0,50.0,0.0,0.0,1773.909466812056,0.0,0.0,9382.21473934107,0.0,0.0,3059.0805080620025,9177.241524186007,272.75847581399285,27.415998164013722,0.0,0.0,355.4285441019391,747.0436980911254,14.647915648845595,0.0,35.35208435115442,302.99322330783895,0.0,1.2434497875801753e-14,0.0,59.21855603426957
CARBON_CAP_060,0.6,TD_WINTER,8,120,7980.0,9180.0,55.0,0.0,0.0,3252.167355822103,0.0,0.0,8443.993265406963,0.0,0.0,3059.0805080620025,9177.241524186007,2.7584758139928454,0.2772649598741612,0.0,0.0,355.4285441019391,657.0801131670655,12.88392378758952,0.0,42.11607621241046,260.86452237779065,0.0,-1.7763568394002505e-14,0.0,0.5988923133281787
CARBON_CAP_060,0.6,TD_WINTER,9,120,8505.0,8100.000000000001,55.0,0.0,0.0,4434.77366703014,0.0,0.0,7505.771791472856,0.0,0.0,2700.0000000000005,8100.000000000001,0.0,0.0,0.0,0.0,355.4285441019391,735.5454585029966,14.42245997064699,0.0,40.577540029353,220.27611299333856,0.0,-7.105427357601002e-15,0.0,0.0
CARBON_CAP_060,0.6,TD_WINTER,10,120,8715.0,7020.000000000001,45.0,0.0,0.0,5203.467769315364,0.0,0.0,7036.661054505803,0.0,0.0,2340.0000000000005,7020.000000000001,0.0,0.0,-0.0,0.0,355.4285441019391,1185.1288238211648,23.096718203837238,0.0,21.903281796162588,198.36365302580123,0.0,-1.7275070263167436e-13,0.0,0.0
CARBON_CAP_060,0.6,TD_WINTER,11,120,8610.0,6480.0,35.0,3.9790409499359445e-12,0.0,5617.3799782381775,0.0,0.0,6567.55031753875,0.0,0.0,2160.0,6480.0,0.0,0.0,-0.0,0.0,355.4285441019391,1414.9302957769319,27.349786802043962,0.0,7.650213197956049,190.70517467563576,0.0,1.0658141036401503e-14,0.0,2.5780206314634987e-12
CARBON_CAP_060,0.6,TD_WINTER,12,120,8400.0,6210.0,30.0,-2.280378530067035e-12,0.0,5321.728400436168,0.0,0.0,7036.661054505803,0.0,0.0,2070.0,6210.0,0.0,0.0,-0.0,0.0,355.4285441019391,1888.3894549419697,35.958135150499196,5.958135150499203,0.0,196.65536377719013,0.0,-6.217248937900877e-15,0.0,-1.477457249630432e-12
CARBON_CAP_060,0.6,TD_WINTER,13,120,8295.0,6210.0,30.0,3.090610868658175e-13,0.0,4612.164613711346,0.0,0.0,7974.882528439911,0.0,0.0,2070.0,6210.0,0.0,0.0,0.0,0.0,355.4285441019394,2222.047142151252,42.024638554304325,12.024638554304317,0.0,208.67180835800372,0.0,7.993605777301127e-15,0.0,2.0024067818036317e-13
CARBON_CAP_060,0.6,TD_WINTER,14,120,8400.0,6480.0,35.0,-4.949906168785448e-12,0.0,3429.558302503308,0.0,0.0,8913.104002374017,0.0,0.0,2160.0,6480.0,0.0,0.0,-0.0,0.0,355.4285441019394,1782.66230487732,34.03582333114193,0.0,0.9641766688582152,207.6989370304639,0.0,0.0,0.0,-3.207044206756092e-12
CARBON_CAP_060,0.6,TD_WINTER,15,120,8715.0,7020.000000000001,40.0,-0.0,0.0,2069.5610446140654,0.0,0.0,9851.325476308124,0.0,0.0,2340.0000000000005,7020.000000000001,0.0,0.0,-0.0,0.0,355.4285441019394,865.8865209221894,16.978167076905674,0.0,23.02183292309431,184.66844998499332,0.0,-1.7763568394002505e-14,0.0,0.0
CARBON_CAP_060,0.6,TD_WINTER,16,120,9030.0,7695.000000000001,50.0,-0.0,0.0,709.5637867248224,0.0,0.0,10320.436213275178,0.0,0.0,2071.0857088203884,6213.257126461165,1481.7428735388357,148.93564637816877,0.0,71.08570882038788,280.60148218574165,0.0,0.0,0.0,49.99999999999999,134.66075546624393,7.105427357601002e-15,0.0,0.0,321.7009961768447
CARBON_CAP_060,0.6,TD_WINTER,17,120,9450.0,8640.0,60.0,-0.0,0.0,118.26063112080374,0.0,0.0,11024.102318725758,0.0,0.0,1870.0772218975308,5610.231665692592,3029.7683343074077,304.5336092411817,0.0,177.7142720509697,93.53382739524723,0.0,0.0,0.0,59.99999999999999,74.65514460143282,7.105427357601002e-15,0.0,0.0,657.7925959609527
CARBON_CAP_060,0.6,TD_WINTER,18,120,9240.0,9450.0,50.0,0.0,0.0,0.0,0.0,0.0,11727.768424176338,0.0,0.0,2576.6255602018227,7729.876680605468,1720.1233193945318,172.8961771972857,0.0,88.85713602548522,-3.7146745782262395e-13,0.0,0.0,0.0,49.999999999999986,24.652033970407775,0.0,-1.4210854715202004e-14,0.0,373.45574274613705
CARBON_CAP_060,0.6,TD_WINTER,19,120,8610.0,9720.0,35.0,0.0,0.0,0.0,0.0,0.0,12196.879161143392,0.0,0.0,3059.0805080620025,9177.241524186007,542.7584758139928,54.554731368153284,0.0,0.0,0.0,527.7986530813906,10.348993197674325,0.0,24.651006802325675,0.0,0.0,0.0,0.0,117.83821975521141
CARBON_CAP_060,0.6,TD_WINTER,20,120,7770.0,9450.0,25.0,0.0,0.0,0.0,0.0,0.0,12900.545266593974,0.0,0.0,3059.0805080620025,9177.241524186007,272.75847581399285,27.415998164013722,44.89623714971866,0.0,42.65142529223272,2026.5685213822549,38.47048181304984,13.470481813049837,0.0,13.470481813049837,0.0,0.0,0.0,59.21855603426957
CARBON_CAP_060,0.6,TD_WINTER,21,120,6825.0,9180.0,20.0,0.0,0.0,0.0,0.0,0.0,12665.989898110445,0.0,0.0,3059.0805080620025,9177.241524186007,2.7584758139928454,0.2772649598741612,71.08570882038788,0.0,110.1828486716012,2710.8236812280547,50.536085779668085,30.536085779668078,0.0,44.00600632264237,0.0,7.993605777301127e-15,0.0,0.5988923133281787
CARBON_CAP_060,0.6,TD_WINTER,22,120,6090.0,8775.0,15.0,0.0,0.0,0.0,0.0,0.0,11727.768424176338,0.0,0.0,2925.0,8775.0,0.0,0.0,71.08570882038788,0.0,177.7142720509697,2641.682715355949,49.38373634846632,34.38373634846632,0.0,78.38790908751191,0.0,0.0,0.0,0.0
CARBON_CAP_060,0.6,TD_WINTER,23,120,5670.0,8505.0,15.0,0.0,0.0,0.0,0.0,0.0,10789.546950242231,0.0,0.0,2835.0,8505.0,0.0,0.0,0.0,0.0,177.7142720509697,2284.5469502422316,43.16099870141305,28.16099870141319,0.0,106.54564162604646,0.0,0.0,0.0,0.0
CARBON_CAP_060,0.6,TD_TRANSITION,0,125,5200.0,5580.0,15.0,0.0,2791.325476308124,0.0,0.0,0.0,7060.0,2791.325476308124,0.0,1860.0,5580.0,0.0,0.0,0.0,0.0,177.7142720509697,0.0,0.0,0.0,14.999999999999996,91.54120222431203,3.552713678800501e-15,0.0,0.0,0.0
CARBON_CAP_060,0.6,TD_TRANSITION,1,125,5000.0,5490.0,15.0,0.0,3724.9915817587043,0.0,0.0,0.0,6830.0,3724.9915817587043,0.0,1830.0,5490.0,0.0,0.0,0.0,0.0,177.7142720509697,0.0,0.0,0.0,14.999999999999996,76.53738800755268,3.552713678800501e-15,0.0,0.0,0.0
CARBON_CAP_060,0.6,TD_TRANSITION,2,125,4800.0,5400.0,15.0,0.0,4658.657687209285,0.0,0.0,0.0,6600.0,4658.657687209285,0.0,1800.0,5400.0,0.0,0.0,0.0,0.0,177.7142720509697,0.0,0.0,0.0,14.999999999999996,61.53419894971903,3.552713678800501e-15,0.0,0.0,0.0
CARBON_CAP_060,0.6,TD_TRANSITION,3,125,4700.0,5310.0,15.0,0.0,5257.768424176338,0.0,0.0,0.0,6470.0,5257.768424176338,0.0,1770.0,5310.0,0.0,0.0,0.0,0.0,177.7142720509697,0.0,0.0,0.0,14.999999999999996,46.53163502476279,3.552713678800501e-15,0.0,0.0,0.0
CARBON_CAP_060,0.6,TD_TRANSITION,4,125,4800.0,5220.0,20.0,0.0,5129.080508061998,0.0,0.0,0.0,7067.798653081393,5129.080508061998,0.0,1740.0,5220.0,0.0,0.0,0.0,0.0,177.7142720509697,527.7986530813929,8.796644218023214,0.0,11.203355781976782,35.326340424659975,0.0,-3.552713678800501e-15,0.0,0.0
CARBON_CAP_060,0.6,TD_TRANSITION,5,125,5200.0,5400.0,25.0,0.0,1795.5733255207942,118.26063112080374,0.0,0.0,9932.195098655544,1795.5733255207942,0.0,1800.0,5400.0,0.0,0.0,0.0,0.0,177.7142720509697,3050.4557297763467,55.48722301693807,30.487223016938067,0.0,65.81209151074701,0.0,0.0,0.0,0.0
CARBON_CAP_060,0.6,TD_TRANSITION,6,125,6200.0,5850.0,40.0,0.0,0.0,709.5637867248224,0.0,0.0,10789.546950242231,0.0,0.0,1950.0,5850.0,0.0,0.0,-0.0,0.0,177.7142720509697,3349.1107369670535,61.174203375318065,21.174203375318058,0.0,86.98355271558545,0.0,4.440892098500626e-15,0.0,0.0
CARBON_CAP_060,0.6,TD_TRANSITION,7,125,7000.0,6300.0,50.0,0.0,0.0,1773.909466812056,0.0,0.0,9382.21473934107,0.0,0.0,2100.0,6300.0,0.0,0.0,0.0,0.0,177.7142720509697,2056.1242061531266,39.00785789979296,0.0,10.992142100207047,75.98778630068192,0.0,4.440892098500626e-15,0.0,0.0
CARBON_CAP_060,0.6,TD_TRANSITION,8,125,7600.0,6120.0,55.0,0.0,0.0,3252.167355822103,0.0,0.0,8443.993265406963,0.0,0.0,2040.0,6120.0,0.0,0.0,0.0,0.0,177.7142720509697,2056.1606212290667,39.008519992082775,0.0,15.991480007917225,59.99314013500216,0.0,0.0,0.0,0.0
CARBON_CAP_060,0.6,TD_TRANSITION,9,125,8100.0,5400.0,55.0,0.0,0.0,4434.77366703014,0.0,0.0,7505.771791472856,0.0,0.0,1800.0,5400.0,0.0,0.0,0.0,0.0,177.7142720509697,2040.5454585029966,38.72460794251786,0.0,16.275392057482136,43.715248363347726,0.0,2.6645352591003757e-15,0.0,0.0
CARBON_CAP_060,0.6,TD_TRANSITION,10,125,8300.0,4680.0,45.0,0.0,0.0,5203.467769315364,0.0,0.0,7036.661054505803,0.0,0.0,1560.0,4680.0,0.0,0.0,-0.0,0.0,177.7142720509697,2380.1288238211628,44.89885094830271,0.0,0.10114905169729127,43.61227784296862,0.0,0.0,0.0,0.0
CARBON_CAP_060,0.6,TD_TRANSITION,11,125,8200.0,4320.0,35.0,0.0,0.0,5617.3799782381775,0.0,0.0,6567.55031753875,0.0,0.0,1440.0,4320.0,0.0,0.0,0.0,0.0,177.7142720509697,2544.930295776928,47.7711960221493,12.771196022149297,0.0,56.381656686874464,0.0,2.220446049250313e-15,0.0,0.0
CARBON_CAP_060,0.6,TD_TRANSITION,12,125,8000.0,4140.0,30.0,0.0,0.0,5321.728400436168,0.0,0.0,7036.661054505803,0.0,0.0,1380.0,4140.0,0.0,0.0,0.0,0.0,177.7142720509697,2978.389454941971,54.99551534156669,24.995515341566687,0.0,81.37482279274586,0.0,0.0,0.0,0.0
CARBON_CAP_060,0.6,TD_TRANSITION,13,125,7900.0,4140.0,30.0,0.0,0.0,4612.164613711339,0.0,0.0,7974.882528439911,0.0,0.0,1380.0,4140.0,0.0,0.0,0.0,0.0,177.7142720509697,3307.0471421512493,60.47314346172132,30.47314346172132,0.0,111.8445756368508,0.0,2.6645352591003757e-15,0.0,0.0
CARBON_CAP_060,0.6,TD_TRANSITION,14,125,8000.0,4320.0,35.0,0.0,0.0,3429.558302503308,0.0,0.0,8913.104002374017,0.0,0.0,1440.0,4320.0,0.0,0.0,0.0,0.0,177.7142720509697,2902.662304877325,53.733396173822584,18.733396173822584,0.0,130.57331162002185,0.0,0.0,0.0,0.0
CARBON_CAP_060,0.6,TD_TRANSITION,15,125,8300.0,4680.0,40.0,0.0,0.0,2069.5610446140654,0.0,0.0,9851.325476308124,0.0,0.0,1560.0,4680.0,0.0,0.0,0.0,0.0,177.7142720509697,2060.8865209221894,39.09444544104865,0.0,0.9055545589513656,129.66231650641964,0.0,0.0,0.0,0.0
CARBON_CAP_060,0.6,TD_TRANSITION,16,125,8600.0,5130.0,50.0,0.0,0.0,709.5637867248224,0.0,0.0,10320.436213275178,0.0,0.0,1710.0,5130.0,0.0,0.0,0.0,0.0,177.7142720509697,720.0,14.117647058823529,0.0,35.88235294117648,93.77456096872207,0.0,7.105427357601002e-15,0.0,0.0
CARBON_CAP_060,0.6,TD_TRANSITION,17,125,9000.0,5760.0,60.0,0.0,222.3629498465612,118.26063112080374,0.0,0.0,10801.739368879196,222.3629498465612,0.0,1920.0,5760.0,0.0,0.0,0.0,0.0,177.7142720509697,0.0,0.0,0.0,60.0,33.77065369534837,0.0,0.0,0.0,0.0
CARBON_CAP_060,0.6,TD_TRANSITION,18,125,8800.0,6300.0,50.0,0.0,0.0,0.0,0.0,0.0,11727.768424176338,0.0,0.0,2100.0,6300.0,0.0,0.0,0.0,0.0,177.7142720509697,827.7684241763383,16.23075341522232,0.0,33.769246584777676,5.418114114925553e-14,0.0,-3.242544517720378e-15,0.0,0.0
CARBON_CAP_060,0.6,TD_TRANSITION,19,125,8200.0,6480.0,35.0,0.0,0.0,0.0,0.0,0.0,12196.879161143392,0.0,0.0,2160.0,6480.0,0.0,0.0,0.0,0.0,177.7142720509697,1836.8791611433915,34.99999999999994,0.0,5.417888360170764e-14,0.0,0.0,-2.6645352591003757e-15,0.0,0.0
CARBON_CAP_060,0.6,TD_TRANSITION,20,125,7400.0,6300.0,25.0,0.0,1996.5086580633179,0.0,0.0,0.0,10904.036608530656,1996.5086580633179,0.0,2100.0,6300.0,0.0,0.0,0.0,0.0,177.7142720509697,1404.036608530656,25.0,0.0,0.0,0.0,0.0,0.0,0.0,0.0
CARBON_CAP_060,0.6,TD_TRANSITION,21,125,6500.0,6120.0,20.0,0.0,2627.6149271559116,0.0,0.0,0.0,10038.374970954534,2627.6149271559116,0.0,2040.0,6120.0,0.0,0.0,0.0,0.0,177.7142720509697,1498.3749709545334,28.866962714363993,8.866962714363993,0.0,8.866962714363993,0.0,0.0,0.0,0.0
CARBON_CAP_060,0.6,TD_TRANSITION,22,125,5800.0,5850.0,15.0,0.0,459.1107369670535,0.0,0.0,0.0,11268.657687209285,459.1107369670535,0.0,1950.0,5850.0,0.0,0.0,-0.0,0.0,177.7142720509697,3518.6576872092846,63.99998587935524,48.99998587935525,0.0,57.86657913693948,0.0,-4.440892098500626e-15,0.0,0.0
CARBON_CAP_060,0.6,TD_TRANSITION,23,125,5400.0,5670.0,15.0,0.0,0.0,0.0,0.0,0.0,10789.546950242231,0.0,0.0,1890.0,5670.0,0.0,0.0,0.0,0.0,177.7142720509697,3499.546950242231,63.68147359657102,48.681473596571024,0.0,106.54564162604646,0.0,-7.105427357601002e-15,0.0,0.0
CARBON_CAP_050,0.5,TD_SUMMER,0,120,5979.999999999999,3720.0,15.0,0.0,2632.187500000001,0.0,0.0,0.0,7219.999999999999,2632.187500000001,0.0,1240.0,3720.0,0.0,0.0,0.0,0.0,322.2325490315261,0.0,0.0,0.0,15.0,88.99591480531545,0.0,0.0,0.0,0.0
CARBON_CAP_050,0.5,TD_SUMMER,1,120,5750.0,3660.0,15.0,0.0,1847.112564254332,0.0,0.0,0.0,8708.802614317097,1847.112564254332,0.0,1220.0,3660.0,0.0,0.0,0.0,0.0,322.2325490315261,1738.8026143170976,32.08561079884238,17.08561079884238,0.0,106.07781744104093,0.0,0.0,0.0,0.0
CARBON_CAP_050,0.5,TD_SUMMER,2,120,5520.0,3600.0,15.0,0.0,1020.0,0.0,0.0,0.0,10239.642857142857,1020.0,0.0,1200.0,3600.0,0.0,0.0,0.0,0.0,322.2325490315261,3519.6428571428564,64.0179048892284,49.017904889228404,0.0,155.0913024212093,0.0,0.0,0.0,0.0
CARBON_CAP_050,0.5,TD_SUMMER,3,120,5405.0,3540.0,15.0,0.0,1624.1517857142862,0.0,0.0,0.0,10104.642857142857,1624.1517857142862,0.0,1180.0,3540.0,0.0,0.0,0.0,0.0,322.2325490315261,3519.642857142857,64.01790488922842,49.01790488922842,0.0,204.10274517283682,0.0,-5.329070518200751e-15,0.0,0.0
CARBON_CAP_050,0.5,TD_SUMMER,4,120,5520.0,3480.0,20.0,0.0,1998.3035714285725,0.0,0.0,0.0,10199.642857142857,1998.3035714285725,0.0,1160.0,3480.0,0.0,0.0,0.0,0.0,322.2325490315261,3519.6428571428564,64.0179048892284,44.01790488922842,0.0,248.11214578101635,0.0,-1.4210854715202004e-14,0.0,0.0
CARBON_CAP_050,0.5,TD_SUMMER,5,120,5979.999999999999,3600.0,25.0,0.0,1147.3993827086579,118.2475969943708,0.0,0.0,10581.395260148485,1147.3993827086579,0.0,1200.0,3600.0,0.0,0.0,0.0,0.0,322.2325490315261,3519.642857142857,64.01790488922842,39.01790488922842,0.0,287.11971266417055,0.0,-5.329070518200751e-15,0.0,0.0
CARBON_CAP_050,0.5,TD_SUMMER,6,120,7129.999999999999,3900.0,40.0,0.0,0.0,709.4855819662248,0.0,0.0,10790.491071428572,0.0,0.0,1300.0,3900.0,0.0,0.0,0.0,0.0,322.2325490315261,3069.9766533947973,56.52346816009408,16.52346816009407,0.0,303.6312175029036,0.0,1.4210854715202004e-14,0.0,0.0
CARBON_CAP_050,0.5,TD_SUMMER,7,120,8049.999999999999,4200.0,50.0,0.0,0.0,1773.713954915562,0.0,0.0,9383.035714285716,0.0,0.0,1400.0,4200.0,0.0,0.0,0.0,0.0,322.2325490315261,1706.7496692012776,32.65604822535554,0.0,17.343951774644438,286.27461442752985,0.0,-1.865174681370263e-14,0.0,0.0
CARBON_CAP_050,0.5,TD_SUMMER,8,120,8740.0,4080.0,55.0,0.0,0.0,3251.808917345197,0.0,0.0,8444.732142857143,0.0,0.0,1360.0,4080.0,0.0,0.0,0.0,0.0,322.2325490315261,1596.5410602023403,30.652255334465774,0.0,24.347744665534208,261.91494165306113,0.0,-1.7763568394002505e-14,0.0,0.0
CARBON_CAP_050,0.5,TD_SUMMER,9,120,9315.0,3600.0,55.0,0.0,0.0,4434.284887288904,0.0,0.0,7506.428571428572,0.0,0.0,1200.0,3600.0,0.0,0.0,0.0,0.0,322.2325490315261,1425.713458717476,27.54629894383188,0.0,27.453701056168114,234.45032747432415,0.0,-7.93809462606987e-15,0.0,0.0
CARBON_CAP_050,0.5,TD_SUMMER,10,120,9545.0,3120.0,45.0,0.0,1526.2780338539897,3676.616233898326,1526.2780338539897,0.0,7037.276785714285,0.0,0.0,1040.0,3120.0,0.0,0.0,128.89301961261046,0.0,444.680917663506,0.0,0.0,0.0,44.99999999999999,189.44055871067937,7.105427357601002e-15,0.0,0.0,0.0
CARBON_CAP_050,0.5,TD_SUMMER,11,120,9430.0,2880.0,35.0,0.0,0.0,5616.760857232613,0.0,0.0,6568.125000000001,0.0,0.0,960.0,2880.0,0.0,0.0,0.0,0.0,444.680917663506,1794.8858572326135,34.258524371379835,0.0,0.7414756286201794,188.69118972544624,0.0,0.0,0.0,0.0
CARBON_CAP_050,0.5,TD_SUMMER,12,120,9200.0,2760.0,30.0,0.0,2168.0650506183974,3153.076814128289,2168.0650506183974,0.0,7037.276785714285,0.0,0.0,920.0,2760.0,0.0,0.0,70.35359984257447,0.0,511.51683751395177,0.0,0.0,0.0,29.999999999999996,158.683327592541,3.552713678800501e-15,0.0,0.0,0.0
CARBON_CAP_050,0.5,TD_SUMMER,13,120,9085.0,2760.0,30.0,0.0,0.0,4611.656282780461,0.0,0.0,7975.580357142858,0.0,0.0,920.0,2760.0,0.0,0.0,0.0,0.0,511.51683751395177,2582.2366399233188,48.394467935569445,18.394467935569452,0.0,177.07118372279407,0.0,-7.105427357601002e-15,0.0,0.0
CARBON_CAP_050,0.5,TD_SUMMER,14,120,9200.0,2880.0,35.0,0.0,0.0,3429.180312836753,0.0,0.0,8913.88392857143,0.0,0.0,960.0,2880.0,0.0,0.0,0.0,0.0,511.51683751395177,2183.064241408182,41.31631317457199,6.316313174571974,0.0,183.38011893137758,0.0,1.5987211554602254e-14,0.0,0.0
CARBON_CAP_050,0.5,TD_SUMMER,15,120,9545.0,3120.0,40.0,0.0,0.0,2069.332947401489,0.0,0.0,9852.1875,0.0,0.0,1040.0,3120.0,0.0,0.0,0.0,0.0,511.51683751395177,1336.5204474014893,25.900588739616747,0.0,14.099411260383249,169.27306683270552,0.0,-3.552713678800501e-15,0.0,0.0
CARBON_CAP_050,0.5,TD_SUMMER,16,120,9890.0,3420.0,50.0,0.0,0.0,709.4855819662248,0.0,0.0,10321.339285714286,0.0,0.0,1140.0,3420.0,0.0,0.0,0.8248676805110335,0.0,512.3004618104372,0.0,0.0,0.0,49.99999999999999,119.26601378825417,7.105427357601002e-15,0.0,0.0,0.0
CARBON_CAP_050,0.5,TD_SUMMER,17,120,10350.0,3840.0,60.0,-0.0,0.0,118.2475969943708,0.0,0.0,11025.066964285714,0.0,0.0,1280.0,3840.0,0.0,0.0,0.0,486.68543871991545,0.0,0.0,0.0,0.0,59.99999999999999,59.261044371013,7.105427357601002e-15,0.0,0.0,0.0
CARBON_CAP_050,0.5,TD_SUMMER,18,120,10120.0,4200.0,50.0,0.0,208.79464285714312,0.0,0.0,0.0,11520.0,208.79464285714312,0.0,1400.0,4200.0,0.0,0.0,-0.0,0.0,0.0,0.0,0.0,0.0,49.99999999999999,9.258575160830876,7.105427357601002e-15,0.0,0.0,0.0
CARBON_CAP_050,0.5,TD_SUMMER,19,120,9430.0,4320.0,35.0,0.0,0.0,0.0,0.0,0.0,12197.94642857143,0.0,0.0,1440.0,4320.0,0.0,0.0,0.0,0.0,-0.0,1327.9464285714296,25.74181061313416,0.0,9.25818938686584,0.0,0.0,0.0,0.0,0.0
CARBON_CAP_050,0.5,TD_SUMMER,20,120,8510.0,4200.0,25.0,0.0,1493.5830355821963,0.0,0.0,0.0,11408.091071560662,1493.5830355821963,0.0,1400.0,4200.0,0.0,0.0,128.89301961261046,0.0,122.44836863197993,1369.198051948052,25.0,0.0,0.0,0.0,0.0,0.0,0.0,0.0
CARBON_CAP_050,0.5,TD_SUMMER,21,120,7474.999999999999,4080.0,20.0,0.0,2058.464073686573,0.0,0.0,0.0,10608.634140599142,2058.464073686573,0.0,1360.0,4080.0,0.0,0.0,81.40611765006975,0.0,199.7841803995462,1692.2280229490727,29.286451066606517,9.286451066606517,0.0,9.286451066606517,0.0,0.0,0.0,0.0
CARBON_CAP_050,0.5,TD_SUMMER,22,120,6669.999999999999,3900.0,15.0,0.0,110.25876610167688,0.0,0.0,0.0,11618.535876755466,110.25876610167688,0.0,1300.0,3900.0,0.0,0.0,128.89301961261046,0.0,322.2325490315261,3519.642857142857,64.01790488922842,49.01790488922841,0.0,58.30396902037382,0.0,7.105427357601002e-15,0.0,0.0
CARBON_CAP_050,0.5,TD_SUMMER,23,120,6209.999999999999,3780.0,15.0,0.0,0.0,0.0,0.0,0.0,10790.491071428572,0.0,0.0,1260.0,3780.0,0.0,0.0,0.0,0.0,322.2325490315261,3320.4910714285734,60.698708460657016,45.69870846065703,0.0,104.00024814898833,0.0,-1.2434497875801753e-14,0.0,0.0
CARBON_CAP_050,0.5,TD_WINTER,0,120,5460.0,8370.0,15.0,0.0,0.0,0.0,0.0,0.0,9852.1875,0.0,0.0,2790.0,8370.0,0.0,0.0,0.0,177.22790196733936,135.67686275011627,1779.415401967339,33.97724336655666,18.977243366555925,0.0,122.97315817187138,0.0,7.318590178329032e-13,0.0,0.0
CARBON_CAP_050,0.5,TD_WINTER,1,120,5250.0,8235.0,15.0,0.0,0.0,0.0,0.0,0.0,10555.91517857143,0.0,0.0,2745.0,8235.0,0.0,0.0,0.0,128.89301961261046,0.0,2689.8081981840405,50.1873272399148,35.18732723991481,0.0,158.15536153019568,0.0,-3.9968028886505635e-15,0.0,0.0
CARBON_CAP_050,0.5,TD_WINTER,2,120,5040.0,8100.000000000001,15.0,0.0,0.0,0.0,0.0,0.0,11259.642857142857,0.0,0.0,2700.0000000000005,8100.000000000001,0.0,0.0,0.0,-0.0,0.0,3519.642857142857,64.01790488922842,49.01790488922842,0.0,207.16667661269366,0.0,0.0,0.0,0.0
CARBON_CAP_050,0.5,TD_WINTER,3,120,4935.0,7965.000000000001,15.0,0.0,430.3994037038883,0.0,0.0,0.0,11298.395239153255,430.3994037038883,0.0,2655.0000000000005,7965.000000000001,0.0,0.0,188.75238201039824,0.0,179.3147629098783,3519.642857142857,64.01790488922842,49.01790488922839,0.0,256.1759495570632,0.0,2.3092638912203256e-14,0.0,0.0
CARBON_CAP_050,0.5,TD_WINTER,4,120,5040.0,7830.000000000001,20.0,0.0,706.0710223970473,0.0,0.0,0.0,11491.875406174382,706.0710223970473,0.0,2610.0000000000005,7830.000000000001,0.0,0.0,322.2325490315261,0.0,485.4356844898281,3519.642857142857,64.01790488922842,44.01790488922842,0.0,300.1831804483934,0.0,-5.329070518200751e-15,0.0,0.0
CARBON_CAP_050,0.5,TD_WINTER,5,120,5460.0,8100.000000000001,25.0,0.0,0.0,118.2475969943708,0.0,0.0,11728.794642857143,0.0,0.0,2700.0000000000005,8100.000000000001,0.0,0.0,167.39938270865701,0.0,644.4650980630522,3519.642857142857,64.01790488922842,39.01790488922842,0.0,339.1885777051031,0.0,0.0,0.0,0.0
CARBON_CAP_050,0.5,TD_WINTER,6,120,6510.0,8775.0,40.0,0.0,0.0,709.4855819662248,0.0,0.0,10790.491071428572,0.0,0.0,2925.0,8775.0,0.0,0.0,-0.0,0.0,644.4650980630522,2064.976653394797,39.16926611978316,0.0,0.830733880216826,338.3437109674819,0.0,-1.2434497875801753e-14,0.0,0.0
CARBON_CAP_050,0.5,TD_WINTER,7,120,7350.0,9450.0,50.0,0.0,0.0,1773.713954915562,0.0,0.0,9383.035714285716,0.0,0.0,3060.0,9180.0,270.0,27.138733204139562,0.0,0.0,644.4650980630522,746.7496692012774,14.642150376495634,0.0,35.357849623504364,302.9717636893539,0.0,-1.7763568394002505e-15,0.0,58.61966372094139
CARBON_CAP_050,0.5,TD_WINTER,8,120,7980.0,9180.0,55.0,0.0,0.0,3251.808917345197,0.0,0.0,8444.732142857143,0.0,0.0,3060.0,9180.0,0.0,0.0,0.0,0.0,644.4650980630522,656.5410602023403,12.873354121614515,0.0,42.12664587838549,260.83249398748137,0.0,3.552713678800501e-15,0.0,0.0
CARBON_CAP_050,0.5,TD_WINTER,9,120,8505.0,8100.000000000001,55.0,0.0,0.0,4434.284887288904,0.0,0.0,7506.428571428572,0.0,0.0,2700.0000000000005,8100.000000000001,0.0,0.0,0.0,0.0,644.4650980630522,735.713458717476,14.42575409249953,0.0,40.57424590750048,220.24738005939804,0.0,1.2434497875801753e-14,0.0,0.0
CARBON_CAP_050,0.5,TD_WINTER,10,120,8715.0,7020.000000000001,45.0,0.0,0.0,5202.8942677523155,0.0,0.0,7037.276785714285,0.0,0.0,2340.0000000000005,7020.000000000001,0.0,0.0,0.0,0.0,644.4650980630522,1185.171053466601,23.097822185266963,0.0,21.902177814732795,198.3360252704961,0.0,-2.398081733190338e-13,0.0,0.0
CARBON_CAP_050,0.5,TD_WINTER,11,120,8610.0,6480.0,35.0,0.0,0.0,5616.760857232613,0.0,0.0,6568.125000000001,0.0,0.0,2160.0,6480.0,0.0,0.0,-0.0,0.0,644.4650980630522,1414.885857232613,27.349433462288914,0.0,7.650566537711086,190.67719473173207,0.0,0.0,0.0,0.0
CARBON_CAP_050,0.5,TD_WINTER,12,120,8400.0,6210.0,30.0,0.0,0.0,5321.141864746686,0.0,0.0,7037.276785714285,0.0,0.0,2070.0,6210.0,0.0,0.0,-0.0,0.0,644.4650980630522,1888.4186504609713,35.95912061189543,5.959120611895429,0.0,196.62837046051368,0.0,0.0,0.0,0.0
CARBON_CAP_050,0.5,TD_WINTER,13,120,8295.0,6210.0,30.0,0.0,0.0,4611.656282780461,0.0,0.0,7975.580357142858,0.0,0.0,2070.0,6210.0,0.0,0.0,-0.0,0.0,644.4650980630522,2222.2366399233188,42.02853860211992,12.028538602119937,0.0,208.64871621386442,0.0,-1.4210854715202004e-14,0.0,0.0
CARBON_CAP_050,0.5,TD_WINTER,14,120,8400.0,6480.0,35.0,0.0,0.0,3429.180312836753,0.0,0.0,8913.88392857143,0.0,0.0,2160.0,6480.0,0.0,0.0,-0.0,0.0,644.4650980630522,1783.0642414081822,34.043585901844715,0.0,0.9564140981553066,207.6836084192002,0.0,0.0,0.0,0.0
CARBON_CAP_050,0.5,TD_WINTER,15,120,8715.0,7020.000000000001,40.0,0.0,0.0,2069.332947401489,0.0,0.0,9852.1875,0.0,0.0,2340.0000000000005,7020.000000000001,0.0,0.0,-0.0,0.0,644.4650980630522,866.52044740149,16.990597007872353,0.0,23.00940299212766,184.66555194338838,0.0,1.4210854715202004e-14,0.0,0.0
CARBON_CAP_050,0.5,TD_WINTER,16,120,9030.0,7695.000000000001,50.0,-0.0,0.0,709.4855819662248,0.0,0.0,10321.339285714286,0.0,0.0,2129.71788729312,6389.15366187936,1305.8463381206411,131.25561250318037,0.0,128.89301961261046,508.78823531293597,0.0,0.0,0.0,49.99999999999999,134.65785754539073,7.105427357601002e-15,0.0,0.0,283.5121230068696
CARBON_CAP_050,0.5,TD_WINTER,17,120,9450.0,8640.0,60.0,-0.0,0.0,118.2475969943708,0.0,0.0,11025.066964285714,0.0,0.0,2015.5471103116124,6046.641330934837,2593.3586690651628,260.66840378667376,0.0,322.2325490315261,169.59607843764536,0.0,0.0,0.0,60.0,74.65224680132633,0.0,0.0,0.0,563.0437521792153
CARBON_CAP_050,0.5,TD_WINTER,18,120,9240.0,9450.0,50.0,0.0,0.0,0.0,0.0,0.0,11728.794642857143,0.0,0.0,2649.910917372906,7949.732752118719,1500.267247881281,150.79760213021777,0.0,161.1162745157631,0.0,0.0,0.0,0.0,49.99999999999999,24.649136291042943,7.105427357601002e-15,0.0,0.0,325.7228206012703
CARBON_CAP_050,0.5,TD_WINTER,19,120,8610.0,9720.0,35.0,0.0,0.0,0.0,0.0,0.0,12197.94642857143,0.0,0.0,3060.0,9180.0,540.0,54.277466408279125,-0.0,0.0,0.0,527.9464285714286,10.35189075630252,0.0,24.648109243697483,0.0,0.0,3.552713678800501e-15,0.0,117.23932744188323
CARBON_CAP_050,0.5,TD_WINTER,20,120,7770.0,9450.0,25.0,0.0,0.0,0.0,0.0,0.0,12901.674107142859,0.0,0.0,3060.0,9180.0,270.0,27.138733204139562,81.40611765006975,0.0,77.33581176756626,1990.2679894927885,37.810926776110286,12.81092677611029,0.0,12.81092677611029,0.0,-3.552713678800501e-15,0.0,58.61966372094139
CARBON_CAP_050,0.5,TD_WINTER,21,120,6825.0,9180.0,20.0,0.0,0.0,0.0,0.0,0.0,12667.098214285716,0.0,0.0,3060.0,9180.0,0.0,0.0,128.89301961261046,0.0,199.7841803995462,2653.205194673105,49.57727718139921,29.577277181399218,0.0,42.387670168893834,0.0,-3.9968028886505635e-15,0.0,0.0
CARBON_CAP_050,0.5,TD_WINTER,22,120,6090.0,8775.0,15.0,0.0,0.0,0.0,0.0,0.0,11728.794642857143,0.0,0.0,2925.0,8775.0,0.0,0.0,128.89301961261046,0.0,322.2325490315261,2584.9016232445324,48.43888432425634,33.438884324256335,0.0,75.82478834022646,0.0,3.9968028886505635e-15,0.0,0.0
CARBON_CAP_050,0.5,TD_WINTER,23,120,5670.0,8505.0,15.0,0.0,0.0,0.0,0.0,0.0,10790.491071428572,0.0,0.0,2835.0,8505.0,0.0,0.0,-0.0,0.0,322.2325490315261,2285.491071428572,43.17861917494271,28.178619174942725,0.0,104.00024814898833,0.0,0.0,0.0,0.0
CARBON_CAP_050,0.5,TD_TRANSITION,0,125,5200.0,5580.0,15.0,0.0,2792.1875,0.0,0.0,0.0,7060.0,2792.1875,0.0,1860.0,5580.0,0.0,0.0,0.0,0.0,322.2325490315261,0.0,0.0,0.0,15.0,88.99591480531545,0.0,0.0,0.0,0.0
CARBON_CAP_050,0.5,TD_TRANSITION,1,125,5000.0,5490.0,15.0,0.0,3725.9151785714294,0.0,0.0,0.0,6830.0,3725.9151785714294,0.0,1830.0,5490.0,0.0,0.0,0.0,0.0,322.2325490315261,0.0,0.0,0.0,15.0,73.99220664219855,0.0,0.0,0.0,0.0
CARBON_CAP_050,0.5,TD_TRANSITION,2,125,4800.0,5400.0,15.0,0.0,4659.642857142857,0.0,0.0,0.0,6600.0,4659.642857142857,0.0,1800.0,5400.0,0.0,0.0,0.0,0.0,322.2325490315261,0.0,0.0,0.0,15.0,58.98912363358846,0.0,0.0,0.0,0.0
CARBON_CAP_050,0.5,TD_TRANSITION,3,125,4700.0,5310.0,15.0,0.0,5258.794642857143,0.0,0.0,0.0,6470.0,5258.794642857143,0.0,1770.0,5310.0,0.0,0.0,0.0,0.0,322.2325490315261,0.0,0.0,0.0,15.0,43.98666575343706,0.0,0.0,0.0,0.0
CARBON_CAP_050,0.5,TD_TRANSITION,4,125,4800.0,5220.0,20.0,0.0,5129.999999999997,0.0,0.0,0.0,7067.946428571432,5129.999999999997,0.0,1740.0,5220.0,0.0,0.0,0.0,0.0,322.2325490315261,527.9464285714324,8.799107142857206,0.0,11.200892857142968,32.78394011855436,0.0,1.7408297026122455e-13,0.0,0.0
CARBON_CAP_050,0.5,TD_TRANSITION,5,125,5200.0,5400.0,25.0,0.0,1638.0994766985987,118.2475969943708,0.0,0.0,10090.695166158544,1638.0994766985987,0.0,1800.0,5400.0,0.0,0.0,0.0,0.0,322.2325490315261,3208.942763152916,57.925746183543296,32.925746183543296,0.0,65.70832030459272,0.0,0.0,0.0,0.0
CARBON_CAP_050,0.5,TD_TRANSITION,6,125,6200.0,5850.0,40.0,0.0,0.0,709.4855819662248,0.0,0.0,10790.491071428572,0.0,0.0,1950.0,5850.0,0.0,0.0,0.0,0.0,322.2325490315261,3349.976653394797,61.19013482676074,21.19013482676074,0.0,86.89571728467409,0.0,1.7763568394002505e-15,0.0,0.0
CARBON_CAP_050,0.5,TD_TRANSITION,7,125,7000.0,6300.0,50.0,0.0,0.0,1773.713954915562,0.0,0.0,9383.035714285716,0.0,0.0,2100.0,6300.0,0.0,0.0,0.0,0.0,322.2325490315261,2056.7496692012774,39.0196845889919,0.0,10.980315411008107,75.91178121877913,0.0,8.881784197001252e-15,0.0,0.0
CARBON_CAP_050,0.5,TD_TRANSITION,8,125,7600.0,6120.0,55.0,0.0,0.0,3251.808917345197,0.0,0.0,8444.732142857143,0.0,0.0,2040.0,6120.0,0.0,0.0,0.0,-0.0,322.2325490315261,2056.5410602023403,39.01589169810214,0.0,15.984108301897862,59.92450992599714,0.0,0.0,0.0,0.0
CARBON_CAP_050,0.5,TD_TRANSITION,9,125,8100.0,5400.0,55.0,0.0,0.0,4434.284887288904,0.0,0.0,7506.428571428572,0.0,0.0,1800.0,5400.0,0.0,0.0,0.0,0.0,322.2325490315261,2040.713458717476,38.72811712565006,0.0,16.271882874349934,43.65013019706696,0.0,-4.440892098500626e-15,0.0,0.0
CARBON_CAP_050,0.5,TD_TRANSITION,10,125,8300.0,4680.0,45.0,0.0,0.0,5202.8942677523155,0.0,0.0,7037.276785714285,0.0,0.0,1560.0,4680.0,0.0,0.0,0.0,0.0,322.2325490315261,2380.171053466601,44.900073393815966,0.0,0.09992660618404159,43.54838483545804,0.0,7.105427357601002e-15,0.0,0.0
CARBON_CAP_050,0.5,TD_TRANSITION,11,125,8200.0,4320.0,35.0,0.0,0.0,5616.760857232613,0.0,0.0,6568.125000000001,0.0,0.0,1440.0,4320.0,0.0,0.0,0.0,0.0,322.2325490315261,2544.885857232614,47.771954890724366,12.77195489072436,0.0,56.318525210147584,0.0,4.440892098500626e-15,0.0,0.0
CARBON_CAP_050,0.5,TD_TRANSITION,12,125,8000.0,4140.0,30.0,0.0,0.0,5321.141864746686,0.0,0.0,7037.276785714285,0.0,0.0,1380.0,4140.0,0.0,0.0,0.0,0.0,322.2325490315261,2978.4186504609715,54.99750144453032,24.99750144453032,0.0,81.31368004946081,0.0,0.0,0.0,0.0
CARBON_CAP_050,0.5,TD_TRANSITION,13,125,7900.0,4140.0,30.0,0.0,0.0,4611.656282780461,0.0,0.0,7975.580357142858,0.0,0.0,1380.0,4140.0,0.0,0.0,0.0,0.0,322.2325490315261,3307.2366399233188,60.47780126890277,30.477801268902766,0.0,111.78809324836152,0.0,8.881784197001252e-15,0.0,0.0
CARBON_CAP_050,0.5,TD_TRANSITION,14,125,8000.0,4320.0,35.0,0.0,0.0,3429.180312836753,0.0,0.0,8913.88392857143,0.0,0.0,1440.0,4320.0,0.0,0.0,0.0,-0.0,322.2325490315261,2903.064241408182,53.74159462698383,18.741594626983826,0.0,130.52503003812666,0.0,7.105427357601002e-15,0.0,0.0
CARBON_CAP_050,0.5,TD_TRANSITION,15,125,8300.0,4680.0,40.0,0.0,0.0,2069.332947401489,0.0,0.0,9852.1875,0.0,0.0,1560.0,4680.0,0.0,0.0,0.0,-0.0,322.2325490315261,2061.520447401489,39.106426010813934,0.0,0.8935739891860806,129.62601750602232,0.0,0.0,0.0,0.0
CARBON_CAP_050,0.5,TD_TRANSITION,16,125,8600.0,5130.0,50.0,0.0,0.0,709.4855819662248,0.0,0.0,10321.339285714286,0.0,0.0,1710.0,5130.0,0.0,0.0,0.0,-0.0,322.2325490315261,720.8248676805106,14.133820934911972,0.0,35.86617906508803,93.75443735687153,0.0,5.329070518200751e-15,0.0,0.0
CARBON_CAP_050,0.5,TD_TRANSITION,17,125,9000.0,5760.0,60.0,0.0,223.3145612800854,118.2475969943708,0.0,0.0,10801.752403005628,223.3145612800854,0.0,1920.0,5760.0,0.0,0.0,0.0,0.0,322.2325490315261,0.0,0.0,0.0,59.99999999999999,33.75053092198167,7.105427357601002e-15,0.0,0.0,0.0
CARBON_CAP_050,0.5,TD_TRANSITION,18,125,8800.0,6300.0,50.0,0.0,0.0,0.0,0.0,0.0,11728.794642857143,0.0,0.0,2100.0,6300.0,0.0,0.0,0.0,0.0,322.2325490315261,828.7946428571431,16.25087535014006,0.0,33.74912464985992,0.0,0.0,-1.7763568394002505e-14,0.0,0.0
CARBON_CAP_050,0.5,TD_TRANSITION,19,125,8200.0,6480.0,35.0,0.0,0.0,0.0,0.0,0.0,12197.94642857143,0.0,0.0,2160.0,6480.0,0.0,0.0,0.0,-0.0,322.2325490315261,1837.9464285714284,35.0,0.0,0.0,0.0,0.0,0.0,0.0,0.0
CARBON_CAP_050,0.5,TD_TRANSITION,20,125,7400.0,6300.0,25.0,0.0,1945.2008928571431,0.0,0.0,0.0,10956.473214285716,1945.2008928571431,0.0,2100.0,6300.0,0.0,0.0,0.0,-0.0,322.2325490315261,1456.4732142857142,25.0,0.0,0.0,0.0,0.0,0.0,0.0,0.0
CARBON_CAP_050,0.5,TD_TRANSITION,21,125,6500.0,6120.0,20.0,0.0,2599.883942196064,0.0,0.0,0.0,10067.214272089652,2599.883942196064,0.0,2040.0,6120.0,0.0,0.0,0.0,-0.0,322.2325490315261,1527.2142720896506,26.28620105098066,6.286201050980662,0.0,6.286201050980662,0.0,0.0,0.0,0.0
CARBON_CAP_050,0.5,TD_TRANSITION,22,125,5800.0,5850.0,15.0,0.0,459.15178571428623,0.0,0.0,0.0,11269.642857142857,459.15178571428623,0.0,1950.0,5850.0,0.0,0.0,0.0,-0.0,322.2325490315261,3519.642857142857,64.01790488922842,49.01790488922841,0.0,55.30384401516528,0.0,1.7763568394002505e-15,0.0,0.0
CARBON_CAP_050,0.5,TD_TRANSITION,23,125,5400.0,5670.0,15.0,0.0,0.0,0.0,0.0,0.0,10790.491071428572,0.0,0.0,1890.0,5670.0,0.0,0.0,0.0,-0.0,322.2325490315261,3500.491071428572,63.698708460657,48.698708460657016,0.0,104.00024814898833,0.0,-1.4210854715202004e-14,0.0,0.0
CARBON_CAP_040,0.4,TD_SUMMER,0,120,5979.999999999999,3720.0,15.0,0.0,223.31363063221397,0.0,0.0,0.0,9661.90009443736,223.31363063221397,0.0,1240.0,3720.0,0.0,0.0,-0.0,0.0,499.47379689525116,2441.90009443736,44.303066232701596,29.303066232701596,0.0,133.0784335746736,0.0,0.0,0.0,0.0
CARBON_CAP_040,0.4,TD_SUMMER,1,120,5750.0,3660.0,15.0,0.0,63.913305352174575,0.0,0.0,0.0,10527.387114365229,63.913305352174575,0.0,1220.0,3660.0,0.0,0.0,-0.0,0.0,499.47379689525116,3557.3871143652286,64.70442575712632,49.704425757126316,0.0,182.7773143970676,0.0,0.0,0.0,0.0
CARBON_CAP_040,0.4,TD_SUMMER,2,120,5520.0,3600.0,15.0,0.0,4577.387114365229,0.0,0.0,0.0,6720.0,4577.387114365229,0.0,1200.0,3600.0,0.0,0.0,-0.0,0.0,499.47379689525116,0.0,0.0,0.0,15.0,167.7696986756344,0.0,0.0,0.0,0.0
CARBON_CAP_040,0.4,TD_SUMMER,3,120,5405.0,3540.0,15.0,0.0,1625.7244630985515,0.0,0.0,0.0,10142.387114365229,1625.7244630985515,0.0,1180.0,3540.0,0.0,0.0,0.0,0.0,499.47379689525116,3557.3871143652286,64.70442575712632,49.704425757126316,0.0,217.46713402864924,0.0,0.0,0.0,0.0
CARBON_CAP_040,0.4,TD_SUMMER,4,120,5520.0,3480.0,20.0,0.0,2001.448926197103,0.0,0.0,0.0,10237.387114365229,2001.448926197103,0.0,1160.0,3480.0,0.0,0.0,0.0,0.0,499.47379689525116,3557.3871143652286,64.70442575712632,44.704425757126316,0.0,262.16249865519103,0.0,0.0,0.0,0.0
CARBON_CAP_040,0.4,TD_SUMMER,5,120,5979.999999999999,3600.0,25.0,0.0,1146.7338730175961,116.00940991904542,0.0,0.0,10621.377704446184,1146.7338730175961,0.0,1200.0,3600.0,0.0,0.0,-0.0,0.0,499.47379689525116,3557.3871143652286,64.70442575712632,39.704425757126316,0.0,301.8560009748734,0.0,0.0,0.0,0.0
CARBON_CAP_040,0.4,TD_SUMMER,6,120,7129.999999999999,3900.0,40.0,0.0,0.0,696.0564595142725,0.0,0.0,10826.662651266679,0.0,0.0,1300.0,3900.0,0.0,0.0,-0.0,0.0,499.47379689525116,3092.7191107809513,56.95995903072169,16.95995903072169,0.0,318.8033826722211,0.0,0.0,0.0,0.0
CARBON_CAP_040,0.4,TD_SUMMER,7,120,8049.999999999999,4200.0,50.0,0.0,0.0,1740.1411487856815,0.0,0.0,9414.489261971024,0.0,0.0,1400.0,4200.0,0.0,0.0,-0.0,0.0,499.47379689525116,1704.630410756706,32.63493437986464,0.0,17.365065620135358,301.42503357780777,0.0,-8.881784197001252e-16,0.0,0.0
CARBON_CAP_040,0.4,TD_SUMMER,8,120,8740.0,4080.0,55.0,0.0,1563.299108547671,1626.9596642260785,1563.299108547671,0.0,8473.040335773921,0.0,0.0,1360.0,4080.0,0.0,0.0,-0.0,0.0,499.47379689525116,0.0,4.953674846257783e-16,0.0,55.0,246.41247420140866,0.0,4.953674846257783e-16,0.0,0.0
CARBON_CAP_040,0.4,TD_SUMMER,9,120,9315.0,3600.0,55.0,0.0,0.0,4350.352871964204,0.0,0.0,7531.591409576819,0.0,0.0,1200.0,3600.0,0.0,0.0,-0.0,0.0,499.47379689525116,1366.9442815410232,26.476327800116515,0.0,28.52367219988349,217.8785348151001,0.0,4.440892098500626e-15,0.0,0.0
CARBON_CAP_040,0.4,TD_SUMMER,10,120,9545.0,3120.0,45.0,0.0,0.0,5104.414036437999,0.0,0.0,7060.866946478268,0.0,0.0,1040.0,3120.0,0.0,0.0,-0.0,0.0,499.47379689525116,1580.280982916267,30.374035691856662,0.0,14.625964308143338,203.2434922346728,0.0,-8.881784197001252e-16,0.0,0.0
CARBON_CAP_040,0.4,TD_SUMMER,11,120,9430.0,2880.0,35.0,0.0,0.0,5510.446971154658,0.0,0.0,6590.142483379717,0.0,0.0,960.0,2880.0,0.0,0.0,-0.0,0.0,499.47379689525116,1710.5894545343754,32.74328063036772,0.0,2.256719369632278,200.9783043861974,0.0,0.0,0.0,0.0
CARBON_CAP_040,0.4,TD_SUMMER,12,120,9200.0,2760.0,30.0,0.0,0.0,5220.423446357045,0.0,0.0,7060.866946478268,0.0,0.0,920.0,2760.0,0.0,0.0,-0.0,0.0,499.47379689525116,2161.2903928353126,40.93784314493021,10.937843144930216,0.0,211.90777343511152,0.0,0.0,0.0,0.0
CARBON_CAP_040,0.4,TD_SUMMER,13,120,9085.0,2760.0,30.0,0.0,0.0,4524.366986842771,0.0,0.0,8002.315872675371,0.0,0.0,920.0,2760.0,0.0,0.0,-0.0,0.0,499.47379689525116,2521.6828595181423,47.44268817634154,17.44268817634154,0.0,229.34163212089325,0.0,0.0,0.0,0.0
CARBON_CAP_040,0.4,TD_SUMMER,14,120,9200.0,2880.0,35.0,0.0,0.0,3364.2728876523174,0.0,0.0,8943.764798872473,0.0,0.0,960.0,2880.0,0.0,0.0,-0.0,0.0,499.47379689525116,2148.0376865247904,40.69688484837527,5.696884848375268,0.0,235.02896106793014,0.0,0.0,0.0,0.0
CARBON_CAP_040,0.4,TD_SUMMER,15,120,9545.0,3120.0,40.0,0.0,1330.378398652869,699.7862749304259,1330.378398652869,0.0,9885.213725069574,0.0,0.0,1040.0,3120.0,0.0,0.0,-0.0,0.0,499.47379689525116,0.0,4.953674846257783e-16,0.0,40.0,195.0191681945523,0.0,4.953674846257783e-16,0.0,0.0
CARBON_CAP_040,0.4,TD_SUMMER,16,120,9890.0,3420.0,50.0,0.0,21.994647682400682,696.0564595142725,0.0,0.0,10333.943540485727,21.994647682400682,0.0,1140.0,3420.0,0.0,0.0,0.0,0.0,499.47379689525116,0.0,0.0,0.0,50.0,145.0110423958775,0.0,0.0,0.0,0.0
CARBON_CAP_040,0.4,TD_SUMMER,17,120,10350.0,3840.0,60.0,-0.0,0.0,116.00940991904542,0.0,0.0,11062.024882815953,0.0,0.0,1280.0,3840.0,0.0,0.0,0.0,451.9657072650017,23.72042082682833,0.0,0.0,0.0,60.0,85.00500026911098,0.0,0.0,0.0,0.0
CARBON_CAP_040,0.4,TD_SUMMER,18,120,10120.0,4200.0,50.0,0.0,146.89758753953598,0.0,0.0,0.0,11621.213989924245,146.89758753953598,0.0,1400.0,4200.0,0.0,0.0,101.21398992424415,0.0,119.87371125486027,0.0,0.0,0.0,50.0,35.00145839409976,0.0,0.0,0.0,0.0
CARBON_CAP_040,0.4,TD_SUMMER,19,120,9430.0,4320.0,35.0,0.0,1169.0465218042318,0.0,0.0,0.0,11069.7895187581,1169.0465218042318,0.0,1440.0,4320.0,0.0,0.0,199.78951875810048,0.0,309.67375407505574,0.0,0.0,0.0,35.0,0.0,0.0,0.0,0.0,0.0
CARBON_CAP_040,0.4,TD_SUMMER,20,120,8510.0,4200.0,25.0,0.0,136.52431158014406,0.0,0.0,0.0,12808.398423630015,136.52431158014406,0.0,1400.0,4200.0,0.0,0.0,0.0,0.0,309.67375407505574,2898.3984236300143,52.72281319830424,27.722813198304237,0.0,27.722813198304237,0.0,0.0,0.0,0.0
CARBON_CAP_040,0.4,TD_SUMMER,21,120,7474.999999999999,4080.0,20.0,0.0,117.38387053755469,0.0,0.0,0.0,12592.176633123328,117.38387053755469,0.0,1360.0,4080.0,0.0,0.0,199.78951875810048,0.0,499.47379689525116,3557.3871143652286,64.70442575712632,44.704425757126316,0.0,72.42608383821396,0.0,0.0,0.0,0.0
CARBON_CAP_040,0.4,TD_SUMMER,22,120,6669.999999999999,3900.0,15.0,0.0,3798.111577463781,0.0,0.0,0.0,7969.999999999999,3798.111577463781,0.0,1300.0,3900.0,0.0,0.0,0.0,0.0,499.47379689525116,0.0,0.0,0.0,15.0,57.423066084720695,0.0,0.0,0.0,0.0
CARBON_CAP_040,0.4,TD_SUMMER,23,120,6209.999999999999,3780.0,15.0,0.0,0.0,0.0,0.0,0.0,10826.662651266679,0.0,0.0,1260.0,3780.0,0.0,0.0,-0.0,0.0,499.47379689525116,3356.66265126668,61.35901803881717,46.35901803881717,0.0,103.77969149578433,0.0,-1.7763568394002505e-15,0.0,0.0
CARBON_CAP_040,0.4,TD_WINTER,0,120,5460.0,8370.0,15.0,0.0,0.0,0.0,0.0,0.0,9885.213725069574,0.0,0.0,2790.0,8370.0,0.0,0.0,0.0,274.71058829238814,210.30475658747415,1909.9243133619623,36.3675507908693,21.367550790869075,0.0,125.14291813284107,0.0,2.2737367544323206e-13,0.0,0.0
CARBON_CAP_040,0.4,TD_WINTER,1,120,5250.0,8235.0,15.0,0.0,0.0,0.0,0.0,0.0,10591.300419717403,0.0,0.0,2745.0,8235.0,0.0,0.0,0.0,199.78951875810048,0.0,2796.089938475504,52.01613949229757,37.01613949229757,0.0,162.15384333688297,0.0,3.552713678800501e-15,0.0,0.0
CARBON_CAP_040,0.4,TD_WINTER,2,120,5040.0,8100.000000000001,15.0,0.0,0.0,0.0,0.0,0.0,11297.387114365229,0.0,0.0,2700.0000000000005,8100.000000000001,0.0,0.0,-0.0,0.0,0.0,3557.3871143652286,64.70442575712632,49.704425757126316,0.0,211.85151268387023,0.0,0.0,0.0,0.0
CARBON_CAP_040,0.4,TD_WINTER,3,120,4935.0,7965.000000000001,15.0,0.0,168.758755833549,0.0,0.0,0.0,11599.352821630231,168.758755833549,0.0,2655.0000000000005,7965.000000000001,0.0,0.0,451.9657072650017,0.0,429.3674219017516,3557.3871143652286,64.70442575712632,49.704425757126316,0.0,261.5471112946347,0.0,0.0,0.0,0.0
CARBON_CAP_040,0.4,TD_WINTER,4,120,5040.0,7830.000000000001,20.0,0.0,598.6247235423307,0.0,0.0,0.0,11640.211317020001,598.6247235423307,0.0,2610.0000000000005,7830.000000000001,0.0,0.0,432.8242026547723,0.0,840.5504144237852,3557.3871143652286,64.70442575712632,44.704425757126316,0.0,306.2406392554571,0.0,0.0,0.0,0.0
CARBON_CAP_040,0.4,TD_WINTER,5,120,5460.0,8100.000000000001,25.0,0.0,0.0,116.00940991904542,0.0,0.0,11768.11157746378,0.0,0.0,2700.0000000000005,8100.000000000001,0.0,0.0,166.73387301759692,0.0,998.9475937905023,3557.3871143652286,64.70442575712632,39.704425757126316,0.0,345.9323049859478,0.0,0.0,0.0,0.0
CARBON_CAP_040,0.4,TD_WINTER,6,120,6510.0,8775.0,40.0,0.0,0.0,696.0564595142725,0.0,0.0,10826.662651266679,0.0,0.0,2925.0,8775.0,0.0,0.0,0.0,-0.0,998.9475937905023,2087.7191107809517,39.600183471214564,0.0,0.3998165287854363,345.5180746111212,0.0,0.0,0.0,0.0
CARBON_CAP_040,0.4,TD_WINTER,7,120,7350.0,9450.0,50.0,0.0,0.0,1740.1411487856815,0.0,0.0,9414.489261971024,0.0,0.0,3060.0,9180.0,270.0,27.138733204139562,0.0,-0.0,998.9475937905023,744.6304107567076,14.600596289347209,0.0,35.39940371065279,310.10427431402627,0.0,0.0,0.0,58.61966372094139
CARBON_CAP_040,0.4,TD_WINTER,8,120,7980.0,9180.0,55.0,0.0,0.0,3190.2587727737496,0.0,0.0,8473.040335773921,0.0,0.0,3060.0,9180.0,0.0,0.0,0.0,-0.0,998.9475937905023,623.2991085476726,12.221551147993582,0.0,42.77844885200642,267.3129044505901,0.0,1.7763568394002505e-15,0.0,0.0
CARBON_CAP_040,0.4,TD_WINTER,9,120,8505.0,8100.000000000001,55.0,0.0,0.0,4350.352871964204,0.0,0.0,7531.591409576819,0.0,0.0,2700.0000000000005,8100.000000000001,0.0,0.0,0.0,-0.0,998.9475937905023,676.9442815410224,13.273417285118086,0.0,41.726582714881914,225.57518369802276,0.0,0.0,0.0,0.0
CARBON_CAP_040,0.4,TD_WINTER,10,120,8715.0,7020.000000000001,45.0,0.0,0.0,5104.414036437999,0.0,0.0,7060.866946478268,0.0,0.0,2340.0000000000005,7020.000000000001,0.0,0.0,0.0,0.0,998.9475937905023,1110.2809829162672,21.723303751509924,0.0,23.276696248490076,202.28908848354524,0.0,1.1102230246251565e-16,0.0,0.0
CARBON_CAP_040,0.4,TD_WINTER,11,120,8610.0,6480.0,35.0,0.0,0.0,5510.446971154658,0.0,0.0,6590.142483379717,0.0,0.0,2160.0,6480.0,0.0,0.0,0.0,0.0,998.9475937905023,1330.5894545343756,25.803090262956374,0.0,9.196909737043626,193.08375003448145,0.0,0.0,0.0,0.0
CARBON_CAP_040,0.4,TD_WINTER,12,120,8400.0,6210.0,30.0,0.0,0.0,5220.423446357045,0.0,0.0,7060.866946478268,0.0,0.0,2070.0,6210.0,0.0,0.0,0.0,-0.0,998.9475937905023,1811.2903928353128,34.57420678129385,4.5742067812938565,0.0,197.64991165952387,0.0,0.0,0.0,0.0
CARBON_CAP_040,0.4,TD_WINTER,13,120,8295.0,6210.0,30.0,0.0,0.0,4524.366986842771,0.0,0.0,8002.315872675371,0.0,0.0,2070.0,6210.0,0.0,0.0,0.0,-0.0,998.9475937905023,2161.6828595181423,40.94497890279985,10.944978902799852,0.0,208.5866551493379,0.0,0.0,0.0,0.0
CARBON_CAP_040,0.4,TD_WINTER,14,120,8400.0,6480.0,35.0,0.0,0.0,3364.2728876523174,0.0,0.0,8943.764798872473,0.0,0.0,2160.0,6480.0,0.0,0.0,0.0,-0.0,998.9475937905023,1748.0376865247906,33.424157575647996,0.0,1.5758424243501281,207.00212161435653,0.0,0.0,0.0,0.0
CARBON_CAP_040,0.4,TD_WINTER,15,120,8715.0,7020.000000000001,40.0,0.0,0.0,2030.1646735832949,0.0,0.0,9885.213725069574,0.0,0.0,2340.0000000000005,7020.000000000001,0.0,0.0,-0.0,0.0,998.9475937905023,860.3783986528704,16.870164679468047,0.0,23.129835320531953,183.86366120542402,0.0,0.0,0.0,0.0
CARBON_CAP_040,0.4,TD_WINTER,16,120,9030.0,7695.000000000001,50.0,-0.0,0.0,696.0564595142725,0.0,0.0,10355.938188168127,0.0,0.0,2221.7841664404996,6665.352499321499,1029.6475006785022,103.49381042675178,0.0,199.78951875810048,788.6428372030282,0.0,0.0,0.0,50.0,133.85600021954045,0.0,0.0,0.0,223.54663052178398
CARBON_CAP_040,0.4,TD_WINTER,17,120,9450.0,8640.0,60.0,-0.0,0.0,116.00940991904542,0.0,0.0,11062.024882815953,0.0,0.0,2025.2792808128759,6075.837842438627,2564.1621575613726,257.7337506896628,0.0,297.2449880778751,475.7533760684228,0.0,0.0,0.0,60.0,73.85042288619795,0.0,0.0,0.0,556.7049014896718
CARBON_CAP_040,0.4,TD_WINTER,18,120,9240.0,9450.0,50.0,0.0,0.0,0.0,0.0,0.0,11768.11157746378,0.0,0.0,2980.077284728782,8940.231854186346,509.768145813654,51.238747056317294,0.0,451.9657072650017,0.0,0.0,0.0,0.0,50.0,23.847345785244357,0.0,0.0,0.0,110.67569364164524
CARBON_CAP_040,0.4,TD_WINTER,19,120,8610.0,9720.0,35.0,0.0,0.0,0.0,0.0,0.0,12238.836040562332,0.0,0.0,3060.0,9180.0,540.0,54.277466408279125,0.0,-0.0,0.0,568.8360405623315,11.153647854163363,0.0,23.846352145836637,0.0,0.0,0.0,0.0,117.23932744188323
CARBON_CAP_040,0.4,TD_WINTER,20,120,7770.0,9450.0,25.0,0.0,0.0,0.0,0.0,0.0,12944.922735210159,0.0,0.0,3060.0,9180.0,270.0,27.138733204139562,126.18285395248449,0.0,119.87371125486027,1988.7398812576741,37.80056111624588,12.80056111624588,0.0,12.80056111624588,0.0,0.0,0.0,58.61966372094139
CARBON_CAP_040,0.4,TD_WINTER,21,120,6825.0,9180.0,20.0,0.0,0.0,0.0,0.0,0.0,12709.560503660883,0.0,0.0,3060.0,9180.0,0.0,0.0,199.78951875810048,0.0,309.67375407505574,2624.7709849027833,49.1608235994189,29.160823599418897,0.0,41.96085135895159,0.0,-1.7763568394002505e-15,0.0,0.0
CARBON_CAP_040,0.4,TD_WINTER,22,120,6090.0,8775.0,15.0,0.0,0.0,0.0,0.0,0.0,11768.11157746378,0.0,0.0,2925.0,8775.0,0.0,0.0,199.78951875810048,0.0,499.47379689525116,2553.3220587056803,47.97000816280051,32.97000816280051,0.0,74.92911115294547,0.0,1.3322676295501878e-15,0.0,0.0
CARBON_CAP_040,0.4,TD_WINTER,23,120,5670.0,8505.0,15.0,0.0,0.0,0.0,0.0,0.0,10826.662651266679,0.0,0.0,2835.0,8505.0,0.0,0.0,0.0,0.0,499.47379689525116,2321.662651266679,43.853702389136885,28.853702389136913,0.0,103.77969149578433,0.0,0.0,0.0,0.0
CARBON_CAP_040,0.4,TD_TRANSITION,0,125,5200.0,5580.0,15.0,0.0,0.0,0.0,0.0,0.0,9885.213725069574,0.0,0.0,1860.0,5580.0,0.0,0.0,0.0,0.0,499.47379689525116,2825.2137250695746,51.390976536429385,36.390976536429385,0.0,140.1663438784014,0.0,-1.7763568394002505e-15,0.0,0.0
CARBON_CAP_040,0.4,TD_TRANSITION,1,125,5000.0,5490.0,15.0,0.0,3761.300419717403,0.0,0.0,0.0,6830.0,3761.300419717403,0.0,1830.0,5490.0,0.0,0.0,0.0,0.0,499.47379689525116,0.0,0.0,0.0,15.0,125.16050361407311,0.0,0.0,0.0,0.0
CARBON_CAP_040,0.4,TD_TRANSITION,2,125,4800.0,5400.0,15.0,0.0,4697.387114365229,0.0,0.0,0.0,6600.0,4697.387114365229,0.0,1800.0,5400.0,0.0,0.0,0.0,0.0,499.47379689525116,0.0,0.0,0.0,15.0,110.15528859308921,0.0,0.0,0.0,0.0
CARBON_CAP_040,0.4,TD_TRANSITION,3,125,4700.0,5310.0,15.0,0.0,5298.11157746378,0.0,0.0,0.0,6470.0,5298.11157746378,0.0,1770.0,5310.0,0.0,0.0,0.0,0.0,499.47379689525116,0.0,0.0,0.0,15.0,95.15069878939782,0.0,0.0,0.0,0.0
CARBON_CAP_040,0.4,TD_TRANSITION,4,125,4800.0,5220.0,20.0,0.0,5698.836040562332,0.0,0.0,0.0,6540.0,5698.836040562332,0.0,1740.0,5220.0,0.0,0.0,0.0,0.0,499.47379689525116,0.0,0.0,0.0,20.0,75.14673417694826,0.0,0.0,0.0,0.0
CARBON_CAP_040,0.4,TD_TRANSITION,5,125,5200.0,5400.0,25.0,0.0,1326.7338730175961,116.00940991904542,0.0,0.0,10441.377704446184,1326.7338730175961,0.0,1800.0,5400.0,0.0,0.0,0.0,0.0,499.47379689525116,3557.3871143652286,64.70442575712632,39.704425757126316,0.0,114.84802882015053,0.0,0.0,0.0,0.0
CARBON_CAP_040,0.4,TD_TRANSITION,6,125,6200.0,5850.0,40.0,0.0,0.0,696.0564595142725,0.0,0.0,10826.662651266679,0.0,0.0,1950.0,5850.0,0.0,0.0,0.0,0.0,499.47379689525116,3372.7191107809517,61.62662569738836,21.626625697388363,0.0,136.46986918300465,0.0,1.7763568394002505e-15,0.0,0.0
CARBON_CAP_040,0.4,TD_TRANSITION,7,125,7000.0,6300.0,50.0,0.0,0.0,1740.1411487856815,0.0,0.0,9414.489261971024,0.0,0.0,2100.0,6300.0,0.0,0.0,0.0,0.0,499.47379689525116,2054.630410756706,38.998570743501006,0.0,11.001429256498994,125.46275368195634,0.0,3.552713678800501e-15,0.0,0.0
CARBON_CAP_040,0.4,TD_TRANSITION,8,125,7600.0,6120.0,55.0,0.0,0.0,3190.2587727737496,0.0,0.0,8473.040335773921,0.0,0.0,2040.0,6120.0,0.0,0.0,0.0,0.0,499.47379689525116,2023.2991085476713,38.42891070333674,0.0,16.57108929666326,108.88643677055633,0.0,0.0,0.0,0.0
CARBON_CAP_040,0.4,TD_TRANSITION,9,125,8100.0,5400.0,55.0,0.0,0.0,4350.352871964204,0.0,0.0,7531.591409576819,0.0,0.0,1800.0,5400.0,0.0,0.0,0.0,0.0,499.47379689525116,1981.9442815410232,37.67700475776132,0.0,17.322995242238676,91.55890459345221,0.0,-5.329070518200751e-15,0.0,0.0
CARBON_CAP_040,0.4,TD_TRANSITION,10,125,8300.0,4680.0,45.0,0.0,2305.280982916267,5104.414036437999,0.0,0.0,4755.585963562001,2305.280982916267,0.0,1560.0,4680.0,0.0,0.0,0.0,0.0,499.47379689525116,0.0,0.0,0.0,45.0,46.55508963909415,0.0,0.0,0.0,0.0
CARBON_CAP_040,0.4,TD_TRANSITION,11,125,8200.0,4320.0,35.0,0.0,0.0,5510.446971154658,0.0,0.0,6590.142483379717,0.0,0.0,1440.0,4320.0,0.0,0.0,0.0,0.0,499.47379689525116,2460.5894545343754,46.37964426673136,11.379644266731368,0.0,57.932794110423885,0.0,-7.105427357601002e-15,0.0,0.0
CARBON_CAP_040,0.4,TD_TRANSITION,12,125,8000.0,4140.0,30.0,0.0,0.0,5220.423446357045,0.0,0.0,7060.866946478268,0.0,0.0,1380.0,4140.0,0.0,0.0,0.0,0.0,499.47379689525116,2901.2903928353126,53.769480398294384,23.769480398294384,0.0,81.699860642297,0.0,0.0,0.0,0.0
CARBON_CAP_040,0.4,TD_TRANSITION,13,125,7900.0,4140.0,30.0,0.0,0.0,4524.366986842771,0.0,0.0,8002.315872675371,0.0,0.0,1380.0,4140.0,0.0,0.0,0.0,0.0,499.47379689525116,3246.6828595181423,59.52602150967488,29.526021509674877,0.0,111.22247799111177,0.0,1.7763568394002505e-15,0.0,0.0
CARBON_CAP_040,0.4,TD_TRANSITION,14,125,8000.0,4320.0,35.0,0.0,0.0,3364.2728876523174,0.0,0.0,8943.764798872473,0.0,0.0,1440.0,4320.0,0.0,0.0,0.0,0.0,499.47379689525116,2868.0376865247904,53.21526862645235,18.215268626452357,0.0,129.43311234764784,0.0,-7.105427357601002e-15,0.0,0.0
CARBON_CAP_040,0.4,TD_TRANSITION,15,125,8300.0,4680.0,40.0,0.0,0.0,2030.1646735832949,0.0,0.0,9885.213725069574,0.0,0.0,1560.0,4680.0,0.0,0.0,0.0,-0.0,499.47379689525116,2055.3783986528692,39.012170523431244,0.0,0.9878294765688906,128.43988982473113,0.0,0.0,0.0,0.0
CARBON_CAP_040,0.4,TD_TRANSITION,16,125,8600.0,5130.0,50.0,0.0,0.0,696.0564595142725,0.0,0.0,10355.938188168127,0.0,0.0,1710.0,5130.0,0.0,0.0,0.0,0.0,499.47379689525116,741.9946476824,14.548914660439216,0.0,35.451085339560784,92.9834528230943,0.0,0.0,0.0,0.0
CARBON_CAP_040,0.4,TD_TRANSITION,17,125,9000.0,5760.0,60.0,0.0,258.0342927349975,116.00940991904542,0.0,0.0,10803.990590080955,258.0342927349975,0.0,1920.0,5760.0,0.0,0.0,0.0,0.0,499.47379689525116,0.0,0.0,0.0,60.0,32.979578512559996,0.0,0.0,0.0,0.0
CARBON_CAP_040,0.4,TD_TRANSITION,18,125,8800.0,6300.0,50.0,0.0,0.0,0.0,0.0,0.0,11768.11157746378,0.0,0.0,2100.0,6300.0,0.0,0.0,0.0,0.0,499.47379689525116,868.1115774637801,17.02179563654471,0.0,32.978204363455305,0.0,0.0,1.4210854715202004e-14,0.0,0.0
CARBON_CAP_040,0.4,TD_TRANSITION,19,125,8200.0,6480.0,35.0,0.0,44.127020698180786,0.0,0.0,0.0,12194.70901986415,44.127020698180786,0.0,2160.0,6480.0,0.0,0.0,0.0,0.0,499.47379689525116,1834.7090198641506,35.0,0.0,0.0,0.0,0.0,0.0,0.0,0.0
CARBON_CAP_040,0.4,TD_TRANSITION,20,125,7400.0,6300.0,25.0,0.0,651.6169879387144,0.0,0.0,0.0,12293.305747271444,651.6169879387144,0.0,2100.0,6300.0,0.0,0.0,0.0,0.0,499.47379689525116,2793.3057472714445,49.72243816705212,24.72243816705211,0.0,24.72243816705211,0.0,3.552713678800501e-15,0.0,0.0
CARBON_CAP_040,0.4,TD_TRANSITION,21,125,6500.0,6120.0,20.0,0.0,612.1733892956545,0.0,0.0,0.0,12097.387114365229,612.1733892956545,0.0,2040.0,6120.0,0.0,0.0,0.0,0.0,499.47379689525116,3557.3871143652286,64.70442575712632,44.704425757126316,0.0,69.42583382258813,0.0,0.0,0.0,0.0
CARBON_CAP_040,0.4,TD_TRANSITION,22,125,5800.0,5850.0,15.0,0.0,4018.11157746378,0.0,0.0,0.0,7750.0,4018.11157746378,0.0,1950.0,5850.0,0.0,0.0,0.0,0.0,499.47379689525116,0.0,0.0,0.0,15.0,54.422941079512185,0.0,0.0,0.0,0.0
CARBON_CAP_040,0.4,TD_TRANSITION,23,125,5400.0,5670.0,15.0,0.0,0.0,0.0,0.0,0.0,10826.662651266679,0.0,0.0,1890.0,5670.0,0.0,0.0,0.0,0.0,499.47379689525116,3536.662651266679,64.35901803881715,49.359018038817126,0.0,103.77969149578433,0.0,2.842170943040401e-14,0.0,0.0
