robust_day_id,typical_day_id,uncertainty_case_id,hour,weight_days,electric_load_kw,heat_load_kw,hydrogen_load_kg,grid_buy_kw,pv_used_kw,pv_curtail_kw,wind_used_kw,wind_curtail_kw,heat_pump_power_kw,heat_pump_heat_kw,gas_boiler_heat_kw,gas_consumption_m3,battery_charge_kw,battery_discharge_kw,battery_soc_kwh,electrolyzer_power_kw,h2_production_kg,h2_charge_kg,h2_discharge_kg,h2_storage_kg,h2_external_supply_kg,h2_fuel_cell_kg,fuel_cell_power_kw,carbon_emission_kg
TD_SUMMER__NORMAL,TD_SUMMER,NORMAL,0,120,5979.999999999999,3720.0,15.0,0.0,-0.0,0.0,7219.999999999999,5380.000000000001,1240.0,3720.0,0.0,-0.0,0.0,0.0,122.74722359702467,0.0,-0.0,0.0,15.0,97.17085133297249,0.0,-0.0,-0.0,-0.0
TD_SUMMER__NORMAL,TD_SUMMER,NORMAL,1,120,5750.0,3660.0,15.0,0.0,-0.0,0.0,6970.0,6530.0,1220.0,3660.0,0.0,-0.0,0.0,0.0,122.74722359702467,0.0,-0.0,0.0,15.0,82.17085133297249,0.0,-0.0,-0.0,-0.0
TD_SUMMER__NORMAL,TD_SUMMER,NORMAL,2,120,5520.0,3600.0,15.0,0.0,-0.0,0.0,6720.0,7680.0,1200.0,3600.0,0.0,-0.0,0.0,0.0,122.74722359702467,0.0,-0.0,0.0,15.0,67.17085133297249,0.0,-0.0,-0.0,-0.0
TD_SUMMER__NORMAL,TD_SUMMER,NORMAL,3,120,5405.0,3540.0,15.0,0.0,-0.0,0.0,6585.0,8415.0,1180.0,3540.0,0.0,-0.0,0.0,0.0,122.74722359702467,0.0,-0.0,0.0,15.0,52.17085133297249,0.0,-0.0,-0.0,-0.0
TD_SUMMER__NORMAL,TD_SUMMER,NORMAL,4,120,5520.0,3480.0,20.0,0.0,-0.0,0.0,6680.0,8920.0,1160.0,3480.0,0.0,-0.0,0.0,0.0,122.74722359702467,0.0,-0.0,0.0,20.0,32.17085133297249,0.0,-0.0,-0.0,-0.0
TD_SUMMER__NORMAL,TD_SUMMER,NORMAL,5,120,5979.999999999999,3600.0,25.0,0.0,201.9910145895685,0.0,6978.008985410431,8021.991014589569,1200.0,3600.0,0.0,-0.0,0.0,0.0,122.74722359702467,0.0,-0.0,0.0,25.0,7.1708513329724894,0.0,-0.0,-0.0,-0.0
TD_SUMMER__NORMAL,TD_SUMMER,NORMAL,6,120,7129.999999999999,3900.0,40.0,0.0,0.0,1211.946087537411,12248.292396213657,1551.7076037863426,1300.0,3900.0,0.0,-0.0,0.0,0.0,122.74722359702467,3818.292396213657,73.42869992718572,33.42869992718572,0.0,40.59955126015821,0.0,-0.0,-0.0,-0.0
TD_SUMMER__NORMAL,TD_SUMMER,NORMAL,7,120,8049.999999999999,4200.0,50.0,0.0,3029.865218843527,0.0,10238.42717737013,1761.5728226298706,1400.0,4200.0,0.0,-0.0,0.0,0.0,122.74722359702467,3818.292396213657,73.42869992718572,23.42869992718572,0.0,64.02825118734393,0.0,-0.0,-0.0,-0.0
TD_SUMMER__NORMAL,TD_SUMMER,NORMAL,8,120,8740.0,4080.0,55.0,0.0,3118.2923962136574,2436.460504999476,10800.0,0.0,1360.0,4080.0,0.0,-0.0,0.0,0.0,122.74722359702467,3818.292396213657,73.42869992718572,18.42869992718572,0.0,82.45695111452964,0.0,-0.0,-0.0,-0.0
TD_SUMMER__NORMAL,TD_SUMMER,NORMAL,9,120,9315.0,3600.0,55.0,0.0,7574.663047108817,0.0,2940.3369528911826,6659.663047108817,1200.0,3600.0,0.0,-0.0,0.0,0.0,122.74722359702467,0.0,-0.0,0.0,55.0,27.456951114529645,0.0,-0.0,-0.0,-0.0
TD_SUMMER__NORMAL,TD_SUMMER,NORMAL,10,120,9545.0,3120.0,45.0,0.0,8887.604641941012,0.0,3731.3415038897892,5268.658496110211,1040.0,3120.0,0.0,-0.0,0.0,0.0,122.74722359702467,2033.946145830801,39.11434895828464,0.0,5.885651041715363,21.57130007281428,0.0,-0.0,-0.0,-0.0
TD_SUMMER__NORMAL,TD_SUMMER,NORMAL,11,120,9430.0,2880.0,35.0,0.0,9594.573193004502,0.0,4613.719203209155,3786.2807967908448,960.0,2880.0,0.0,-0.0,0.0,0.0,122.74722359702467,3818.292396213657,73.42869992718572,38.42869992718572,0.0,60.0,0.0,-0.0,-0.0,-0.0
TD_SUMMER__NORMAL,TD_SUMMER,NORMAL,12,120,9200.0,2760.0,30.0,0.0,9089.595656530582,0.0,1030.4043434694177,7969.595656530582,920.0,2760.0,0.0,-0.0,0.0,0.0,122.74722359702467,0.0,-0.0,0.0,30.0,30.0,0.0,-0.0,-0.0,-0.0
TD_SUMMER__NORMAL,TD_SUMMER,NORMAL,13,120,9085.0,2760.0,30.0,0.0,7877.649568993171,0.0,2127.3504310068292,8072.649568993171,920.0,2760.0,0.0,-0.0,0.0,0.0,122.74722359702467,0.0,-0.0,0.0,30.0,0.0,0.0,-0.0,-0.0,-0.0
TD_SUMMER__NORMAL,TD_SUMMER,NORMAL,14,120,9200.0,2880.0,35.0,0.0,580.0,5277.739423097485,11400.0,0.0,960.0,2880.0,0.0,-0.0,0.0,0.0,122.74722359702467,1820.0,35.0,0.0,-0.0,0.0,0.0,-0.0,-0.0,-0.0
TD_SUMMER__NORMAL,TD_SUMMER,NORMAL,15,120,9545.0,3120.0,40.0,0.0,3534.8427553174483,0.0,10868.44964089621,1731.5503591037905,1040.0,3120.0,0.0,-0.0,0.0,0.0,122.74722359702467,3818.292396213657,73.42869992718572,33.42869992718572,0.0,33.42869992718572,0.0,-0.0,-0.0,-0.0
TD_SUMMER__NORMAL,TD_SUMMER,NORMAL,16,120,9890.0,3420.0,50.0,0.0,1211.946087537411,0.0,13200.0,0.0,1140.0,3420.0,0.0,-0.0,0.0,0.0,122.74722359702467,3381.94608753741,65.03742476033482,15.037424760334815,0.0,48.466124687520534,0.0,-0.0,-0.0,-0.0
TD_SUMMER__NORMAL,TD_SUMMER,NORMAL,17,120,10350.0,3840.0,60.0,0.0,0.0,201.9910145895685,12229.761516248933,1870.2384837510672,1280.0,3840.0,0.0,-0.0,0.0,0.0,122.74722359702467,599.7615162489323,11.533875312479466,0.0,48.466124687520534,0.0,0.0,-0.0,-0.0,-0.0
TD_SUMMER__NORMAL,TD_SUMMER,NORMAL,18,120,10120.0,4200.0,50.0,0.0,0.0,-0.0,15000.0,0.0,1400.0,4200.0,0.0,-0.0,0.0,0.0,122.74722359702467,3480.0,66.92307692307692,16.92307692307692,0.0,16.92307692307692,0.0,-0.0,-0.0,-0.0
TD_SUMMER__NORMAL,TD_SUMMER,NORMAL,19,120,9430.0,4320.0,35.0,0.0,-0.0,0.0,11810.0,3790.0,1440.0,4320.0,0.0,-0.0,0.0,0.0,122.74722359702467,940.0000000000001,18.07692307692308,0.0,16.92307692307692,0.0,0.0,-0.0,-0.0,-0.0
TD_SUMMER__NORMAL,TD_SUMMER,NORMAL,20,120,8510.0,4200.0,25.0,0.0,-0.0,0.0,12250.0,4250.0,1400.0,4200.0,0.0,-0.0,0.0,0.0,122.74722359702467,2340.0,45.0,20.0,0.0,20.0,0.0,-0.0,-0.0,-0.0
TD_SUMMER__NORMAL,TD_SUMMER,NORMAL,21,120,7474.999999999999,4080.0,20.0,0.0,-0.0,0.0,8835.0,7365.000000000002,1360.0,4080.0,0.0,-0.0,0.0,0.0,122.74722359702467,0.0,-0.0,0.0,20.0,0.0,0.0,-0.0,-0.0,-0.0
TD_SUMMER__NORMAL,TD_SUMMER,NORMAL,22,120,6669.999999999999,3900.0,15.0,0.0,-0.0,0.0,11544.591873100911,3455.4081268990885,1300.0,3900.0,0.0,-0.0,0.0,0.0,122.74722359702467,3574.591873100912,68.74215140578677,53.74215140578677,0.0,53.74215140578677,0.0,-0.0,-0.0,-0.0
TD_SUMMER__NORMAL,TD_SUMMER,NORMAL,23,120,6209.999999999999,3780.0,15.0,0.0,-0.0,0.0,11288.292396213656,2511.7076037863435,1260.0,3780.0,0.0,-0.0,-0.0,0.0,122.74722359702467,3818.292396213657,73.42869992718572,58.42869992718572,0.0,112.17085133297249,0.0,-0.0,-0.0,-0.0
TD_SUMMER__PV_LOW,TD_SUMMER,PV_LOW,0,120,5979.999999999999,3720.0,15.0,0.0,-0.0,0.0,7103.390137582825,5496.609862417175,1240.0,3720.0,0.0,-0.0,0.0,116.60986241717345,0.0,0.0,-0.0,0.0,15.0,97.17085133297249,0.0,-0.0,-0.0,-0.0
TD_SUMMER__PV_LOW,TD_SUMMER,PV_LOW,1,120,5750.0,3660.0,15.0,0.0,-0.0,0.0,6970.0,6530.0,1220.0,3660.0,0.0,-0.0,0.0,-0.0,0.0,0.0,-0.0,0.0,15.0,82.17085133297249,0.0,-0.0,-0.0,-0.0
TD_SUMMER__PV_LOW,TD_SUMMER,PV_LOW,2,120,5520.0,3600.0,15.0,0.0,-0.0,0.0,6720.0,7680.0,1200.0,3600.0,0.0,-0.0,-0.0,0.0,0.0,0.0,-0.0,0.0,15.0,67.17085133297249,0.0,-0.0,-0.0,-0.0
TD_SUMMER__PV_LOW,TD_SUMMER,PV_LOW,3,120,5405.0,3540.0,15.0,0.0,-0.0,0.0,6585.0,8415.0,1180.0,3540.0,0.0,-0.0,0.0,0.0,-0.0,0.0,-0.0,0.0,15.0,52.17085133297249,0.0,-0.0,-0.0,-0.0
TD_SUMMER__PV_LOW,TD_SUMMER,PV_LOW,4,120,5520.0,3480.0,20.0,0.0,-0.0,0.0,6809.207603786342,8790.79239621366,1160.0,3480.0,0.0,-0.0,129.20760378634174,0.0,122.74722359702464,0.0,-0.0,0.0,20.0,32.17085133297249,0.0,-0.0,0.0,-0.0
TD_SUMMER__PV_LOW,TD_SUMMER,PV_LOW,5,120,5979.999999999999,3600.0,25.0,0.0,0.0,141.39371021269793,7063.390137582825,7936.609862417175,1200.0,3600.0,0.0,-0.0,0.0,116.60986241717342,0.0,0.0,-0.0,0.0,25.0,7.1708513329724894,0.0,-0.0,-0.0,-0.0
TD_SUMMER__PV_LOW,TD_SUMMER,PV_LOW,6,120,7129.999999999999,3900.0,40.0,0.0,0.0,848.3622612761875,10137.11573068543,3662.8842693145707,1300.0,3900.0,0.0,-0.0,0.0,-0.0,0.0,1707.1157306854304,32.82914866702751,0.0,7.1708513329724894,0.0,0.0,-0.0,0.0,-0.0
TD_SUMMER__PV_LOW,TD_SUMMER,PV_LOW,7,120,8049.999999999999,4200.0,50.0,0.0,2120.905653190469,0.0,10352.509554382215,1647.4904456177846,1400.0,4200.0,0.0,-0.0,0.0,-0.0,0.0,3023.4152075726843,58.14260014562855,8.142600145628549,0.0,8.142600145628549,0.0,-0.0,0.0,-0.0
TD_SUMMER__PV_LOW,TD_SUMMER,PV_LOW,8,120,8740.0,4080.0,55.0,0.0,3888.3270308491933,0.0,10029.965365364464,770.0346346355363,1360.0,4080.0,0.0,-0.0,-0.0,0.0,0.0,3818.292396213657,73.42869992718572,18.42869992718572,0.0,26.57130007281428,0.0,-0.0,0.0,-0.0
TD_SUMMER__PV_LOW,TD_SUMMER,PV_LOW,9,120,9315.0,3600.0,55.0,0.0,4733.292396213657,568.9717367625144,9600.0,0.0,1200.0,3600.0,0.0,-0.0,0.0,-0.0,0.0,3818.292396213657,73.42869992718572,18.42869992718572,0.0,45.0,0.0,-0.0,0.0,-0.0
TD_SUMMER__PV_LOW,TD_SUMMER,PV_LOW,10,120,9545.0,3120.0,45.0,0.0,1585.0,4636.323249358709,9000.0,0.0,1040.0,3120.0,0.0,-0.0,0.0,-0.0,0.0,0.0,-0.0,0.0,45.0,0.0,0.0,-0.0,0.0,-0.0
TD_SUMMER__PV_LOW,TD_SUMMER,PV_LOW,11,120,9430.0,2880.0,35.0,0.0,6716.201235103151,0.0,7053.798764896849,1346.2012351031508,960.0,2880.0,0.0,-0.0,0.0,-0.0,0.0,3380.0,65.0,30.0,0.0,30.0,0.0,-0.0,0.0,-0.0
TD_SUMMER__PV_LOW,TD_SUMMER,PV_LOW,12,120,9200.0,2760.0,30.0,0.0,1120.0,5242.716959571407,9000.0,0.0,920.0,2760.0,0.0,-0.0,0.0,-0.0,0.0,0.0,-0.0,0.0,30.0,0.0,0.0,-0.0,0.0,-0.0
TD_SUMMER__PV_LOW,TD_SUMMER,PV_LOW,13,120,9085.0,2760.0,30.0,0.0,5514.354698295218,0.0,6050.645301704782,4149.354698295218,920.0,2760.0,0.0,-0.0,-0.0,0.0,0.0,1560.0,30.0,0.0,-0.0,0.0,0.0,-0.0,0.0,-0.0
TD_SUMMER__PV_LOW,TD_SUMMER,PV_LOW,14,120,9200.0,2880.0,35.0,0.0,4100.4175961682395,0.0,7879.5824038317605,3520.4175961682395,960.0,2880.0,0.0,-0.0,-0.0,0.0,0.0,1820.0,35.0,0.0,-0.0,0.0,0.0,-0.0,0.0,-0.0
TD_SUMMER__PV_LOW,TD_SUMMER,PV_LOW,15,120,9545.0,3120.0,40.0,0.0,1803.2923962136574,671.097532508556,12600.0,0.0,1040.0,3120.0,0.0,-0.0,-0.0,0.0,-0.0,3818.2923962136574,73.42869992718572,33.42869992718572,0.0,33.42869992718572,0.0,-0.0,0.0,-0.0
TD_SUMMER__PV_LOW,TD_SUMMER,PV_LOW,16,120,9890.0,3420.0,50.0,0.0,0.0,848.3622612761875,13200.0,0.0,1140.0,3420.0,0.0,-0.0,0.0,0.0,0.0,2170.0,41.73076923076923,0.0,8.269230769230766,25.159469157954945,0.0,-0.0,0.0,-0.0
TD_SUMMER__PV_LOW,TD_SUMMER,PV_LOW,17,120,10350.0,3840.0,60.0,0.0,0.0,141.39371021269793,13441.707603786343,658.2923962136574,1280.0,3840.0,0.0,-0.0,0.0,-0.0,0.0,1811.7076037863428,34.840530842045055,0.0,25.159469157954945,0.0,0.0,-0.0,0.0,-0.0
TD_SUMMER__PV_LOW,TD_SUMMER,PV_LOW,18,120,10120.0,4200.0,50.0,0.0,-0.0,0.0,15000.0,0.0,1400.0,4200.0,0.0,-0.0,0.0,-0.0,0.0,3480.0,66.92307692307692,16.92307692307692,0.0,16.92307692307692,0.0,-0.0,0.0,-0.0
TD_SUMMER__PV_LOW,TD_SUMMER,PV_LOW,19,120,9430.0,4320.0,35.0,0.0,-0.0,0.0,11810.0,3790.0,1440.0,4320.0,0.0,-0.0,0.0,-0.0,0.0,940.0000000000001,18.07692307692308,0.0,16.92307692307692,0.0,0.0,-0.0,0.0,-0.0
TD_SUMMER__PV_LOW,TD_SUMMER,PV_LOW,20,120,8510.0,4200.0,25.0,0.0,-0.0,0.0,12250.0,4250.0,1400.0,4200.0,0.0,-0.0,-0.0,0.0,0.0,2340.0,45.0,20.0,0.0,20.0,0.0,-0.0,0.0,-0.0
TD_SUMMER__PV_LOW,TD_SUMMER,PV_LOW,21,120,7474.999999999999,4080.0,20.0,0.0,-0.0,0.0,8835.0,7365.000000000002,1360.0,4080.0,0.0,-0.0,-0.0,0.0,0.0,0.0,-0.0,0.0,20.0,0.0,0.0,-0.0,0.0,-0.0
TD_SUMMER__PV_LOW,TD_SUMMER,PV_LOW,22,120,6669.999999999999,3900.0,15.0,0.0,-0.0,0.0,11544.591873100911,3455.4081268990885,1300.0,3900.0,0.0,-0.0,0.0,-0.0,0.0,3574.591873100912,68.74215140578677,53.74215140578677,0.0,53.74215140578677,0.0,-0.0,0.0,-0.0
TD_SUMMER__PV_LOW,TD_SUMMER,PV_LOW,23,120,6209.999999999999,3780.0,15.0,0.0,-0.0,0.0,11417.499999999998,2382.500000000002,1260.0,3780.0,0.0,-0.0,129.20760378634176,0.0,122.74722359702467,3818.292396213657,73.42869992718572,58.42869992718572,0.0,112.17085133297249,0.0,-0.0,0.0,-0.0
TD_SUMMER__WIND_LOW,TD_SUMMER,WIND_LOW,0,120,5979.999999999999,3720.0,15.0,0.0,-0.0,0.0,7219.999999999999,2230.000000000001,1240.0,3720.0,0.0,-0.0,0.0,0.0,122.74722359702467,0.0,-0.0,0.0,15.0,97.17085133297249,0.0,-0.0,-0.0,-0.0
TD_SUMMER__WIND_LOW,TD_SUMMER,WIND_LOW,1,120,5750.0,3660.0,15.0,0.0,-0.0,0.0,6853.390137582826,3271.6098624171736,1220.0,3660.0,0.0,-0.0,0.0,116.60986241717345,0.0,0.0,-0.0,0.0,15.0,82.17085133297249,0.0,-0.0,-0.0,-0.0
TD_SUMMER__WIND_LOW,TD_SUMMER,WIND_LOW,2,120,5520.0,3600.0,15.0,0.0,-0.0,0.0,6720.0,4080.0,1200.0,3600.0,0.0,-0.0,0.0,-0.0,0.0,0.0,-0.0,0.0,15.0,67.17085133297249,0.0,-0.0,0.0,-0.0
TD_SUMMER__WIND_LOW,TD_SUMMER,WIND_LOW,3,120,5405.0,3540.0,15.0,0.0,-0.0,0.0,6598.958716198525,4651.041283801475,1180.0,3540.0,0.0,-0.0,13.958716198524458,0.0,13.260780388598235,0.0,-0.0,0.0,15.0,52.17085133297249,0.0,-0.0,0.0,-0.0
TD_SUMMER__WIND_LOW,TD_SUMMER,WIND_LOW,4,120,5520.0,3480.0,20.0,0.0,-0.0,0.0,10627.5,1072.5,1160.0,3480.0,0.0,-0.0,129.20760378634174,0.0,136.00800398562288,3818.292396213657,73.42869992718572,53.42869992718572,0.0,105.59955126015821,0.0,-0.0,0.0,-0.0
TD_SUMMER__WIND_LOW,TD_SUMMER,WIND_LOW,5,120,5979.999999999999,3600.0,25.0,7050.792396213657,0.0,201.9910145895685,0.0,11250.0,1200.0,3600.0,0.0,-0.0,0.0,129.20760378634174,0.0,0.0,-0.0,0.0,25.0,80.59955126015821,0.0,-0.0,0.0,4568.2083935068285
TD_SUMMER__WIND_LOW,TD_SUMMER,WIND_LOW,6,120,7129.999999999999,3900.0,40.0,0.0,1211.946087537411,0.0,7218.053912462589,3131.9460875374107,1300.0,3900.0,0.0,-0.0,0.0,-0.0,0.0,0.0,-0.0,0.0,40.0,40.59955126015821,0.0,-0.0,0.0,-0.0
TD_SUMMER__WIND_LOW,TD_SUMMER,WIND_LOW,7,120,8049.999999999999,4200.0,50.0,0.0,3029.865218843527,0.0,9000.000000000002,0.0,1400.0,4200.0,0.0,-0.0,0.0,-0.0,0.0,2579.86521884353,49.61279267006788,0.0,0.38720732993211726,40.21234393022609,0.0,-0.0,0.0,-0.0
TD_SUMMER__WIND_LOW,TD_SUMMER,WIND_LOW,8,120,8740.0,4080.0,55.0,0.0,5554.752901213134,0.0,8100.000000000001,0.0,1360.0,4080.0,0.0,-0.0,0.0,-0.0,0.0,3554.752901213134,68.3606327156372,13.360632715637195,0.0,53.572976645863285,0.0,-0.0,0.0,-0.0
TD_SUMMER__WIND_LOW,TD_SUMMER,WIND_LOW,9,120,9315.0,3600.0,55.0,0.0,7574.663047108817,0.0,6758.62934910484,441.37065089516,1200.0,3600.0,0.0,-0.0,0.0,-0.0,0.0,3818.292396213657,73.42869992718572,18.42869992718572,0.0,72.001676573049,0.0,-0.0,0.0,-0.0
TD_SUMMER__WIND_LOW,TD_SUMMER,WIND_LOW,10,120,9545.0,3120.0,45.0,0.0,7653.292396213658,1234.312245727354,6749.999999999999,0.0,1040.0,3120.0,0.0,-0.0,0.0,-0.0,0.0,3818.292396213657,73.42869992718572,28.42869992718572,0.0,100.43037650023471,0.0,-0.0,0.0,-0.0
TD_SUMMER__WIND_LOW,TD_SUMMER,WIND_LOW,11,120,9430.0,2880.0,35.0,0.0,9594.573193004502,0.0,795.4268069954978,5504.573193004503,960.0,2880.0,0.0,-0.0,0.0,-0.0,0.0,0.0,-0.0,0.0,35.0,65.43037650023471,0.0,-0.0,0.0,-0.0
TD_SUMMER__WIND_LOW,TD_SUMMER,WIND_LOW,12,120,9200.0,2760.0,30.0,0.0,9089.595656530582,0.0,2421.201489278829,4328.79851072117,920.0,2760.0,0.0,-0.0,0.0,-0.0,0.0,1390.7971458094112,26.746098957873294,0.0,3.2539010421267065,62.17647545810801,0.0,-0.0,0.0,-0.0
TD_SUMMER__WIND_LOW,TD_SUMMER,WIND_LOW,13,120,9085.0,2760.0,30.0,0.0,7877.649568993171,0.0,5945.642827220487,1704.3571727795133,920.0,2760.0,0.0,-0.0,0.0,-0.0,0.0,3818.292396213657,73.42869992718572,43.42869992718572,0.0,105.60517538529373,0.0,-0.0,0.0,-0.0
TD_SUMMER__WIND_LOW,TD_SUMMER,WIND_LOW,14,120,9200.0,2880.0,35.0,0.0,5428.292396213656,429.4470268838295,8550.000000000002,0.0,960.0,2880.0,0.0,-0.0,0.0,0.0,-0.0,3818.292396213657,73.42869992718572,38.42869992718572,0.0,144.03387531247944,0.0,-0.0,0.0,-0.0
TD_SUMMER__WIND_LOW,TD_SUMMER,WIND_LOW,15,120,9545.0,3120.0,40.0,10868.44964089621,3534.8427553174483,0.0,0.0,9450.0,1040.0,3120.0,0.0,-0.0,0.0,-0.0,0.0,3818.292396213657,73.42869992718572,33.42869992718572,0.0,177.46257523966517,0.0,-0.0,0.0,7041.668522336655
TD_SUMMER__WIND_LOW,TD_SUMMER,WIND_LOW,16,120,9890.0,3420.0,50.0,0.0,1211.946087537411,0.0,9900.0,0.0,1140.0,3420.0,0.0,-0.0,0.0,-0.0,0.0,81.9460875374109,1.5758862987963635,0.0,48.42411370120364,129.03846153846155,0.0,-0.0,0.0,-0.0
TD_SUMMER__WIND_LOW,TD_SUMMER,WIND_LOW,17,120,10350.0,3840.0,60.0,1055.0,0.0,201.9910145895685,10575.0,0.0,1280.0,3840.0,0.0,-0.0,0.0,-0.0,0.0,0.0,-0.0,0.0,60.0,69.03846153846155,0.0,-0.0,0.0,683.5345
TD_SUMMER__WIND_LOW,TD_SUMMER,WIND_LOW,18,120,10120.0,4200.0,50.0,270.0,-0.0,0.0,11250.0,0.0,1400.0,4200.0,0.0,-0.0,0.0,-0.0,0.0,0.0,-0.0,0.0,50.0,19.03846153846154,0.0,-0.0,0.0,174.93300000000002
TD_SUMMER__WIND_LOW,TD_SUMMER,WIND_LOW,19,120,9430.0,4320.0,35.0,0.0,-0.0,0.0,11700.0,0.0,1440.0,4320.0,0.0,-0.0,0.0,-0.0,0.0,830.0,15.961538461538462,0.0,19.03846153846154,0.0,0.0,-0.0,0.0,-0.0
TD_SUMMER__WIND_LOW,TD_SUMMER,WIND_LOW,20,120,8510.0,4200.0,25.0,0.0,-0.0,0.0,12375.000000000002,0.0,1400.0,4200.0,0.0,-0.0,0.0,-0.0,0.0,2465.000000000002,47.40384615384619,22.40384615384619,0.0,22.40384615384619,0.0,-0.0,0.0,-0.0
TD_SUMMER__WIND_LOW,TD_SUMMER,WIND_LOW,21,120,7474.999999999999,4080.0,20.0,0.0,-0.0,0.0,12150.0,0.0,1360.0,4080.0,0.0,-0.0,0.0,-0.0,0.0,3315.000000000001,63.75000000000002,43.75000000000002,0.0,66.15384615384622,0.0,-0.0,0.0,-0.0
TD_SUMMER__WIND_LOW,TD_SUMMER,WIND_LOW,22,120,6669.999999999999,3900.0,15.0,0.0,-0.0,0.0,11250.0,0.0,1300.0,3900.0,0.0,-0.0,0.0,-0.0,0.0,3280.000000000001,63.076923076923094,48.076923076923094,0.0,114.23076923076931,0.0,-0.0,0.0,-0.0
TD_SUMMER__WIND_LOW,TD_SUMMER,WIND_LOW,23,120,6209.999999999999,3780.0,15.0,0.0,-0.0,0.0,8272.091873100906,2077.908126899094,1260.0,3780.0,0.0,-0.0,129.20760378634176,0.0,122.74722359702467,672.8842693145652,12.940082102203178,0.0,2.059917897796822,112.17085133297249,0.0,-0.0,0.0,-0.0
TD_SUMMER__LOAD_HIGH,TD_SUMMER,LOAD_HIGH,0,120,6577.999999999999,4092.0000000000005,15.0,0.0,-0.0,0.0,7825.390137582825,4774.609862417175,1364.0000000000002,4092.0000000000005,0.0,-0.0,0.0,116.60986241717345,0.0,0.0,-0.0,0.0,15.0,97.17085133297249,0.0,-0.0,-0.0,-0.0
TD_SUMMER__LOAD_HIGH,TD_SUMMER,LOAD_HIGH,1,120,6325.000000000001,4026.0000000000005,15.0,0.0,-0.0,0.0,7667.000000000001,5832.999999999999,1342.0000000000002,4026.0000000000005,0.0,-0.0,0.0,-0.0,0.0,0.0,-0.0,0.0,15.0,82.17085133297249,0.0,-0.0,-0.0,-0.0
TD_SUMMER__LOAD_HIGH,TD_SUMMER,LOAD_HIGH,2,120,6072.000000000001,3960.0000000000005,15.0,0.0,-0.0,0.0,7392.000000000001,7007.999999999999,1320.0000000000002,3960.0000000000005,0.0,-0.0,-0.0,0.0,0.0,0.0,-0.0,0.0,15.0,67.17085133297249,0.0,-0.0,0.0,-0.0
TD_SUMMER__LOAD_HIGH,TD_SUMMER,LOAD_HIGH,3,120,5945.500000000001,3894.0000000000005,15.0,0.0,-0.0,0.0,7717.446145830802,7282.553854169198,1298.0000000000002,3894.0000000000005,0.0,-0.0,-0.0,0.0,0.0,473.94614583080113,9.114348958284637,0.0,5.885651041715363,61.28520029125713,0.0,-0.0,0.0,-0.0
TD_SUMMER__LOAD_HIGH,TD_SUMMER,LOAD_HIGH,4,120,6072.000000000001,3828.0000000000005,20.0,0.0,-0.0,0.0,11295.500000000002,4304.499999999998,1276.0000000000002,3828.0000000000005,0.0,-0.0,129.20760378634174,0.0,122.74722359702464,3818.292396213657,73.42869992718572,53.42869992718572,0.0,114.71390021844284,0.0,-0.0,0.0,-0.0
TD_SUMMER__LOAD_HIGH,TD_SUMMER,LOAD_HIGH,5,120,6577.999999999999,3960.0000000000005,25.0,0.0,0.0,201.9910145895685,7781.390137582825,7218.609862417175,1320.0000000000002,3960.0000000000005,0.0,-0.0,0.0,116.60986241717342,0.0,0.0,-0.0,0.0,25.0,89.71390021844284,0.0,-0.0,0.0,-0.0
TD_SUMMER__LOAD_HIGH,TD_SUMMER,LOAD_HIGH,6,120,7843.0,4290.0,40.0,0.0,0.0,1211.946087537411,13091.292396213657,708.7076037863426,1430.0,4290.0,0.0,-0.0,0.0,-0.0,0.0,3818.292396213657,73.42869992718572,33.42869992718572,0.0,123.14260014562856,0.0,-0.0,0.0,-0.0
TD_SUMMER__LOAD_HIGH,TD_SUMMER,LOAD_HIGH,7,120,8855.0,4620.0,50.0,0.0,3029.865218843527,0.0,11183.42717737013,816.5728226298706,1540.0,4620.0,0.0,-0.0,0.0,-0.0,0.0,3818.292396213657,73.42869992718572,23.42869992718572,0.0,146.57130007281427,0.0,-0.0,0.0,-0.0
TD_SUMMER__LOAD_HIGH,TD_SUMMER,LOAD_HIGH,8,120,9614.0,4488.0,55.0,0.0,4128.292396213657,1426.4605049994761,10800.0,0.0,1496.0,4488.0,0.0,-0.0,0.0,0.0,-0.0,3818.292396213657,73.42869992718572,18.42869992718572,0.0,165.0,0.0,-0.0,0.0,-0.0
TD_SUMMER__LOAD_HIGH,TD_SUMMER,LOAD_HIGH,9,120,10246.5,3960.0000000000005,55.0,0.0,7574.663047108817,0.0,3991.8369528911826,5608.163047108817,1320.0000000000002,3960.0000000000005,0.0,-0.0,0.0,-0.0,0.0,0.0,-0.0,0.0,55.0,110.0,0.0,-0.0,0.0,-0.0
TD_SUMMER__LOAD_HIGH,TD_SUMMER,LOAD_HIGH,10,120,10499.5,3432.0000000000005,45.0,0.0,8887.604641941012,0.0,2755.8953580589878,6244.104641941012,1144.0000000000002,3432.0000000000005,0.0,-0.0,0.0,-0.0,0.0,0.0,-0.0,0.0,45.0,65.0,0.0,-0.0,0.0,-0.0
TD_SUMMER__LOAD_HIGH,TD_SUMMER,LOAD_HIGH,11,120,10373.0,3168.0000000000005,35.0,1834.4268069954978,9594.573193004502,0.0,0.0,8400.0,1056.0000000000002,3168.0000000000005,0.0,-0.0,0.0,-0.0,0.0,0.0,-0.0,0.0,35.0,30.0,0.0,-0.0,0.0,1188.5251282523832
TD_SUMMER__LOAD_HIGH,TD_SUMMER,LOAD_HIGH,12,120,10120.0,3036.0000000000005,30.0,2042.4043434694177,9089.595656530582,0.0,0.0,9000.0,1012.0000000000001,3036.0000000000005,0.0,-0.0,0.0,-0.0,0.0,0.0,-0.0,0.0,30.0,0.0,0.0,-0.0,0.0,1323.2737741338358
TD_SUMMER__LOAD_HIGH,TD_SUMMER,LOAD_HIGH,13,120,9993.5,3036.0000000000005,30.0,0.0,7877.649568993171,0.0,4687.850431006829,5512.149568993171,1012.0000000000001,3036.0000000000005,0.0,-0.0,0.0,-0.0,0.0,1560.0,30.0,0.0,-0.0,0.0,0.0,-0.0,0.0,-0.0
TD_SUMMER__LOAD_HIGH,TD_SUMMER,LOAD_HIGH,14,120,10120.0,3168.0000000000005,35.0,0.0,2147.151653831759,3710.587769265726,11400.0,0.0,1056.0000000000002,3168.0000000000005,0.0,-0.0,0.0,-0.0,0.0,2371.1516538317587,45.599070265995366,10.599070265995366,0.0,10.599070265995366,0.0,-0.0,0.0,-0.0
TD_SUMMER__LOAD_HIGH,TD_SUMMER,LOAD_HIGH,15,120,10499.5,3432.0000000000005,40.0,0.0,3534.8427553174483,0.0,12056.157244682552,543.8427553174479,1144.0000000000002,3432.0000000000005,0.0,-0.0,129.20760378634174,0.0,122.74722359702464,3818.292396213657,73.42869992718572,33.42869992718572,0.0,44.02777019318109,0.0,-0.0,0.0,-0.0
TD_SUMMER__LOAD_HIGH,TD_SUMMER,LOAD_HIGH,16,120,10879.0,3762.0000000000005,50.0,0.0,1211.946087537411,0.0,13200.0,0.0,1254.0000000000002,3762.0000000000005,0.0,-0.0,0.0,116.60986241717342,0.0,2395.5559499545843,46.06838365297278,0.0,3.931616347027223,40.096153846153875,0.0,-0.0,0.0,-0.0
TD_SUMMER__LOAD_HIGH,TD_SUMMER,LOAD_HIGH,17,120,11385.000000000002,4224.0,60.0,0.0,0.0,201.9910145895685,14100.0,0.0,1408.0,4224.0,0.0,-0.0,0.0,-0.0,0.0,1306.9999999999982,25.13461538461535,0.0,34.86538461538465,5.230769230769226,0.0,-0.0,0.0,-0.0
TD_SUMMER__LOAD_HIGH,TD_SUMMER,LOAD_HIGH,18,120,11132.0,4620.0,50.0,0.0,-0.0,0.0,15000.0,0.0,1540.0,4620.0,0.0,-0.0,0.0,-0.0,0.0,2328.0,44.769230769230774,0.0,5.230769230769226,0.0,0.0,-0.0,0.0,-0.0
TD_SUMMER__LOAD_HIGH,TD_SUMMER,LOAD_HIGH,19,120,10373.0,4752.0,35.0,0.0,-0.0,0.0,15600.0,0.0,1584.0,4752.0,0.0,-0.0,0.0,-0.0,0.0,3643.0,70.0576923076923,35.05769230769231,0.0,35.05769230769231,0.0,-0.0,0.0,-0.0
TD_SUMMER__LOAD_HIGH,TD_SUMMER,LOAD_HIGH,20,120,9361.0,4620.0,25.0,0.0,-0.0,0.0,14719.292396213657,1780.7076037863426,1540.0,4620.0,0.0,-0.0,0.0,-0.0,0.0,3818.292396213657,73.42869992718572,48.42869992718572,0.0,83.48639223487802,0.0,-0.0,0.0,-0.0
TD_SUMMER__LOAD_HIGH,TD_SUMMER,LOAD_HIGH,21,120,8222.5,4488.0,20.0,0.0,-0.0,0.0,9991.799476887256,6208.200523112746,1496.0,4488.0,0.0,-0.0,0.0,-0.0,0.0,273.29947688725554,5.25575917090876,0.0,14.74424082909124,68.74215140578677,0.0,-0.0,0.0,-0.0
TD_SUMMER__LOAD_HIGH,TD_SUMMER,LOAD_HIGH,22,120,7337.0,4290.0,15.0,0.0,-0.0,0.0,8767.0,6233.0,1430.0,4290.0,0.0,-0.0,0.0,-0.0,0.0,0.0,-0.0,0.0,15.0,53.74215140578677,0.0,-0.0,0.0,-0.0
TD_SUMMER__LOAD_HIGH,TD_SUMMER,LOAD_HIGH,23,120,6831.0,4158.0,15.0,0.0,-0.0,0.0,12164.5,1635.5,1386.0,4158.0,0.0,-0.0,129.20760378634176,0.0,122.74722359702467,3818.292396213657,73.42869992718572,58.42869992718572,0.0,112.17085133297249,0.0,-0.0,0.0,-0.0
TD_SUMMER__H2_HIGH,TD_SUMMER,H2_HIGH,0,120,5979.999999999999,3720.0,19.5,0.0,-0.0,0.0,7103.390137582825,5496.609862417175,1240.0,3720.0,0.0,-0.0,0.0,116.60986241717345,0.0,0.0,-0.0,0.0,19.5,92.67085133297249,0.0,-0.0,0.0,-0.0
TD_SUMMER__H2_HIGH,TD_SUMMER,H2_HIGH,1,120,5750.0,3660.0,19.5,0.0,-0.0,0.0,10788.292396213657,2711.7076037863426,1220.0,3660.0,0.0,-0.0,0.0,-0.0,-0.0,3818.292396213657,73.42869992718572,53.92869992718572,0.0,146.5995512601582,0.0,-0.0,0.0,-0.0
TD_SUMMER__H2_HIGH,TD_SUMMER,H2_HIGH,2,120,5520.0,3600.0,19.5,0.0,-0.0,0.0,6720.0,7680.0,1200.0,3600.0,0.0,-0.0,0.0,0.0,0.0,0.0,-0.0,0.0,19.5,127.09955126015821,0.0,-0.0,0.0,-0.0
TD_SUMMER__H2_HIGH,TD_SUMMER,H2_HIGH,3,120,5405.0,3540.0,19.5,0.0,-0.0,0.0,10403.292396213657,4596.707603786343,1180.0,3540.0,0.0,-0.0,-0.0,0.0,0.0,3818.292396213657,73.42869992718572,53.92869992718572,0.0,181.02825118734393,0.0,-0.0,0.0,-0.0
TD_SUMMER__H2_HIGH,TD_SUMMER,H2_HIGH,4,120,5520.0,3480.0,26.0,0.0,-0.0,0.0,10627.5,4972.5,1160.0,3480.0,0.0,-0.0,129.20760378634174,0.0,122.74722359702464,3818.292396213657,73.42869992718572,47.42869992718572,0.0,228.45695111452966,0.0,-0.0,0.0,-0.0
TD_SUMMER__H2_HIGH,TD_SUMMER,H2_HIGH,5,120,5979.999999999999,3600.0,32.5,0.0,0.0,201.9910145895685,7063.390137582825,7936.609862417175,1200.0,3600.0,0.0,-0.0,0.0,116.60986241717342,0.0,0.0,-0.0,0.0,32.5,195.95695111452966,0.0,-0.0,0.0,-0.0
TD_SUMMER__H2_HIGH,TD_SUMMER,H2_HIGH,6,120,7129.999999999999,3900.0,52.0,0.0,1211.946087537411,0.0,7871.373982064599,5928.626017935401,1300.0,3900.0,0.0,-0.0,-0.0,0.0,0.0,653.3200696020097,12.56384749234634,0.0,39.43615250765366,156.52079860687599,0.0,-0.0,0.0,-0.0
TD_SUMMER__H2_HIGH,TD_SUMMER,H2_HIGH,7,120,8049.999999999999,4200.0,65.0,0.0,1397.4999999999982,1632.365218843529,12000.0,0.0,1400.0,4200.0,0.0,-0.0,129.20760378634174,0.0,122.74722359702464,3818.292396213657,73.42869992718572,8.428699927185718,0.0,164.94949853406172,0.0,-0.0,0.0,-0.0
TD_SUMMER__H2_HIGH,TD_SUMMER,H2_HIGH,8,120,8740.0,4080.0,71.5,0.0,0.0,5554.752901213134,10800.0,0.0,1360.0,4080.0,0.0,-0.0,13.958716198524458,0.0,136.00800398562288,686.0412838014755,13.193101611566837,0.0,58.30689838843316,106.64260014562856,0.0,-0.0,0.0,-0.0
TD_SUMMER__H2_HIGH,TD_SUMMER,H2_HIGH,9,120,9315.0,3600.0,71.5,0.0,7574.663047108817,0.0,2811.12934910484,6788.87065089516,1200.0,3600.0,0.0,-0.0,0.0,129.20760378634174,0.0,0.0,-0.0,0.0,71.5,35.14260014562856,0.0,-0.0,0.0,-0.0
TD_SUMMER__H2_HIGH,TD_SUMMER,H2_HIGH,10,120,9545.0,3120.0,58.5,0.0,8887.604641941012,0.0,5515.687754272645,3484.312245727355,1040.0,3120.0,0.0,-0.0,0.0,-0.0,0.0,3818.292396213657,73.42869992718572,14.928699927185718,0.0,50.07130007281428,0.0,-0.0,0.0,-0.0
TD_SUMMER__H2_HIGH,TD_SUMMER,H2_HIGH,11,120,9430.0,2880.0,45.5,795.4268069954978,9594.573193004502,0.0,0.0,8400.0,960.0,2880.0,0.0,-0.0,0.0,-0.0,0.0,0.0,-0.0,0.0,45.5,4.571300072814282,0.0,-0.0,0.0,515.3570282523831
TD_SUMMER__H2_HIGH,TD_SUMMER,H2_HIGH,12,120,9200.0,2760.0,39.0,0.0,9089.595656530582,0.0,4848.696739683075,4151.303260316925,920.0,2760.0,0.0,-0.0,-0.0,0.0,0.0,3818.292396213657,73.42869992718572,34.42869992718572,0.0,39.0,0.0,-0.0,0.0,-0.0
TD_SUMMER__H2_HIGH,TD_SUMMER,H2_HIGH,13,120,9085.0,2760.0,39.0,0.0,7877.649568993171,0.0,2127.3504310068292,8072.649568993171,920.0,2760.0,0.0,-0.0,0.0,-0.0,0.0,0.0,-0.0,0.0,39.0,0.0,0.0,-0.0,0.0,-0.0
TD_SUMMER__H2_HIGH,TD_SUMMER,H2_HIGH,14,120,9200.0,2880.0,45.5,0.0,2578.2923962136574,3279.4470268838277,11400.0,0.0,960.0,2880.0,0.0,-0.0,0.0,-0.0,0.0,3818.292396213657,73.42869992718572,27.92869992718572,0.0,27.92869992718572,0.0,-0.0,0.0,-0.0
TD_SUMMER__H2_HIGH,TD_SUMMER,H2_HIGH,15,120,9545.0,3120.0,52.0,0.0,3534.8427553174483,0.0,10997.657244682552,1602.3427553174479,1040.0,3120.0,0.0,-0.0,129.20760378634174,0.0,122.74722359702464,3818.292396213657,73.42869992718572,21.42869992718572,0.0,49.35739985437144,0.0,-0.0,0.0,-0.0
TD_SUMMER__H2_HIGH,TD_SUMMER,H2_HIGH,16,120,9890.0,3420.0,65.0,0.0,1211.946087537411,0.0,13200.0,0.0,1140.0,3420.0,0.0,-0.0,0.0,116.60986241717342,0.0,3498.5559499545843,67.27992211451124,2.279922114511237,0.0,51.63732196888269,0.0,-0.0,0.0,-0.0
TD_SUMMER__H2_HIGH,TD_SUMMER,H2_HIGH,17,120,10350.0,3840.0,78.0,0.0,0.0,201.9910145895685,13000.8592576181,1099.1407423819,1280.0,3840.0,0.0,-0.0,-0.0,0.0,0.0,1370.8592576181002,26.362678031117312,0.0,51.63732196888269,0.0,0.0,-0.0,0.0,-0.0
TD_SUMMER__H2_HIGH,TD_SUMMER,H2_HIGH,18,120,10120.0,4200.0,65.0,0.0,-0.0,0.0,14900.0,100.0,1400.0,4200.0,0.0,-0.0,-0.0,0.0,0.0,3380.0,65.0,0.0,-0.0,0.0,0.0,-0.0,0.0,-0.0
TD_SUMMER__H2_HIGH,TD_SUMMER,H2_HIGH,19,120,9430.0,4320.0,45.5,0.0,-0.0,0.0,13236.0,2364.0,1440.0,4320.0,0.0,-0.0,-0.0,0.0,0.0,2366.0,45.5,0.0,-0.0,0.0,0.0,-0.0,0.0,-0.0
TD_SUMMER__H2_HIGH,TD_SUMMER,H2_HIGH,20,120,8510.0,4200.0,32.5,0.0,-0.0,0.0,11600.0,4900.0,1400.0,4200.0,0.0,-0.0,0.0,-0.0,0.0,1690.0,32.5,0.0,-0.0,0.0,0.0,-0.0,0.0,-0.0
TD_SUMMER__H2_HIGH,TD_SUMMER,H2_HIGH,21,120,7474.999999999999,4080.0,26.0,0.0,-0.0,0.0,10411.299476887254,5788.700523112748,1360.0,4080.0,0.0,-0.0,-0.0,0.0,0.0,1576.2994768872547,30.313451478601053,4.313451478601053,0.0,4.313451478601053,0.0,-0.0,0.0,-0.0
TD_SUMMER__H2_HIGH,TD_SUMMER,H2_HIGH,22,120,6669.999999999999,3900.0,19.5,0.0,-0.0,0.0,11788.292396213656,3211.7076037863444,1300.0,3900.0,0.0,-0.0,-0.0,0.0,0.0,3818.292396213657,73.42869992718572,53.92869992718572,0.0,58.24215140578677,0.0,-0.0,0.0,-0.0
TD_SUMMER__H2_HIGH,TD_SUMMER,H2_HIGH,23,120,6209.999999999999,3780.0,19.5,0.0,-0.0,0.0,11417.499999999998,2382.500000000002,1260.0,3780.0,0.0,-0.0,129.20760378634176,0.0,122.74722359702467,3818.292396213657,73.42869992718572,53.92869992718572,0.0,112.17085133297249,0.0,-0.0,0.0,-0.0
TD_SUMMER__EXTREME,TD_SUMMER,EXTREME,0,120,6577.999999999999,4278.0,19.5,438.89013758282704,-0.0,0.0,9450.0,0.0,1426.0,4278.0,0.0,-0.0,0.0,116.60986241717345,0.0,2001.5000000000014,38.49038461538464,18.99038461538464,0.0,131.16123594835713,0.0,-0.0,0.0,284.35692013991365
TD_SUMMER__EXTREME,TD_SUMMER,EXTREME,1,120,6325.000000000001,4209.0,19.5,1421.2923962136579,-0.0,0.0,10125.0,0.0,1403.0,4209.0,0.0,-0.0,0.0,-0.0,0.0,3818.292396213657,73.42869992718572,53.92869992718572,0.0,185.08993587554284,0.0,-0.0,0.0,920.855343506829
TD_SUMMER__EXTREME,TD_SUMMER,EXTREME,2,120,6072.000000000001,4140.0,19.5,470.29239621365787,-0.0,0.0,10800.0,0.0,1380.0,4140.0,0.0,-0.0,0.0,-0.0,0.0,3818.292396213657,73.42869992718572,53.92869992718572,0.0,239.01863580272857,0.0,-0.0,0.0,304.70244350682896
TD_SUMMER__EXTREME,TD_SUMMER,EXTREME,3,120,5945.500000000001,4070.9999999999995,19.5,0.0,-0.0,0.0,11250.0,0.0,1356.9999999999998,4070.9999999999995,0.0,-0.0,129.20760378634168,0.0,122.74722359702459,3818.292396213657,73.42869992718572,53.92869992718572,0.0,292.9473357299143,0.0,-0.0,0.0,-0.0
TD_SUMMER__EXTREME,TD_SUMMER,EXTREME,4,120,6072.000000000001,4001.9999999999995,26.0,0.0,-0.0,0.0,11353.5,346.5,1333.9999999999998,4001.9999999999995,0.0,-0.0,129.20760378634174,0.0,245.49444719404934,3818.292396213657,73.42869992718572,47.42869992718572,0.0,340.37603565710003,0.0,-0.0,0.0,-0.0
TD_SUMMER__EXTREME,TD_SUMMER,EXTREME,5,120,6577.999999999999,4140.0,32.5,0.0,141.39371021269793,0.0,11250.0,0.0,1380.0,4140.0,0.0,-0.0,0.0,-0.0,245.49444719404934,3433.393710212699,66.02680211947498,33.52680211947498,0.0,373.902837776575,0.0,-0.0,0.0,-0.0
TD_SUMMER__EXTREME,TD_SUMMER,EXTREME,6,120,7843.0,4485.0,52.0,0.0,848.3622612761875,0.0,10350.0,0.0,1495.0,4485.0,0.0,-0.0,0.0,-0.0,245.49444719404934,1860.3622612761874,35.776197332234375,0.0,16.223802667765625,357.67903510880933,0.0,-0.0,0.0,-0.0
TD_SUMMER__EXTREME,TD_SUMMER,EXTREME,7,120,8855.0,4830.0,65.0,0.0,2120.905653190469,0.0,9000.000000000002,0.0,1610.0,4830.0,0.0,-0.0,0.0,0.0,245.49444719404934,655.9056531904706,12.613570253662898,0.0,52.3864297463371,305.2926053624722,0.0,-0.0,0.0,-0.0
TD_SUMMER__EXTREME,TD_SUMMER,EXTREME,8,120,9614.0,4692.0,71.5,0.0,3888.3270308491933,0.0,8100.000000000001,0.0,1564.0,4692.0,0.0,-0.0,0.0,0.0,245.49444719404934,810.3270308491941,15.583212131715273,0.0,55.91678786828473,249.3758174941875,0.0,-0.0,0.0,-0.0
TD_SUMMER__EXTREME,TD_SUMMER,EXTREME,9,120,10246.5,4140.0,71.5,0.0,5302.264132976172,0.0,7200.0,0.0,1380.0,4140.0,0.0,-0.0,0.0,0.0,245.49444719404934,875.7641329761717,16.841617941849456,0.0,54.65838205815054,194.71743543603694,0.0,-0.0,0.0,-0.0
TD_SUMMER__EXTREME,TD_SUMMER,EXTREME,10,120,10499.5,3587.9999999999995,58.5,0.0,6221.323249358709,0.0,6749.999999999999,0.0,1195.9999999999998,3587.9999999999995,0.0,-0.0,0.0,0.0,245.49444719404934,1275.8232493587082,24.535062487667467,0.0,33.96493751233253,160.7524979237044,0.0,-0.0,0.0,-0.0
TD_SUMMER__EXTREME,TD_SUMMER,EXTREME,11,120,10373.0,3311.9999999999995,45.5,2279.0911611105053,6716.201235103151,0.0,6300.000000000001,0.0,1103.9999999999998,3311.9999999999995,0.0,-0.0,0.0,0.0,245.49444719404934,3818.292396213657,73.42869992718572,27.92869992718572,0.0,188.6811978508901,0.0,-0.0,0.0,1476.6231632834965
TD_SUMMER__EXTREME,TD_SUMMER,EXTREME,12,120,10120.0,3173.9999999999995,39.0,1883.5754366422511,6362.716959571407,0.0,6749.999999999999,0.0,1057.9999999999998,3173.9999999999995,0.0,-0.0,0.0,0.0,245.49444719404934,3818.292396213657,73.42869992718572,34.42869992718572,0.0,223.10989777807583,0.0,-0.0,0.0,1220.3685254005145
TD_SUMMER__EXTREME,TD_SUMMER,EXTREME,13,120,9993.5,3173.9999999999995,39.0,1705.4376979184385,5514.354698295218,0.0,7650.0,0.0,1057.9999999999998,3173.9999999999995,0.0,-0.0,0.0,0.0,245.49444719404934,3818.292396213657,73.42869992718572,34.42869992718572,0.0,257.53859770526157,0.0,-0.0,0.0,1104.9530844813564
TD_SUMMER__EXTREME,TD_SUMMER,EXTREME,14,120,10120.0,3311.9999999999995,45.5,2391.8748000454157,4100.4175961682395,0.0,8550.000000000002,0.0,1103.9999999999998,3311.9999999999995,0.0,-0.0,0.0,0.0,245.49444719404934,3818.292396213657,73.42869992718572,27.92869992718572,0.0,285.4672976324473,0.0,-0.0,0.0,1549.695682949425
TD_SUMMER__EXTREME,TD_SUMMER,EXTREME,15,120,10499.5,3587.9999999999995,52.0,3589.402467491444,2474.3899287222134,0.0,9450.0,0.0,1195.9999999999998,3587.9999999999995,0.0,-0.0,-0.0,0.0,245.49444719404934,3818.292396213657,73.42869992718572,21.42869992718572,0.0,306.89599755963286,0.0,-0.0,0.0,2325.573858687707
TD_SUMMER__EXTREME,TD_SUMMER,EXTREME,16,120,10879.0,3932.9999999999995,65.0,1441.6377387238126,848.3622612761875,0.0,9900.0,0.0,1310.9999999999998,3932.9999999999995,0.0,-0.0,0.0,-0.0,245.49444719404934,0.0,-0.0,0.0,65.0,241.89599755963286,0.0,-0.0,0.0,934.0370909191582
TD_SUMMER__EXTREME,TD_SUMMER,EXTREME,17,120,11385.000000000002,4416.0,78.0,2140.606289787304,141.39371021269793,0.0,10575.0,0.0,1472.0,4416.0,0.0,-0.0,-0.0,0.0,245.49444719404934,0.0,-0.0,0.0,78.0,163.89599755963286,0.0,-0.0,0.0,1386.8988151531944
TD_SUMMER__EXTREME,TD_SUMMER,EXTREME,18,120,11132.0,4830.0,65.0,1362.7923962136583,-0.0,0.0,11250.0,0.0,1610.0,4830.0,0.0,-0.0,0.0,129.20760378634174,109.48644320842646,0.0,-0.0,0.0,65.0,98.89599755963286,0.0,-0.0,0.0,882.9531935068293
TD_SUMMER__EXTREME,TD_SUMMER,EXTREME,19,120,10373.0,4968.0,45.5,224.98787895199484,-0.0,0.0,11700.0,0.0,1656.0,4968.0,0.0,-0.0,0.0,104.01212104800514,0.0,0.0,-0.0,0.0,45.5,53.39599755963287,0.0,-0.0,0.0,145.76964677299748
TD_SUMMER__EXTREME,TD_SUMMER,EXTREME,20,120,9361.0,4830.0,32.5,0.0,-0.0,0.0,12375.000000000002,0.0,1610.0,4830.0,0.0,-0.0,0.0,0.0,-0.0,1404.0000000000018,27.000000000000036,0.0,5.4999999999999645,47.8959975596329,0.0,-0.0,0.0,-0.0
TD_SUMMER__EXTREME,TD_SUMMER,EXTREME,21,120,8222.5,4692.0,26.0,0.0,-0.0,0.0,12150.0,0.0,1564.0,4692.0,0.0,-0.0,0.0,0.0,-0.0,2363.5,45.45192307692308,19.45192307692308,0.0,67.34792063655598,0.0,-0.0,0.0,-0.0
TD_SUMMER__EXTREME,TD_SUMMER,EXTREME,22,120,7337.0,4485.0,19.5,0.0,-0.0,0.0,11250.0,0.0,1495.0,4485.0,0.0,-0.0,0.0,0.0,-0.0,2418.0,46.5,27.0,0.0,94.34792063655598,0.0,-0.0,0.0,-0.0
TD_SUMMER__EXTREME,TD_SUMMER,EXTREME,23,120,6831.0,4347.0,19.5,0.0,-0.0,0.0,10350.0,0.0,1449.0,4347.0,0.0,-0.0,129.20760378634176,0.0,122.74722359702467,1940.7923962136583,37.322930696416506,17.822930696416506,0.0,112.17085133297249,0.0,-0.0,0.0,-0.0
TD_WINTER__NORMAL,TD_WINTER,NORMAL,0,120,5460.0,8370.0,15.0,0.0,-0.0,0.0,8250.0,4350.0,2790.0,8370.0,0.0,-0.0,0.0,-0.0,122.74722359702467,0.0,-0.0,0.0,15.0,97.17085133297249,0.0,-0.0,-0.0,-0.0
TD_WINTER__NORMAL,TD_WINTER,NORMAL,1,120,5250.0,8235.0,15.0,0.0,-0.0,0.0,7995.0,5505.0,2745.0,8235.0,0.0,-0.0,0.0,0.0,122.74722359702467,0.0,-0.0,0.0,15.0,82.17085133297249,0.0,-0.0,-0.0,-0.0
TD_WINTER__NORMAL,TD_WINTER,NORMAL,2,120,5040.0,8100.000000000001,15.0,0.0,-0.0,0.0,7740.0,6660.0,2700.0000000000005,8100.000000000001,0.0,-0.0,0.0,0.0,122.74722359702467,0.0,-0.0,0.0,15.0,67.17085133297249,0.0,-0.0,-0.0,-0.0
TD_WINTER__NORMAL,TD_WINTER,NORMAL,3,120,4935.0,7965.000000000001,15.0,0.0,-0.0,0.0,7590.0,7410.0,2655.0000000000005,7965.000000000001,0.0,-0.0,0.0,0.0,122.74722359702467,0.0,-0.0,0.0,15.0,52.17085133297249,0.0,-0.0,-0.0,-0.0
TD_WINTER__NORMAL,TD_WINTER,NORMAL,4,120,5040.0,7830.000000000001,20.0,0.0,-0.0,0.0,11468.292396213657,4131.707603786343,2610.0000000000005,7830.000000000001,0.0,-0.0,0.0,0.0,122.74722359702467,3818.292396213657,73.42869992718572,53.42869992718572,0.0,105.59955126015821,0.0,-0.0,-0.0,-0.0
TD_WINTER__NORMAL,TD_WINTER,NORMAL,5,120,5460.0,8100.000000000001,25.0,0.0,0.0,201.9910145895685,8160.0,6840.0,2700.0000000000005,8100.000000000001,0.0,-0.0,0.0,0.0,122.74722359702467,0.0,-0.0,0.0,25.0,80.59955126015821,0.0,-0.0,-0.0,-0.0
TD_WINTER__NORMAL,TD_WINTER,NORMAL,6,120,6510.0,8775.0,40.0,0.0,1211.946087537411,0.0,9135.292454507045,4664.7075454929545,2925.0,8775.0,0.0,-0.0,0.0,0.0,122.74722359702467,912.2385420444577,17.54304888547034,0.0,22.45695111452966,58.14260014562855,0.0,-0.0,-0.0,-0.0
TD_WINTER__NORMAL,TD_WINTER,NORMAL,7,120,7350.0,9450.0,50.0,0.0,2318.2923962136574,711.5728226298697,12000.0,0.0,3150.0,9450.0,0.0,-0.0,0.0,0.0,122.74722359702467,3818.292396213657,73.42869992718572,23.42869992718572,0.0,81.57130007281428,0.0,-0.0,-0.0,-0.0
TD_WINTER__NORMAL,TD_WINTER,NORMAL,8,120,7980.0,9180.0,55.0,0.0,4058.2923962136574,1496.4605049994761,10800.0,0.0,3060.0,9180.0,0.0,-0.0,0.0,0.0,122.74722359702467,3818.292396213657,73.42869992718572,18.42869992718572,0.0,100.0,0.0,-0.0,-0.0,-0.0
TD_WINTER__NORMAL,TD_WINTER,NORMAL,9,120,8505.0,8100.000000000001,55.0,0.0,7574.663047108817,0.0,3630.3369528911826,5969.663047108817,2700.0000000000005,8100.000000000001,0.0,-0.0,0.0,0.0,122.74722359702467,0.0,-0.0,0.0,55.0,45.0,0.0,-0.0,-0.0,-0.0
TD_WINTER__NORMAL,TD_WINTER,NORMAL,10,120,8715.0,7020.000000000001,45.0,0.0,8887.604641941012,0.0,2167.3953580589878,6832.604641941012,2340.0000000000005,7020.000000000001,0.0,-0.0,0.0,0.0,122.74722359702467,0.0,-0.0,0.0,45.0,0.0,0.0,-0.0,-0.0,-0.0
TD_WINTER__NORMAL,TD_WINTER,NORMAL,11,120,8610.0,6480.0,35.0,0.0,9594.573193004502,0.0,4555.426806995498,3844.573193004502,2160.0,6480.0,0.0,-0.0,0.0,0.0,122.74722359702467,3380.0,65.0,30.0,0.0,30.0,0.0,-0.0,-0.0,-0.0
TD_WINTER__NORMAL,TD_WINTER,NORMAL,12,120,8400.0,6210.0,30.0,0.0,9089.595656530582,0.0,1380.4043434694177,7619.595656530582,2070.0,6210.0,0.0,-0.0,0.0,0.0,122.74722359702467,0.0,-0.0,0.0,30.0,0.0,0.0,-0.0,-0.0,-0.0
TD_WINTER__NORMAL,TD_WINTER,NORMAL,13,120,8295.0,6210.0,30.0,0.0,7877.649568993171,0.0,6192.11194725576,4007.8880527442398,2070.0,6210.0,0.0,-0.0,0.0,0.0,122.74722359702467,3704.761516248931,71.2454137740179,41.245413774017905,0.0,41.245413774017905,0.0,-0.0,-0.0,-0.0
TD_WINTER__NORMAL,TD_WINTER,NORMAL,14,120,8400.0,6480.0,35.0,0.0,0.0,5857.739423097485,11400.0,0.0,2160.0,6480.0,0.0,-0.0,0.0,0.0,122.74722359702467,840.0,16.153846153846153,0.0,18.846153846153847,22.39925992786406,0.0,-0.0,-0.0,-0.0
TD_WINTER__NORMAL,TD_WINTER,NORMAL,15,120,8715.0,7020.000000000001,40.0,0.0,3534.8427553174483,0.0,11338.44964089621,1261.5503591037905,2340.0000000000005,7020.000000000001,0.0,-0.0,0.0,0.0,122.74722359702467,3818.292396213657,73.42869992718572,33.42869992718572,0.0,55.8279598550498,0.0,-0.0,-0.0,-0.0
TD_WINTER__NORMAL,TD_WINTER,NORMAL,16,120,9030.0,7695.000000000001,50.0,0.0,1211.946087537411,0.0,13200.0,0.0,2565.0000000000005,7695.000000000001,0.0,-0.0,0.0,0.0,122.74722359702467,2816.94608753741,54.1720401449502,4.172040144950202,0.0,60.0,0.0,-0.0,-0.0,-0.0
TD_WINTER__NORMAL,TD_WINTER,NORMAL,17,120,9450.0,8640.0,60.0,0.0,0.0,201.9910145895685,12330.0,1770.0,2880.0,8640.0,0.0,-0.0,0.0,0.0,122.74722359702467,0.0,-0.0,0.0,60.0,0.0,0.0,-0.0,-0.0,-0.0
TD_WINTER__NORMAL,TD_WINTER,NORMAL,18,120,9240.0,9450.0,50.0,0.0,-0.0,0.0,14990.0,10.0,3150.0,9450.0,0.0,-0.0,0.0,0.0,122.74722359702467,2600.0,50.0,0.0,-0.0,0.0,0.0,-0.0,-0.0,-0.0
TD_WINTER__NORMAL,TD_WINTER,NORMAL,19,120,8610.0,9720.0,35.0,0.0,-0.0,0.0,15600.0,0.0,3240.0,9720.0,0.0,-0.0,0.0,0.0,122.74722359702467,3750.0,72.11538461538461,37.11538461538461,0.0,37.11538461538461,0.0,-0.0,-0.0,-0.0
TD_WINTER__NORMAL,TD_WINTER,NORMAL,20,120,7770.0,9450.0,25.0,0.0,-0.0,0.0,14738.292396213657,1761.7076037863426,3150.0,9450.0,0.0,-0.0,0.0,0.0,122.74722359702467,3818.292396213657,73.42869992718572,48.42869992718572,0.0,85.54408454257033,0.0,-0.0,-0.0,-0.0
TD_WINTER__NORMAL,TD_WINTER,NORMAL,21,120,6825.0,9180.0,20.0,0.0,-0.0,0.0,9885.0,6315.000000000002,3060.0,9180.0,0.0,-0.0,0.0,0.0,122.74722359702467,0.0,-0.0,0.0,20.0,65.54408454257033,0.0,-0.0,-0.0,-0.0
TD_WINTER__NORMAL,TD_WINTER,NORMAL,22,120,6090.0,8775.0,15.0,0.0,-0.0,0.0,12833.292396213657,2166.7076037863426,2925.0,8775.0,0.0,-0.0,0.0,0.0,122.74722359702467,3818.292396213657,73.42869992718572,58.42869992718572,0.0,123.97278446975605,0.0,-0.0,-0.0,-0.0
TD_WINTER__NORMAL,TD_WINTER,NORMAL,23,120,5670.0,8505.0,15.0,0.0,-0.0,0.0,8671.299476887254,5128.700523112746,2835.0,8505.0,0.0,-0.0,0.0,0.0,122.74722359702467,166.29947688725485,3.1980668632164395,0.0,11.80193313678356,112.17085133297249,0.0,-0.0,-0.0,-0.0
TD_WINTER__PV_LOW,TD_WINTER,PV_LOW,0,120,5460.0,8370.0,15.0,0.0,-0.0,0.0,8133.390137582826,4466.609862417174,2790.0,8370.0,0.0,-0.0,0.0,116.60986241717345,0.0,0.0,-0.0,0.0,15.0,97.17085133297249,0.0,-0.0,-0.0,-0.0
TD_WINTER__PV_LOW,TD_WINTER,PV_LOW,1,120,5250.0,8235.0,15.0,0.0,-0.0,0.0,7995.0,5505.0,2745.0,8235.0,0.0,-0.0,0.0,0.0,-0.0,0.0,-0.0,0.0,15.0,82.17085133297249,0.0,-0.0,0.0,-0.0
TD_WINTER__PV_LOW,TD_WINTER,PV_LOW,2,120,5040.0,8100.000000000001,15.0,0.0,-0.0,0.0,7740.0,6660.0,2700.0000000000005,8100.000000000001,0.0,-0.0,0.0,-0.0,0.0,0.0,-0.0,0.0,15.0,67.17085133297249,0.0,-0.0,0.0,-0.0
TD_WINTER__PV_LOW,TD_WINTER,PV_LOW,3,120,4935.0,7965.000000000001,15.0,0.0,-0.0,0.0,11408.292396213657,3591.7076037863426,2655.0000000000005,7965.000000000001,0.0,-0.0,-0.0,0.0,-0.0,3818.292396213657,73.42869992718572,58.42869992718572,0.0,125.59955126015817,0.0,-0.0,0.0,-0.0
TD_WINTER__PV_LOW,TD_WINTER,PV_LOW,4,120,5040.0,7830.000000000001,20.0,0.0,-0.0,0.0,7650.0,7950.0,2610.0000000000005,7830.000000000001,0.0,-0.0,0.0,0.0,-0.0,0.0,-0.0,0.0,20.0,105.59955126015817,0.0,-0.0,0.0,-0.0
TD_WINTER__PV_LOW,TD_WINTER,PV_LOW,5,120,5460.0,8100.000000000001,25.0,0.0,0.0,141.39371021269793,8160.0,6840.0,2700.0000000000005,8100.000000000001,0.0,-0.0,0.0,0.0,0.0,0.0,-0.0,0.0,25.0,80.59955126015817,0.0,-0.0,0.0,-0.0
TD_WINTER__PV_LOW,TD_WINTER,PV_LOW,6,120,6510.0,8775.0,40.0,0.0,0.0,848.3622612761875,12835.496303622582,964.5036963774182,2925.0,8775.0,0.0,-0.0,0.0,-0.0,0.0,3400.496303622582,65.39415968504966,25.394159685049658,0.0,105.99371094520782,0.0,-0.0,0.0,-0.0
TD_WINTER__PV_LOW,TD_WINTER,PV_LOW,7,120,7350.0,9450.0,50.0,0.0,0.0,2120.905653190469,12000.0,0.0,3150.0,9450.0,0.0,-0.0,0.0,-0.0,0.0,1500.0,28.846153846153847,0.0,21.153846153846153,84.83986479136166,0.0,-0.0,0.0,-0.0
TD_WINTER__PV_LOW,TD_WINTER,PV_LOW,8,120,7980.0,9180.0,55.0,0.0,3888.3270308491933,0.0,10800.0,0.0,3060.0,9180.0,0.0,-0.0,0.0,-0.0,0.0,3648.3270308491933,70.16013520863834,15.160135208638337,0.0,100.0,0.0,-0.0,0.0,-0.0
TD_WINTER__PV_LOW,TD_WINTER,PV_LOW,9,120,8505.0,8100.000000000001,55.0,0.0,5302.264132976172,0.0,5902.735867023828,3697.264132976172,2700.0000000000005,8100.000000000001,0.0,-0.0,0.0,-0.0,0.0,0.0,-0.0,0.0,55.0,45.0,0.0,-0.0,0.0,-0.0
TD_WINTER__PV_LOW,TD_WINTER,PV_LOW,10,120,8715.0,7020.000000000001,45.0,0.0,6221.323249358709,0.0,4833.676750641291,4166.323249358709,2340.0000000000005,7020.000000000001,0.0,-0.0,0.0,-0.0,0.0,0.0,-0.0,0.0,45.0,0.0,0.0,-0.0,0.0,-0.0
TD_WINTER__PV_LOW,TD_WINTER,PV_LOW,11,120,8610.0,6480.0,35.0,0.0,6716.201235103151,0.0,7433.798764896849,966.2012351031508,2160.0,6480.0,0.0,-0.0,-0.0,0.0,0.0,3380.0,65.0,30.0,0.0,30.0,0.0,-0.0,0.0,-0.0
TD_WINTER__PV_LOW,TD_WINTER,PV_LOW,12,120,8400.0,6210.0,30.0,4107.283040428593,6362.716959571407,0.0,0.0,9000.0,2070.0,6210.0,0.0,-0.0,0.0,-0.0,0.0,0.0,-0.0,0.0,30.0,0.0,0.0,-0.0,0.0,2661.1086818936856
TD_WINTER__PV_LOW,TD_WINTER,PV_LOW,13,120,8295.0,6210.0,30.0,0.0,5514.354698295218,0.0,6789.060509277467,3410.9394907225333,2070.0,6210.0,0.0,-0.0,-0.0,0.0,0.0,1938.4152075726854,37.27721553024395,7.27721553024395,0.0,7.27721553024395,0.0,-0.0,0.0,-0.0
TD_WINTER__PV_LOW,TD_WINTER,PV_LOW,14,120,8400.0,6480.0,35.0,0.0,4100.4175961682395,0.0,10277.874800045418,1122.125199954582,2160.0,6480.0,0.0,-0.0,0.0,-0.0,0.0,3818.292396213657,73.42869992718572,38.42869992718572,0.0,45.70591545742967,0.0,-0.0,0.0,-0.0
TD_WINTER__PV_LOW,TD_WINTER,PV_LOW,15,120,8715.0,7020.000000000001,40.0,0.0,2273.2923962136574,201.09753250855601,12600.0,0.0,2340.0000000000005,7020.000000000001,0.0,-0.0,0.0,-0.0,-0.0,3818.292396213657,73.42869992718572,33.42869992718572,0.0,79.13461538461539,0.0,-0.0,0.0,-0.0
TD_WINTER__PV_LOW,TD_WINTER,PV_LOW,16,120,9030.0,7695.000000000001,50.0,0.0,0.0,848.3622612761875,13200.0,0.0,2565.0000000000005,7695.000000000001,0.0,-0.0,0.0,0.0,0.0,1605.0,30.865384615384617,0.0,19.134615384615383,60.0,0.0,-0.0,0.0,-0.0
TD_WINTER__PV_LOW,TD_WINTER,PV_LOW,17,120,9450.0,8640.0,60.0,0.0,0.0,141.39371021269793,12330.0,1770.0,2880.0,8640.0,0.0,-0.0,0.0,-0.0,0.0,0.0,-0.0,0.0,60.0,0.0,0.0,-0.0,0.0,-0.0
TD_WINTER__PV_LOW,TD_WINTER,PV_LOW,18,120,9240.0,9450.0,50.0,0.0,-0.0,0.0,14990.0,10.0,3150.0,9450.0,0.0,-0.0,0.0,-0.0,0.0,2600.0,50.0,0.0,-0.0,0.0,0.0,-0.0,0.0,-0.0
TD_WINTER__PV_LOW,TD_WINTER,PV_LOW,19,120,8610.0,9720.0,35.0,0.0,-0.0,0.0,13670.0,1930.0,3240.0,9720.0,0.0,-0.0,0.0,-0.0,0.0,1820.0,35.0,0.0,-0.0,0.0,0.0,-0.0,0.0,-0.0
TD_WINTER__PV_LOW,TD_WINTER,PV_LOW,20,120,7770.0,9450.0,25.0,0.0,-0.0,0.0,14738.292396213657,1761.7076037863426,3150.0,9450.0,0.0,-0.0,0.0,-0.0,0.0,3818.292396213657,73.42869992718572,48.42869992718572,0.0,48.42869992718572,0.0,-0.0,0.0,-0.0
TD_WINTER__PV_LOW,TD_WINTER,PV_LOW,21,120,6825.0,9180.0,20.0,0.0,-0.0,0.0,13703.292396213657,2496.7076037863444,3060.0,9180.0,0.0,-0.0,0.0,-0.0,0.0,3818.292396213657,73.42869992718572,53.42869992718572,0.0,101.85739985437144,0.0,-0.0,0.0,-0.0
TD_WINTER__PV_LOW,TD_WINTER,PV_LOW,22,120,6090.0,8775.0,15.0,0.0,-0.0,0.0,11111.299476887256,3888.700523112744,2925.0,8775.0,0.0,-0.0,0.0,-0.0,0.0,2096.2994768872545,40.31345147860105,25.313451478601053,0.0,127.17085133297249,0.0,-0.0,0.0,-0.0
TD_WINTER__PV_LOW,TD_WINTER,PV_LOW,23,120,5670.0,8505.0,15.0,0.0,-0.0,0.0,8634.207603786343,5165.792396213657,2835.0,8505.0,0.0,-0.0,129.20760378634176,0.0,122.74722359702467,0.0,-0.0,0.0,15.0,112.17085133297249,0.0,-0.0,0.0,-0.0
TD_WINTER__WIND_LOW,TD_WINTER,WIND_LOW,0,120,5460.0,8370.0,15.0,8133.390137582826,-0.0,0.0,0.0,9450.0,2790.0,8370.0,0.0,-0.0,0.0,116.60986241717345,0.0,0.0,-0.0,0.0,15.0,97.17085133297249,0.0,-0.0,-0.0,5269.6234701399135
TD_WINTER__WIND_LOW,TD_WINTER,WIND_LOW,1,120,5250.0,8235.0,15.0,0.0,-0.0,0.0,7995.0,2130.0,2745.0,8235.0,0.0,-0.0,0.0,-0.0,0.0,0.0,-0.0,0.0,15.0,82.17085133297249,0.0,-0.0,-0.0,-0.0
TD_WINTER__WIND_LOW,TD_WINTER,WIND_LOW,2,120,5040.0,8100.000000000001,15.0,0.0,-0.0,0.0,10302.7820506703,497.2179493297008,2700.0000000000005,8100.000000000001,0.0,-0.0,0.0,-0.0,0.0,2562.782050670298,49.28427020519804,34.28427020519804,0.0,116.45512153817053,0.0,-0.0,0.0,-0.0
TD_WINTER__WIND_LOW,TD_WINTER,WIND_LOW,3,120,4935.0,7965.000000000001,15.0,0.0,-0.0,0.0,11250.0,0.0,2655.0000000000005,7965.000000000001,0.0,-0.0,13.958716198524458,0.0,13.260780388598235,3646.041283801475,70.11617853464375,55.11617853464375,0.0,171.57130007281427,0.0,-0.0,0.0,-0.0
TD_WINTER__WIND_LOW,TD_WINTER,WIND_LOW,4,120,5040.0,7830.000000000001,20.0,0.0,-0.0,0.0,11597.5,102.5,2610.0000000000005,7830.000000000001,0.0,-0.0,129.20760378634174,0.0,136.00800398562288,3818.292396213657,73.42869992718572,53.42869992718572,0.0,225.0,0.0,-0.0,0.0,-0.0
TD_WINTER__WIND_LOW,TD_WINTER,WIND_LOW,5,120,5460.0,8100.000000000001,25.0,0.0,0.0,201.9910145895685,8030.792396213658,3219.2076037863417,2700.0000000000005,8100.000000000001,0.0,-0.0,0.0,129.20760378634174,0.0,0.0,-0.0,0.0,25.0,200.0,0.0,-0.0,0.0,-0.0
TD_WINTER__WIND_LOW,TD_WINTER,WIND_LOW,6,120,6510.0,8775.0,40.0,0.0,1211.946087537411,0.0,8223.053912462588,2126.9460875374116,2925.0,8775.0,0.0,-0.0,0.0,-0.0,0.0,0.0,-0.0,0.0,40.0,160.0,0.0,-0.0,0.0,-0.0
TD_WINTER__WIND_LOW,TD_WINTER,WIND_LOW,7,120,7350.0,9450.0,50.0,0.0,3029.865218843527,0.0,7470.134781156473,1529.865218843529,3150.0,9450.0,0.0,-0.0,0.0,-0.0,0.0,0.0,-0.0,0.0,50.0,110.0,0.0,-0.0,0.0,-0.0
TD_WINTER__WIND_LOW,TD_WINTER,WIND_LOW,8,120,7980.0,9180.0,55.0,3863.8598340306708,5554.752901213134,0.0,1621.387264756196,6478.612735243805,3060.0,9180.0,0.0,-0.0,0.0,-0.0,0.0,0.0,-0.0,0.0,55.0,55.0,0.0,-0.0,0.0,2503.394786468472
TD_WINTER__WIND_LOW,TD_WINTER,WIND_LOW,9,120,8505.0,8100.000000000001,55.0,0.0,7574.663047108817,0.0,3630.3369528911826,3569.6630471088174,2700.0000000000005,8100.000000000001,0.0,-0.0,0.0,-0.0,0.0,0.0,-0.0,0.0,55.0,0.0,0.0,-0.0,0.0,-0.0
TD_WINTER__WIND_LOW,TD_WINTER,WIND_LOW,10,120,8715.0,7020.000000000001,45.0,0.0,8887.604641941012,0.0,4507.395358058988,2242.6046419410113,2340.0000000000005,7020.000000000001,0.0,-0.0,0.0,-0.0,0.0,2340.0,45.0,0.0,-0.0,0.0,0.0,-0.0,0.0,-0.0
TD_WINTER__WIND_LOW,TD_WINTER,WIND_LOW,11,120,8610.0,6480.0,35.0,0.0,9594.573193004502,0.0,2995.426806995498,3304.573193004503,2160.0,6480.0,0.0,-0.0,0.0,-0.0,0.0,1820.0,35.0,0.0,-0.0,0.0,0.0,-0.0,0.0,-0.0
TD_WINTER__WIND_LOW,TD_WINTER,WIND_LOW,12,120,8400.0,6210.0,30.0,0.0,9089.595656530582,0.0,5198.696739683075,1551.303260316924,2070.0,6210.0,0.0,-0.0,0.0,-0.0,0.0,3818.292396213657,73.42869992718572,43.42869992718572,0.0,43.42869992718572,0.0,-0.0,0.0,-0.0
TD_WINTER__WIND_LOW,TD_WINTER,WIND_LOW,13,120,8295.0,6210.0,30.0,0.0,7877.649568993171,0.0,6305.642827220487,1344.3571727795133,2070.0,6210.0,0.0,-0.0,0.0,-0.0,0.0,3818.292396213657,73.42869992718572,43.42869992718572,0.0,86.85739985437144,0.0,-0.0,0.0,-0.0
TD_WINTER__WIND_LOW,TD_WINTER,WIND_LOW,14,120,8400.0,6480.0,35.0,0.0,5857.739423097485,0.0,8520.552973116173,29.447026883828585,2160.0,6480.0,0.0,-0.0,0.0,-0.0,0.0,3818.292396213657,73.42869992718572,38.42869992718572,0.0,125.28609978155716,0.0,-0.0,0.0,-0.0
TD_WINTER__WIND_LOW,TD_WINTER,WIND_LOW,15,120,8715.0,7020.000000000001,40.0,1888.449640896209,3534.8427553174483,0.0,9450.0,0.0,2340.0000000000005,7020.000000000001,0.0,-0.0,0.0,0.0,-0.0,3818.2923962136574,73.42869992718572,33.42869992718572,0.0,158.71479970874287,0.0,-0.0,0.0,1223.526522336654
TD_WINTER__WIND_LOW,TD_WINTER,WIND_LOW,16,120,9030.0,7695.000000000001,50.0,483.0539124625891,1211.946087537411,0.0,9900.0,0.0,2565.0000000000005,7695.000000000001,0.0,-0.0,0.0,-0.0,0.0,0.0,-0.0,0.0,50.0,108.71479970874287,0.0,-0.0,0.0,312.9706298845115
TD_WINTER__WIND_LOW,TD_WINTER,WIND_LOW,17,120,9450.0,8640.0,60.0,3641.8304151453704,0.0,201.9910145895685,10575.0,0.0,2880.0,8640.0,0.0,-0.0,0.0,-0.0,-0.0,1886.8304151453706,36.28520029125713,0.0,23.714799708742873,85.0,0.0,-0.0,0.0,2359.5419259726855
TD_WINTER__WIND_LOW,TD_WINTER,WIND_LOW,18,120,9240.0,9450.0,50.0,1140.0,-0.0,0.0,11250.0,0.0,3150.0,9450.0,0.0,-0.0,0.0,0.0,0.0,0.0,-0.0,0.0,50.0,35.0,0.0,-0.0,0.0,738.606
TD_WINTER__WIND_LOW,TD_WINTER,WIND_LOW,19,120,8610.0,9720.0,35.0,150.0,-0.0,0.0,11700.0,0.0,3240.0,9720.0,0.0,-0.0,0.0,-0.0,0.0,0.0,-0.0,0.0,35.0,0.0,0.0,-0.0,0.0,97.185
TD_WINTER__WIND_LOW,TD_WINTER,WIND_LOW,20,120,7770.0,9450.0,25.0,0.0,-0.0,0.0,12375.000000000002,0.0,3150.0,9450.0,0.0,-0.0,-0.0,0.0,0.0,1455.0000000000018,27.98076923076927,2.980769230769269,0.0,2.980769230769269,0.0,-0.0,0.0,-0.0
TD_WINTER__WIND_LOW,TD_WINTER,WIND_LOW,21,120,6825.0,9180.0,20.0,0.0,-0.0,0.0,12150.0,0.0,3060.0,9180.0,0.0,-0.0,0.0,-0.0,0.0,2265.0,43.55769230769231,23.557692307692307,0.0,26.538461538461576,0.0,-0.0,0.0,-0.0
TD_WINTER__WIND_LOW,TD_WINTER,WIND_LOW,22,120,6090.0,8775.0,15.0,0.0,-0.0,0.0,11250.0,0.0,2925.0,8775.0,0.0,-0.0,0.0,-0.0,0.0,2235.0,42.98076923076923,27.980769230769234,0.0,54.51923076923081,0.0,-0.0,0.0,-0.0
TD_WINTER__WIND_LOW,TD_WINTER,WIND_LOW,23,120,5670.0,8505.0,15.0,2062.091873100909,-0.0,0.0,10350.0,0.0,2835.0,8505.0,0.0,-0.0,129.20760378634176,0.0,122.74722359702467,3777.8842693145675,72.65162056374169,57.65162056374169,0.0,112.17085133297249,0.0,-0.0,0.0,1336.0293245820792
TD_WINTER__LOAD_HIGH,TD_WINTER,LOAD_HIGH,0,120,6006.000000000001,9207.0,15.0,0.0,-0.0,0.0,9075.0,3525.0,3069.0,9207.0,0.0,-0.0,0.0,0.0,122.74722359702467,0.0,-0.0,0.0,15.0,97.17085133297249,0.0,-0.0,0.0,-0.0
TD_WINTER__LOAD_HIGH,TD_WINTER,LOAD_HIGH,1,120,5775.000000000001,9058.5,15.0,0.0,-0.0,0.0,8677.890137582826,4822.109862417174,3019.5,9058.5,0.0,-0.0,0.0,116.60986241717345,0.0,0.0,-0.0,0.0,15.0,82.17085133297249,0.0,-0.0,-0.0,-0.0
TD_WINTER__LOAD_HIGH,TD_WINTER,LOAD_HIGH,2,120,5544.0,8910.000000000002,15.0,0.0,-0.0,0.0,8514.0,5886.0,2970.0000000000005,8910.000000000002,0.0,-0.0,0.0,-0.0,0.0,0.0,-0.0,0.0,15.0,67.17085133297249,0.0,-0.0,0.0,-0.0
TD_WINTER__LOAD_HIGH,TD_WINTER,LOAD_HIGH,3,120,5428.5,8761.500000000002,15.0,0.0,-0.0,0.0,8349.0,6651.0,2920.5000000000005,8761.500000000002,0.0,-0.0,-0.0,0.0,0.0,0.0,-0.0,0.0,15.0,52.17085133297249,0.0,-0.0,0.0,-0.0
TD_WINTER__LOAD_HIGH,TD_WINTER,LOAD_HIGH,4,120,5544.0,8613.000000000002,20.0,0.0,-0.0,0.0,8415.0,7185.0,2871.0000000000005,8613.000000000002,0.0,-0.0,-0.0,0.0,0.0,0.0,-0.0,0.0,20.0,32.17085133297249,0.0,-0.0,0.0,-0.0
TD_WINTER__LOAD_HIGH,TD_WINTER,LOAD_HIGH,5,120,6006.000000000001,8910.000000000002,25.0,0.0,0.0,201.9910145895685,8976.000000000002,6023.999999999998,2970.0000000000005,8910.000000000002,0.0,-0.0,0.0,-0.0,0.0,0.0,-0.0,0.0,25.0,7.1708513329724894,0.0,-0.0,0.0,-0.0
TD_WINTER__LOAD_HIGH,TD_WINTER,LOAD_HIGH,6,120,7161.000000000001,9652.5,40.0,0.0,1211.946087537411,0.0,12984.846308676246,815.1536913237542,3217.5,9652.5,0.0,-0.0,0.0,-0.0,0.0,3818.292396213657,73.42869992718572,33.42869992718572,0.0,40.59955126015821,0.0,-0.0,0.0,-0.0
TD_WINTER__LOAD_HIGH,TD_WINTER,LOAD_HIGH,7,120,8085.000000000001,10395.0,50.0,0.0,3029.865218843527,0.0,12000.0,0.0,3363.75,10091.25,303.75,33.690106477373554,0.0,0.0,-0.0,3581.115218843526,68.8676003623755,18.867600362375498,0.0,59.467151622533706,0.0,-0.0,0.0,72.77062999112688
TD_WINTER__LOAD_HIGH,TD_WINTER,LOAD_HIGH,8,120,8778.0,10098.0,55.0,0.0,5554.752901213134,0.0,10534.497098786867,265.50290121313265,3363.75,10091.25,6.75,0.7486690328305234,129.20760378634174,0.0,122.74722359702464,3818.292396213657,73.42869992718572,18.42869992718572,0.0,77.89585154971942,0.0,-0.0,0.0,1.6171251109139306
TD_WINTER__LOAD_HIGH,TD_WINTER,LOAD_HIGH,9,120,9355.5,8910.000000000002,55.0,1160.6562212007555,7574.663047108817,0.0,3473.5708692732537,6126.429130726747,2970.0000000000005,8910.000000000002,0.0,-0.0,0.0,116.60986241717342,0.0,0.0,-0.0,0.0,55.0,22.895851549719424,0.0,-0.0,0.0,751.9891657159695
TD_WINTER__LOAD_HIGH,TD_WINTER,LOAD_HIGH,10,120,9586.5,7722.000000000002,45.0,0.0,6978.792396213657,1908.8122457273548,9000.0,0.0,2574.0000000000005,7722.000000000002,0.0,-0.0,0.0,-0.0,0.0,3818.292396213657,73.42869992718572,28.42869992718572,0.0,51.32455147690514,0.0,-0.0,0.0,-0.0
TD_WINTER__LOAD_HIGH,TD_WINTER,LOAD_HIGH,11,120,9471.0,7128.000000000001,35.0,2252.426806995498,9594.573193004502,0.0,0.0,8400.0,2376.0000000000005,7128.000000000001,0.0,-0.0,0.0,-0.0,0.0,0.0,-0.0,0.0,35.0,16.324551476905143,0.0,-0.0,0.0,1459.347328252383
TD_WINTER__LOAD_HIGH,TD_WINTER,LOAD_HIGH,12,120,9240.0,6831.000000000001,30.0,0.0,9089.595656530582,0.0,3138.5276666703503,5861.47233332965,2277.0000000000005,6831.000000000001,0.0,-0.0,0.0,-0.0,0.0,711.1233232009325,13.675448523094857,0.0,16.324551476905143,0.0,0.0,-0.0,0.0,-0.0
TD_WINTER__LOAD_HIGH,TD_WINTER,LOAD_HIGH,13,120,9124.5,6831.000000000001,30.0,0.0,7877.649568993171,0.0,5083.850431006829,5116.149568993171,2277.0000000000005,6831.000000000001,0.0,-0.0,0.0,-0.0,0.0,1560.0,30.0,0.0,-0.0,0.0,0.0,-0.0,0.0,-0.0
TD_WINTER__LOAD_HIGH,TD_WINTER,LOAD_HIGH,14,120,9240.0,7128.000000000001,35.0,0.0,4034.2923962136574,1823.4470268838277,11400.0,0.0,2376.0000000000005,7128.000000000001,0.0,-0.0,0.0,-0.0,0.0,3818.292396213657,73.42869992718572,38.42869992718572,0.0,38.42869992718572,0.0,-0.0,0.0,-0.0
TD_WINTER__LOAD_HIGH,TD_WINTER,LOAD_HIGH,15,120,9586.5,7722.000000000002,40.0,0.0,3534.8427553174483,0.0,12573.157244682552,26.84275531744788,2574.0000000000005,7722.000000000002,0.0,-0.0,129.20760378634174,0.0,122.74722359702464,3818.292396213657,73.42869992718572,33.42869992718572,0.0,71.85739985437144,0.0,-0.0,0.0,-0.0
TD_WINTER__LOAD_HIGH,TD_WINTER,LOAD_HIGH,16,120,9933.0,8464.500000000002,50.0,0.0,1211.946087537411,0.0,13200.0,0.0,2821.5000000000005,8464.500000000002,0.0,-0.0,0.0,116.60986241717342,0.0,1774.0559499545839,34.11646057604969,0.0,15.88353942395031,55.97386043042113,0.0,-0.0,0.0,-0.0
TD_WINTER__LOAD_HIGH,TD_WINTER,LOAD_HIGH,17,120,10395.0,9504.0,60.0,0.0,201.9910145895685,0.0,14100.0,0.0,3168.0,9504.0,0.0,-0.0,0.0,-0.0,0.0,738.9910145895685,14.21136566518401,0.0,45.78863433481599,10.18522609560516,0.0,-0.0,0.0,-0.0
TD_WINTER__LOAD_HIGH,TD_WINTER,LOAD_HIGH,18,120,10164.0,10395.0,50.0,598.1182430285317,-0.0,0.0,15000.0,0.0,3363.75,10091.25,303.75,33.690106477373554,0.0,-0.0,0.0,2070.3682430285317,39.81477390439484,0.0,10.18522609560516,0.0,0.0,-0.0,0.0,460.29143964931257
TD_WINTER__LOAD_HIGH,TD_WINTER,LOAD_HIGH,19,120,9471.0,10692.0,35.0,0.0,-0.0,0.0,14654.75,945.25,3363.75,10091.25,600.75,66.63154392191659,0.0,-0.0,0.0,1820.0,35.0,0.0,-0.0,0.0,0.0,-0.0,0.0,143.92413487133985
TD_WINTER__LOAD_HIGH,TD_WINTER,LOAD_HIGH,20,120,8547.0,10395.0,25.0,0.0,-0.0,0.0,13210.75,3289.25,3363.75,10091.25,303.75,33.690106477373554,0.0,-0.0,0.0,1300.0,25.0,0.0,-0.0,0.0,0.0,-0.0,0.0,72.77062999112688
TD_WINTER__LOAD_HIGH,TD_WINTER,LOAD_HIGH,21,120,7507.500000000001,10098.0,20.0,0.0,-0.0,0.0,14689.542396213657,1510.4576037863444,3363.75,10091.25,6.75,0.7486690328305234,0.0,-0.0,0.0,3818.292396213657,73.42869992718572,53.42869992718572,0.0,53.42869992718572,0.0,-0.0,0.0,1.6171251109139306
TD_WINTER__LOAD_HIGH,TD_WINTER,LOAD_HIGH,22,120,6699.000000000001,9652.5,15.0,0.0,-0.0,0.0,13734.792396213657,1265.2076037863426,3217.5,9652.5,0.0,-0.0,0.0,0.0,-0.0,3818.292396213657,73.42869992718572,58.42869992718572,0.0,111.85739985437144,0.0,-0.0,0.0,-0.0
TD_WINTER__LOAD_HIGH,TD_WINTER,LOAD_HIGH,23,120,6237.000000000001,9355.5,15.0,0.0,-0.0,0.0,10281.007080673597,3518.9929193264034,3118.5,9355.5,0.0,-0.0,129.20760378634176,0.0,122.74722359702467,796.2994768872547,15.313451478601053,0.3134514786010527,0.0,112.17085133297249,0.0,-0.0,0.0,-0.0
TD_WINTER__H2_HIGH,TD_WINTER,H2_HIGH,0,120,5460.0,8370.0,19.5,0.0,-0.0,0.0,8133.390137582826,4466.609862417174,2790.0,8370.0,0.0,-0.0,0.0,116.60986241717345,0.0,0.0,-0.0,0.0,19.5,92.67085133297249,0.0,-0.0,-0.0,-0.0
TD_WINTER__H2_HIGH,TD_WINTER,H2_HIGH,1,120,5250.0,8235.0,19.5,0.0,-0.0,0.0,7995.0,5505.0,2745.0,8235.0,0.0,-0.0,0.0,-0.0,0.0,0.0,-0.0,0.0,19.5,73.17085133297249,0.0,-0.0,0.0,-0.0
TD_WINTER__H2_HIGH,TD_WINTER,H2_HIGH,2,120,5040.0,8100.000000000001,19.5,0.0,-0.0,0.0,7740.0,6660.0,2700.0000000000005,8100.000000000001,0.0,-0.0,-0.0,0.0,0.0,0.0,-0.0,0.0,19.5,53.67085133297249,0.0,-0.0,0.0,-0.0
TD_WINTER__H2_HIGH,TD_WINTER,H2_HIGH,3,120,4935.0,7965.000000000001,19.5,0.0,-0.0,0.0,11422.251112412181,3577.748887587819,2655.0000000000005,7965.000000000001,0.0,-0.0,13.958716198524458,0.0,13.260780388598235,3818.292396213657,73.42869992718572,53.92869992718572,0.0,107.59955126015821,0.0,-0.0,0.0,-0.0
TD_WINTER__H2_HIGH,TD_WINTER,H2_HIGH,4,120,5040.0,7830.000000000001,26.0,0.0,-0.0,0.0,10908.861353403485,4691.138646596515,2610.0000000000005,7830.000000000001,0.0,-0.0,129.20760378634174,0.0,136.00800398562288,3129.6537496171422,60.18564903109889,34.18564903109889,0.0,141.7852002912571,0.0,-0.0,0.0,-0.0
TD_WINTER__H2_HIGH,TD_WINTER,H2_HIGH,5,120,5460.0,8100.000000000001,32.5,0.0,0.0,201.9910145895685,8030.792396213658,6969.207603786342,2700.0000000000005,8100.000000000001,0.0,-0.0,0.0,129.20760378634174,0.0,0.0,-0.0,0.0,32.5,109.2852002912571,0.0,-0.0,0.0,-0.0
TD_WINTER__H2_HIGH,TD_WINTER,H2_HIGH,6,120,6510.0,8775.0,52.0,0.0,0.0,1211.946087537411,13253.292396213657,546.7076037863426,2925.0,8775.0,0.0,-0.0,0.0,-0.0,0.0,3818.292396213657,73.42869992718572,21.42869992718572,0.0,130.7139002184428,0.0,-0.0,0.0,-0.0
TD_WINTER__H2_HIGH,TD_WINTER,H2_HIGH,7,120,7350.0,9450.0,65.0,0.0,2447.499999999999,582.365218843528,12000.0,0.0,3150.0,9450.0,0.0,-0.0,129.20760378634174,0.0,122.74722359702464,3818.292396213657,73.42869992718572,8.428699927185718,0.0,139.14260014562853,0.0,-0.0,0.0,-0.0
TD_WINTER__H2_HIGH,TD_WINTER,H2_HIGH,8,120,7980.0,9180.0,71.5,0.0,3941.6825337964838,1613.0703674166498,10800.0,0.0,3060.0,9180.0,0.0,-0.0,0.0,116.60986241717342,0.0,3818.292396213657,73.42869992718572,1.9286999271857184,0.0,141.07130007281427,0.0,-0.0,0.0,-0.0
TD_WINTER__H2_HIGH,TD_WINTER,H2_HIGH,9,120,8505.0,8100.000000000001,71.5,0.0,7574.663047108817,0.0,3630.3369528911826,5969.663047108817,2700.0000000000005,8100.000000000001,0.0,-0.0,0.0,-0.0,0.0,0.0,-0.0,0.0,71.5,69.57130007281428,0.0,-0.0,0.0,-0.0
TD_WINTER__H2_HIGH,TD_WINTER,H2_HIGH,10,120,8715.0,7020.000000000001,58.5,0.0,8887.604641941012,0.0,2167.3953580589878,6832.604641941012,2340.0000000000005,7020.000000000001,0.0,-0.0,0.0,-0.0,0.0,0.0,-0.0,0.0,58.5,11.071300072814282,0.0,-0.0,0.0,-0.0
TD_WINTER__H2_HIGH,TD_WINTER,H2_HIGH,11,120,8610.0,6480.0,45.5,0.0,9594.573193004502,0.0,4993.719203209155,3406.2807967908448,2160.0,6480.0,0.0,-0.0,0.0,0.0,-0.0,3818.292396213657,73.42869992718572,27.92869992718572,0.0,39.0,0.0,-0.0,0.0,-0.0
TD_WINTER__H2_HIGH,TD_WINTER,H2_HIGH,12,120,8400.0,6210.0,39.0,1380.4043434694177,9089.595656530582,0.0,0.0,9000.0,2070.0,6210.0,0.0,-0.0,0.0,-0.0,0.0,0.0,-0.0,0.0,39.0,0.0,0.0,-0.0,0.0,894.3639741338358
TD_WINTER__H2_HIGH,TD_WINTER,H2_HIGH,13,120,8295.0,6210.0,39.0,0.0,3128.8592576181018,4748.790311375069,10200.0,0.0,2070.0,6210.0,0.0,-0.0,-0.0,0.0,0.0,2963.8592576181018,56.99729341573273,17.997293415732727,0.0,17.997293415732727,0.0,-0.0,0.0,-0.0
TD_WINTER__H2_HIGH,TD_WINTER,H2_HIGH,14,120,8400.0,6480.0,45.5,0.0,2978.2923962136574,2879.4470268838277,11400.0,0.0,2160.0,6480.0,0.0,-0.0,-0.0,0.0,0.0,3818.292396213657,73.42869992718572,27.92869992718572,0.0,45.925993342918446,0.0,-0.0,0.0,-0.0
TD_WINTER__H2_HIGH,TD_WINTER,H2_HIGH,15,120,8715.0,7020.000000000001,52.0,0.0,3534.8427553174483,0.0,11467.657244682552,1132.3427553174479,2340.0000000000005,7020.000000000001,0.0,-0.0,129.20760378634174,0.0,122.74722359702464,3818.292396213657,73.42869992718572,21.42869992718572,0.0,67.35469327010415,0.0,-0.0,0.0,-0.0
TD_WINTER__H2_HIGH,TD_WINTER,H2_HIGH,16,120,9030.0,7695.000000000001,65.0,0.0,1211.946087537411,0.0,13200.0,0.0,2565.0000000000005,7695.000000000001,0.0,-0.0,0.0,116.60986241717342,-0.0,2933.5559499545843,56.414537499126624,0.0,8.585462500873376,58.76923076923077,0.0,-0.0,0.0,-0.0
TD_WINTER__H2_HIGH,TD_WINTER,H2_HIGH,17,120,9450.0,8640.0,78.0,0.0,0.0,201.9910145895685,14100.0,0.0,2880.0,8640.0,0.0,-0.0,0.0,0.0,0.0,1770.0,34.03846153846154,0.0,43.96153846153846,14.807692307692307,0.0,-0.0,0.0,-0.0
TD_WINTER__H2_HIGH,TD_WINTER,H2_HIGH,18,120,9240.0,9450.0,65.0,0.0,-0.0,0.0,15000.0,0.0,3150.0,9450.0,0.0,-0.0,0.0,-0.0,0.0,2610.0,50.19230769230769,0.0,14.807692307692307,0.0,0.0,-0.0,0.0,-0.0
TD_WINTER__H2_HIGH,TD_WINTER,H2_HIGH,19,120,8610.0,9720.0,45.5,0.0,-0.0,0.0,14216.0,1384.0,3240.0,9720.0,0.0,-0.0,0.0,-0.0,0.0,2366.0,45.5,0.0,-0.0,0.0,0.0,-0.0,0.0,-0.0
TD_WINTER__H2_HIGH,TD_WINTER,H2_HIGH,20,120,7770.0,9450.0,32.5,0.0,-0.0,0.0,14186.299476887256,2313.700523112744,3150.0,9450.0,0.0,-0.0,0.0,0.0,-0.0,3266.2994768872554,62.81345147860107,30.313451478601067,0.0,30.313451478601067,0.0,-0.0,0.0,-0.0
TD_WINTER__H2_HIGH,TD_WINTER,H2_HIGH,21,120,6825.0,9180.0,26.0,0.0,-0.0,0.0,9885.0,6315.000000000002,3060.0,9180.0,0.0,-0.0,0.0,-0.0,0.0,0.0,-0.0,0.0,26.0,4.313451478601067,0.0,-0.0,0.0,-0.0
TD_WINTER__H2_HIGH,TD_WINTER,H2_HIGH,22,120,6090.0,8775.0,19.5,0.0,-0.0,0.0,12833.292396213657,2166.7076037863426,2925.0,8775.0,0.0,-0.0,-0.0,0.0,0.0,3818.292396213657,73.42869992718572,53.92869992718572,0.0,58.242151405786785,0.0,-0.0,0.0,-0.0
TD_WINTER__H2_HIGH,TD_WINTER,H2_HIGH,23,120,5670.0,8505.0,19.5,0.0,-0.0,0.0,12452.5,1347.5,2835.0,8505.0,0.0,-0.0,129.20760378634176,0.0,122.74722359702467,3818.292396213657,73.42869992718572,53.92869992718572,0.0,112.17085133297249,0.0,-0.0,0.0,-0.0
TD_WINTER__EXTREME,TD_WINTER,EXTREME,0,120,6006.000000000001,9625.5,19.5,3582.792396213658,-0.0,0.0,9450.0,0.0,3208.5,9625.5,0.0,-0.0,0.0,0.0,122.74722359702467,3818.292396213657,73.42869992718572,53.92869992718572,0.0,166.0995512601582,0.0,-0.0,0.0,2321.291193506829
TD_WINTER__EXTREME,TD_WINTER,EXTREME,1,120,5775.000000000001,9470.25,19.5,2625.042396213658,-0.0,0.0,10125.0,0.0,3156.75,9470.25,0.0,-0.0,0.0,0.0,122.74722359702467,3818.292396213657,73.42869992718572,53.92869992718572,0.0,220.02825118734393,0.0,-0.0,0.0,1700.764968506829
TD_WINTER__EXTREME,TD_WINTER,EXTREME,2,120,5544.0,9315.0,19.5,1667.292396213657,-0.0,0.0,10800.0,0.0,3105.0,9315.0,0.0,-0.0,0.0,0.0,122.74722359702467,3818.292396213657,73.42869992718572,53.92869992718572,0.0,273.95695111452966,0.0,-0.0,0.0,1080.2387435068283
TD_WINTER__EXTREME,TD_WINTER,EXTREME,3,120,5428.5,9159.75,19.5,1179.2499999999986,-0.0,0.0,11250.0,0.0,3053.25,9159.75,0.0,-0.0,129.20760378634176,0.0,245.49444719404934,3818.292396213657,73.42869992718572,53.92869992718572,0.0,327.8856510417154,0.0,-0.0,0.0,764.0360749999992
TD_WINTER__EXTREME,TD_WINTER,EXTREME,4,120,5544.0,9004.5,26.0,0.0,-0.0,0.0,11700.0,0.0,3001.5,9004.5,0.0,-0.0,0.0,-0.0,245.49444719404934,3154.5,60.66346153846154,34.66346153846154,0.0,362.54911258017694,0.0,-0.0,0.0,-0.0
TD_WINTER__EXTREME,TD_WINTER,EXTREME,5,120,6006.000000000001,9315.0,32.5,0.0,141.39371021269793,0.0,11250.0,0.0,3105.0,9315.0,0.0,-0.0,0.0,0.0,245.49444719404934,2280.3937102126965,43.85372519639802,11.353725196398017,0.0,373.902837776575,0.0,-0.0,0.0,-0.0
TD_WINTER__EXTREME,TD_WINTER,EXTREME,6,120,7161.000000000001,10091.25,52.0,0.0,848.3622612761875,0.0,10350.0,0.0,3363.75,10091.25,0.0,-0.0,0.0,-0.0,245.49444719404934,673.6122612761865,12.954081947618972,0.0,39.045918052381026,334.856919724194,0.0,-0.0,0.0,-0.0
TD_WINTER__EXTREME,TD_WINTER,EXTREME,7,120,8085.000000000001,10867.5,65.0,198.63674302318844,2120.905653190469,0.0,9000.000000000002,0.0,3363.75,10091.25,776.25,86.0969387755102,0.0,129.20760378634174,109.48644320842646,0.0,-0.0,0.0,65.0,269.856919724194,0.0,-0.0,0.0,314.6661335598259
TD_WINTER__EXTREME,TD_WINTER,EXTREME,8,120,8778.0,10557.0,71.5,49.41084810280064,3888.3270308491933,0.0,8100.000000000001,0.0,3363.75,10091.25,465.75,51.658163265306115,0.0,104.01212104800514,0.0,0.0,-0.0,0.0,71.5,198.35691972419394,0.0,-0.0,0.0,143.59492113886574
TD_WINTER__EXTREME,TD_WINTER,EXTREME,9,120,9355.5,9315.0,71.5,0.0,5302.264132976172,0.0,7200.0,0.0,3105.0,9315.0,0.0,-0.0,0.0,-0.0,0.0,41.76413297617182,0.8031564033879197,0.0,70.69684359661208,127.66007612758186,0.0,-0.0,0.0,-0.0
TD_WINTER__EXTREME,TD_WINTER,EXTREME,10,120,9586.5,8073.0,58.5,0.0,6221.323249358709,0.0,6749.999999999999,0.0,2691.0,8073.0,0.0,-0.0,0.0,-0.0,0.0,693.8232493587084,13.342754795359777,0.0,45.15724520464022,82.50283092294164,0.0,-0.0,0.0,-0.0
TD_WINTER__EXTREME,TD_WINTER,EXTREME,11,120,9471.0,7451.999999999999,45.5,2757.0911611105043,6716.201235103151,0.0,6300.000000000001,0.0,2483.9999999999995,7451.999999999999,0.0,-0.0,-0.0,0.0,0.0,3818.292396213657,73.42869992718572,27.92869992718572,0.0,110.43153085012736,0.0,-0.0,0.0,1786.319363283496
TD_WINTER__EXTREME,TD_WINTER,EXTREME,12,120,9240.0,7141.499999999999,39.0,2326.07543664225,6362.716959571407,0.0,6749.999999999999,0.0,2380.4999999999995,7141.499999999999,0.0,-0.0,-0.0,0.0,0.0,3818.292396213657,73.42869992718572,34.42869992718572,0.0,144.86023077731306,0.0,-0.0,0.0,1507.064275400514
TD_WINTER__EXTREME,TD_WINTER,EXTREME,13,120,9124.5,7141.499999999999,39.0,2158.937697918439,5514.354698295218,0.0,7650.0,0.0,2380.4999999999995,7141.499999999999,0.0,-0.0,5.983517774821896e-14,0.0,5.684341886080802e-14,3818.292396213657,73.42869992718572,34.42869992718572,0.0,179.2889307044988,0.0,-0.0,0.0,1398.7757344813567
TD_WINTER__EXTREME,TD_WINTER,EXTREME,14,120,9240.0,7451.999999999999,45.5,3021.082403831758,4100.4175961682395,0.0,8550.000000000002,0.0,2483.9999999999995,7451.999999999999,0.0,-0.0,129.20760378634174,0.0,122.7472235970247,3818.292396213657,73.42869992718572,27.92869992718572,0.0,207.21763063168453,0.0,-0.0,0.0,1957.359289442596
TD_WINTER__EXTREME,TD_WINTER,EXTREME,15,120,9586.5,8073.0,52.0,4300.610071277785,2474.3899287222134,0.0,9450.0,0.0,2691.0,8073.0,0.0,-0.0,129.20760378634174,0.0,245.49444719404934,3818.292396213657,73.42869992718572,21.42869992718572,0.0,228.64633055887026,0.0,-0.0,0.0,2786.365265180877
TD_WINTER__EXTREME,TD_WINTER,EXTREME,16,120,9933.0,8849.25,65.0,4950.07802654982,848.3622612761875,0.0,9900.0,0.0,2949.75,8849.25,0.0,-0.0,0.0,-0.0,245.49444719404934,2815.6902878260066,54.14789015050013,0.0,10.852109849499868,217.7942207093704,0.0,-0.0,0.0,3207.1555534016284
TD_WINTER__EXTREME,TD_WINTER,EXTREME,17,120,10395.0,9936.0,78.0,2990.606289787302,141.39371021269793,0.0,10575.0,0.0,3312.0,9936.0,0.0,-0.0,0.0,0.0,245.49444719404934,0.0,-0.0,0.0,78.0,139.7942207093704,0.0,-0.0,0.0,1937.6138151531932
TD_WINTER__EXTREME,TD_WINTER,EXTREME,18,120,10164.0,10867.5,65.0,2148.5423962136583,-0.0,0.0,11250.0,0.0,3363.75,10091.25,776.25,86.0969387755102,0.0,129.20760378634174,109.48644320842646,0.0,-0.0,0.0,65.0,74.79422070937038,0.0,-0.0,0.0,1578.0100062619313
TD_WINTER__EXTREME,TD_WINTER,EXTREME,19,120,9471.0,11178.0,45.5,1030.7378789519948,-0.0,0.0,11700.0,0.0,3363.75,10091.25,1086.75,120.53571428571426,0.0,104.01212104800514,0.0,0.0,-0.0,0.0,45.5,29.29422070937038,0.0,-0.0,0.0,928.1722146301404
TD_WINTER__EXTREME,TD_WINTER,EXTREME,20,120,8547.0,10867.5,32.5,0.0,-0.0,0.0,12375.000000000002,0.0,3363.75,10091.25,776.25,86.0969387755102,0.0,0.0,-0.0,464.2500000000018,8.92788461538465,0.0,23.57211538461535,5.722105324755027,0.0,-0.0,0.0,185.96938775510205
TD_WINTER__EXTREME,TD_WINTER,EXTREME,21,120,7507.500000000001,10557.0,26.0,0.0,-0.0,0.0,12150.0,0.0,3363.75,10091.25,465.75,51.658163265306115,0.0,0.0,-0.0,1278.749999999999,24.59134615384614,0.0,1.408653846153861,4.313451478601166,0.0,-0.0,0.0,111.58163265306122
TD_WINTER__EXTREME,TD_WINTER,EXTREME,22,120,6699.000000000001,10091.25,19.5,2631.042396213658,-0.0,0.0,11250.0,0.0,3363.75,10091.25,0.0,-0.0,0.0,0.0,-0.0,3818.292396213657,73.42869992718572,53.92869992718572,0.0,58.242151405786885,0.0,-0.0,0.0,1704.652368506829
TD_WINTER__EXTREME,TD_WINTER,EXTREME,23,120,6237.000000000001,9780.75,19.5,3094.7499999999995,-0.0,0.0,10350.0,0.0,3260.25,9780.75,0.0,-0.0,129.20760378634176,0.0,122.74722359702467,3818.292396213657,73.42869992718572,53.92869992718572,0.0,112.17085133297249,0.0,-0.0,0.0,2005.088525
TD_TRANSITION__NORMAL,TD_TRANSITION,NORMAL,0,125,5200.0,5580.0,15.0,0.0,-0.0,0.0,7060.0,5540.0,1860.0,5580.0,0.0,-0.0,0.0,-0.0,122.74722359702467,0.0,-0.0,0.0,15.0,97.17085133297249,0.0,-0.0,-0.0,-0.0
TD_TRANSITION__NORMAL,TD_TRANSITION,NORMAL,1,125,5000.0,5490.0,15.0,0.0,-0.0,0.0,7303.9461458308015,6196.0538541691985,1830.0,5490.0,0.0,-0.0,0.0,0.0,122.74722359702467,473.94614583080113,9.114348958284637,0.0,5.885651041715363,91.28520029125713,0.0,-0.0,-0.0,-0.0
TD_TRANSITION__NORMAL,TD_TRANSITION,NORMAL,2,125,4800.0,5400.0,15.0,0.0,-0.0,0.0,6600.0,7800.0,1800.0,5400.0,0.0,-0.0,0.0,0.0,122.74722359702467,0.0,-0.0,0.0,15.0,76.28520029125713,0.0,-0.0,-0.0,-0.0
TD_TRANSITION__NORMAL,TD_TRANSITION,NORMAL,3,125,4700.0,5310.0,15.0,0.0,-0.0,0.0,6470.0,8530.0,1770.0,5310.0,0.0,-0.0,0.0,0.0,122.74722359702467,0.0,-0.0,0.0,15.0,61.28520029125713,0.0,-0.0,-0.0,-0.0
TD_TRANSITION__NORMAL,TD_TRANSITION,NORMAL,4,125,4800.0,5220.0,20.0,0.0,-0.0,0.0,10358.292396213657,5241.707603786343,1740.0,5220.0,0.0,-0.0,0.0,0.0,122.74722359702467,3818.292396213657,73.42869992718572,53.42869992718572,0.0,114.71390021844284,0.0,-0.0,-0.0,-0.0
TD_TRANSITION__NORMAL,TD_TRANSITION,NORMAL,5,125,5200.0,5400.0,25.0,0.0,0.0,201.9910145895685,7000.0,8000.0,1800.0,5400.0,0.0,-0.0,0.0,0.0,122.74722359702467,0.0,-0.0,0.0,25.0,89.71390021844284,0.0,-0.0,-0.0,-0.0
TD_TRANSITION__NORMAL,TD_TRANSITION,NORMAL,6,125,6200.0,5850.0,40.0,0.0,0.0,1211.946087537411,11968.292396213657,1831.7076037863426,1950.0,5850.0,0.0,-0.0,0.0,0.0,122.74722359702467,3818.292396213657,73.42869992718572,33.42869992718572,0.0,123.14260014562856,0.0,-0.0,-0.0,-0.0
TD_TRANSITION__NORMAL,TD_TRANSITION,NORMAL,7,125,7000.0,6300.0,50.0,0.0,3029.865218843527,0.0,9888.42717737013,2111.5728226298706,2100.0,6300.0,0.0,-0.0,0.0,0.0,122.74722359702467,3818.292396213657,73.42869992718572,23.42869992718572,0.0,146.57130007281427,0.0,-0.0,-0.0,-0.0
TD_TRANSITION__NORMAL,TD_TRANSITION,NORMAL,8,125,7600.0,6120.0,55.0,0.0,5554.752901213134,0.0,4085.2470987868664,6714.752901213134,2040.0,6120.0,0.0,-0.0,0.0,0.0,122.74722359702467,0.0,-0.0,0.0,55.0,91.57130007281428,0.0,-0.0,-0.0,-0.0
TD_TRANSITION__NORMAL,TD_TRANSITION,NORMAL,9,125,8100.0,5400.0,55.0,0.0,7574.663047108817,0.0,2325.3369528911826,7274.663047108817,1800.0,5400.0,0.0,-0.0,0.0,0.0,122.74722359702467,0.0,-0.0,0.0,55.0,36.57130007281428,0.0,-0.0,-0.0,-0.0
TD_TRANSITION__NORMAL,TD_TRANSITION,NORMAL,10,125,8300.0,4680.0,45.0,0.0,8887.604641941012,0.0,4790.687754272645,4209.312245727355,1560.0,4680.0,0.0,-0.0,0.0,0.0,122.74722359702467,3818.292396213657,73.42869992718572,28.42869992718572,0.0,65.0,0.0,-0.0,-0.0,-0.0
TD_TRANSITION__NORMAL,TD_TRANSITION,NORMAL,11,125,8200.0,4320.0,35.0,0.0,9594.573193004502,0.0,45.42680699549783,8354.573193004502,1440.0,4320.0,0.0,-0.0,0.0,0.0,122.74722359702467,0.0,-0.0,0.0,35.0,30.0,0.0,-0.0,-0.0,-0.0
TD_TRANSITION__NORMAL,TD_TRANSITION,NORMAL,12,125,8000.0,4140.0,30.0,0.0,9089.595656530582,0.0,290.40434346941765,8709.595656530582,1380.0,4140.0,0.0,-0.0,0.0,0.0,122.74722359702467,0.0,-0.0,0.0,30.0,0.0,0.0,-0.0,-0.0,-0.0
TD_TRANSITION__NORMAL,TD_TRANSITION,NORMAL,13,125,7900.0,4140.0,30.0,0.0,7877.649568993171,0.0,2962.3504310068292,7237.649568993171,1380.0,4140.0,0.0,-0.0,0.0,0.0,122.74722359702467,1560.0,30.0,0.0,-0.0,0.0,0.0,-0.0,-0.0,-0.0
TD_TRANSITION__NORMAL,TD_TRANSITION,NORMAL,14,125,8000.0,4320.0,35.0,0.0,0.0,5857.739423097485,11260.0,140.0,1440.0,4320.0,0.0,-0.0,0.0,0.0,122.74722359702467,1820.0,35.0,0.0,-0.0,0.0,0.0,-0.0,-0.0,-0.0
TD_TRANSITION__NORMAL,TD_TRANSITION,NORMAL,15,125,8300.0,4680.0,40.0,0.0,3534.8427553174483,0.0,10143.44964089621,2456.5503591037905,1560.0,4680.0,0.0,-0.0,0.0,0.0,122.74722359702467,3818.2923962136574,73.42869992718572,33.42869992718572,0.0,33.42869992718572,0.0,-0.0,-0.0,-0.0
TD_TRANSITION__NORMAL,TD_TRANSITION,NORMAL,16,125,8600.0,5130.0,50.0,0.0,1211.946087537411,0.0,9959.761516248931,3240.238483751069,1710.0,5130.0,0.0,-0.0,0.0,0.0,122.74722359702467,861.7076037863426,16.57130007281428,0.0,33.42869992718572,0.0,0.0,-0.0,-0.0,-0.0
TD_TRANSITION__NORMAL,TD_TRANSITION,NORMAL,17,125,9000.0,5760.0,60.0,0.0,0.0,201.9910145895685,14040.0,60.0,1920.0,5760.0,0.0,-0.0,0.0,0.0,122.74722359702467,3120.0,60.0,0.0,-0.0,0.0,0.0,-0.0,-0.0,-0.0
TD_TRANSITION__NORMAL,TD_TRANSITION,NORMAL,18,125,8800.0,6300.0,50.0,0.0,-0.0,0.0,14718.292396213657,281.7076037863426,2100.0,6300.0,0.0,-0.0,0.0,0.0,122.74722359702467,3818.2923962136574,73.42869992718572,23.42869992718572,0.0,23.42869992718572,0.0,-0.0,-0.0,-0.0
TD_TRANSITION__NORMAL,TD_TRANSITION,NORMAL,19,125,8200.0,6480.0,35.0,0.0,-0.0,0.0,10961.707603786343,4638.292396213657,2160.0,6480.0,0.0,-0.0,0.0,0.0,122.74722359702467,601.7076037863426,11.571300072814282,0.0,23.42869992718572,0.0,0.0,-0.0,-0.0,-0.0
TD_TRANSITION__NORMAL,TD_TRANSITION,NORMAL,20,125,7400.0,6300.0,25.0,0.0,-0.0,0.0,11840.0,4660.0,2100.0,6300.0,0.0,-0.0,0.0,0.0,122.74722359702467,2340.0,45.0,20.0,0.0,20.0,0.0,-0.0,-0.0,-0.0
TD_TRANSITION__NORMAL,TD_TRANSITION,NORMAL,21,125,6500.0,6120.0,20.0,0.0,-0.0,0.0,8540.0,7660.000000000002,2040.0,6120.0,0.0,-0.0,0.0,0.0,122.74722359702467,0.0,-0.0,0.0,20.0,0.0,0.0,-0.0,-0.0,-0.0
TD_TRANSITION__NORMAL,TD_TRANSITION,NORMAL,22,125,5800.0,5850.0,15.0,0.0,-0.0,0.0,11324.591873100911,3675.4081268990885,1950.0,5850.0,0.0,-0.0,0.0,0.0,122.74722359702467,3574.591873100912,68.74215140578677,53.74215140578677,0.0,53.74215140578677,0.0,-0.0,-0.0,-0.0
TD_TRANSITION__NORMAL,TD_TRANSITION,NORMAL,23,125,5400.0,5670.0,15.0,0.0,-0.0,0.0,11108.292396213657,2691.7076037863426,1890.0,5670.0,0.0,-0.0,0.0,0.0,122.74722359702467,3818.292396213657,73.42869992718572,58.42869992718572,0.0,112.17085133297249,0.0,-0.0,-0.0,-0.0
TD_TRANSITION__PV_LOW,TD_TRANSITION,PV_LOW,0,125,5200.0,5580.0,15.0,0.0,-0.0,0.0,10761.682533796484,1838.3174662035162,1860.0,5580.0,0.0,-0.0,0.0,116.60986241717345,-0.0,3818.292396213657,73.42869992718572,58.42869992718572,0.0,170.5995512601582,0.0,-0.0,0.0,-0.0
TD_TRANSITION__PV_LOW,TD_TRANSITION,PV_LOW,1,125,5000.0,5490.0,15.0,0.0,-0.0,0.0,6830.0,6670.0,1830.0,5490.0,0.0,-0.0,0.0,0.0,-0.0,0.0,-0.0,0.0,15.0,155.5995512601582,0.0,-0.0,0.0,-0.0
TD_TRANSITION__PV_LOW,TD_TRANSITION,PV_LOW,2,125,4800.0,5400.0,15.0,0.0,-0.0,0.0,6600.0,7800.0,1800.0,5400.0,0.0,-0.0,0.0,0.0,0.0,0.0,-0.0,0.0,15.0,140.5995512601582,0.0,-0.0,0.0,-0.0
TD_TRANSITION__PV_LOW,TD_TRANSITION,PV_LOW,3,125,4700.0,5310.0,15.0,0.0,-0.0,0.0,6483.958716198525,8516.041283801474,1770.0,5310.0,0.0,-0.0,13.958716198524458,0.0,13.260780388598235,0.0,-0.0,0.0,15.0,125.59955126015821,0.0,-0.0,0.0,-0.0
TD_TRANSITION__PV_LOW,TD_TRANSITION,PV_LOW,4,125,4800.0,5220.0,20.0,0.0,-0.0,0.0,9401.446145830801,6198.5538541691985,1740.0,5220.0,0.0,-0.0,129.20760378634174,0.0,136.00800398562288,2732.238542044459,52.54304888547037,32.54304888547037,0.0,158.14260014562853,0.0,-0.0,0.0,-0.0
TD_TRANSITION__PV_LOW,TD_TRANSITION,PV_LOW,5,125,5200.0,5400.0,25.0,5703.0499944068415,0.0,141.39371021269793,1167.7424018068164,13832.257598193184,1800.0,5400.0,0.0,-0.0,0.0,129.20760378634174,0.0,0.0,-0.0,0.0,25.0,133.14260014562853,0.0,-0.0,0.0,3695.0060913761927
TD_TRANSITION__PV_LOW,TD_TRANSITION,PV_LOW,6,125,6200.0,5850.0,40.0,0.0,848.3622612761875,0.0,7301.637738723813,6498.362261276187,1950.0,5850.0,0.0,-0.0,0.0,-0.0,0.0,0.0,-0.0,0.0,40.0,93.14260014562855,0.0,-0.0,0.0,-0.0
TD_TRANSITION__PV_LOW,TD_TRANSITION,PV_LOW,7,125,7000.0,6300.0,50.0,0.0,2120.905653190469,0.0,10926.59434680953,1073.4056531904698,2100.0,6300.0,0.0,-0.0,129.20760378634174,0.0,122.74722359702464,3818.292396213657,73.42869992718572,23.42869992718572,0.0,116.57130007281428,0.0,-0.0,0.0,-0.0
TD_TRANSITION__PV_LOW,TD_TRANSITION,PV_LOW,8,125,7600.0,6120.0,55.0,0.0,3888.3270308491933,0.0,5635.063106733633,5164.936893266367,2040.0,6120.0,0.0,-0.0,0.0,116.60986241717342,0.0,0.0,-0.0,0.0,55.0,61.57130007281428,0.0,-0.0,0.0,-0.0
TD_TRANSITION__PV_LOW,TD_TRANSITION,PV_LOW,9,125,8100.0,5400.0,55.0,0.0,5302.264132976172,0.0,4597.735867023828,5002.264132976172,1800.0,5400.0,0.0,-0.0,0.0,-0.0,0.0,0.0,-0.0,0.0,55.0,6.571300072814282,0.0,-0.0,0.0,-0.0
TD_TRANSITION__PV_LOW,TD_TRANSITION,PV_LOW,10,125,8300.0,4680.0,45.0,0.0,6221.323249358709,0.0,7456.969146854948,1543.0308531450519,1560.0,4680.0,0.0,-0.0,0.0,0.0,-0.0,3818.292396213657,73.42869992718572,28.42869992718572,0.0,35.0,0.0,-0.0,0.0,-0.0
TD_TRANSITION__PV_LOW,TD_TRANSITION,PV_LOW,11,125,8200.0,4320.0,35.0,0.0,6716.201235103151,0.0,2923.798764896849,5476.201235103151,1440.0,4320.0,0.0,-0.0,0.0,-0.0,0.0,0.0,-0.0,0.0,35.0,0.0,0.0,-0.0,0.0,-0.0
TD_TRANSITION__PV_LOW,TD_TRANSITION,PV_LOW,12,125,8000.0,4140.0,30.0,0.0,6362.716959571407,0.0,6137.283040428593,2862.7169595714067,1380.0,4140.0,0.0,-0.0,0.0,-0.0,-0.0,3120.0,60.0,30.0,0.0,30.0,0.0,-0.0,0.0,-0.0
TD_TRANSITION__PV_LOW,TD_TRANSITION,PV_LOW,13,125,7900.0,4140.0,30.0,0.0,5514.354698295218,0.0,3765.6453017047816,6434.354698295218,1380.0,4140.0,0.0,-0.0,0.0,0.0,0.0,0.0,-0.0,0.0,30.0,0.0,0.0,-0.0,0.0,-0.0
TD_TRANSITION__PV_LOW,TD_TRANSITION,PV_LOW,14,125,8000.0,4320.0,35.0,0.0,0.0,4100.4175961682395,11400.0,0.0,1440.0,4320.0,0.0,-0.0,0.0,-0.0,0.0,1960.0,37.69230769230769,2.6923076923076934,0.0,2.6923076923076934,0.0,-0.0,0.0,-0.0
TD_TRANSITION__PV_LOW,TD_TRANSITION,PV_LOW,15,125,8300.0,4680.0,40.0,0.0,0.0,2474.3899287222134,11800.0,800.0,1560.0,4680.0,0.0,-0.0,0.0,-0.0,0.0,1939.9999999999998,37.30769230769231,0.0,2.6923076923076934,0.0,0.0,-0.0,0.0,-0.0
TD_TRANSITION__PV_LOW,TD_TRANSITION,PV_LOW,16,125,8600.0,5130.0,50.0,0.0,0.0,848.3622612761875,13200.0,0.0,1710.0,5130.0,0.0,-0.0,0.0,-0.0,0.0,2890.0,55.57692307692308,5.57692307692308,0.0,5.57692307692308,0.0,-0.0,0.0,-0.0
TD_TRANSITION__PV_LOW,TD_TRANSITION,PV_LOW,17,125,9000.0,5760.0,60.0,0.0,0.0,141.39371021269793,13750.0,350.0,1920.0,5760.0,0.0,-0.0,0.0,-0.0,0.0,2829.9999999999995,54.42307692307692,0.0,5.57692307692308,0.0,0.0,-0.0,0.0,-0.0
TD_TRANSITION__PV_LOW,TD_TRANSITION,PV_LOW,18,125,8800.0,6300.0,50.0,0.0,-0.0,0.0,13841.707603786343,1158.2923962136574,2100.0,6300.0,0.0,-0.0,0.0,-0.0,0.0,2941.7076037863426,56.57130007281428,6.571300072814282,0.0,6.571300072814282,0.0,-0.0,0.0,-0.0
TD_TRANSITION__PV_LOW,TD_TRANSITION,PV_LOW,19,125,8200.0,6480.0,35.0,0.0,-0.0,0.0,14178.292396213657,1421.7076037863426,2160.0,6480.0,0.0,-0.0,0.0,-0.0,-0.0,3818.2923962136574,73.42869992718572,38.42869992718572,0.0,45.0,0.0,-0.0,0.0,-0.0
TD_TRANSITION__PV_LOW,TD_TRANSITION,PV_LOW,20,125,7400.0,6300.0,25.0,0.0,-0.0,0.0,9500.0,7000.0,2100.0,6300.0,0.0,-0.0,0.0,0.0,0.0,0.0,-0.0,0.0,25.0,20.0,0.0,-0.0,0.0,-0.0
TD_TRANSITION__PV_LOW,TD_TRANSITION,PV_LOW,21,125,6500.0,6120.0,20.0,0.0,-0.0,0.0,8540.0,7660.000000000002,2040.0,6120.0,0.0,-0.0,-0.0,0.0,0.0,0.0,-0.0,0.0,20.0,0.0,0.0,-0.0,0.0,-0.0
TD_TRANSITION__PV_LOW,TD_TRANSITION,PV_LOW,22,125,5800.0,5850.0,15.0,0.0,-0.0,0.0,11568.292396213657,3431.7076037863426,1950.0,5850.0,0.0,-0.0,-0.0,0.0,0.0,3818.292396213657,73.42869992718572,58.42869992718572,0.0,58.42869992718572,0.0,-0.0,0.0,-0.0
TD_TRANSITION__PV_LOW,TD_TRANSITION,PV_LOW,23,125,5400.0,5670.0,15.0,0.0,-0.0,0.0,10993.799476887254,2806.200523112746,1890.0,5670.0,0.0,-0.0,129.20760378634176,0.0,122.74722359702467,3574.591873100912,68.74215140578677,53.74215140578677,0.0,112.17085133297249,0.0,-0.0,0.0,-0.0
TD_TRANSITION__WIND_LOW,TD_TRANSITION,WIND_LOW,0,125,5200.0,5580.0,15.0,0.0,-0.0,0.0,6943.390137582826,2506.6098624171736,1860.0,5580.0,0.0,-0.0,0.0,116.60986241717345,0.0,0.0,-0.0,0.0,15.0,97.17085133297249,0.0,-0.0,0.0,-0.0
TD_TRANSITION__WIND_LOW,TD_TRANSITION,WIND_LOW,1,125,5000.0,5490.0,15.0,0.0,-0.0,0.0,6830.0,3295.0,1830.0,5490.0,0.0,-0.0,0.0,-0.0,0.0,0.0,-0.0,0.0,15.0,82.17085133297249,0.0,-0.0,0.0,-0.0
TD_TRANSITION__WIND_LOW,TD_TRANSITION,WIND_LOW,2,125,4800.0,5400.0,15.0,0.0,-0.0,0.0,6600.0,4200.0,1800.0,5400.0,0.0,-0.0,0.0,-0.0,0.0,0.0,-0.0,0.0,15.0,67.17085133297249,0.0,-0.0,0.0,-0.0
TD_TRANSITION__WIND_LOW,TD_TRANSITION,WIND_LOW,3,125,4700.0,5310.0,15.0,0.0,-0.0,0.0,10288.292396213657,961.7076037863426,1770.0,5310.0,0.0,-0.0,-0.0,0.0,0.0,3818.292396213657,73.42869992718572,58.42869992718572,0.0,125.59955126015821,0.0,-0.0,0.0,-0.0
TD_TRANSITION__WIND_LOW,TD_TRANSITION,WIND_LOW,4,125,4800.0,5220.0,20.0,0.0,-0.0,0.0,10358.292396213657,1341.7076037863426,1740.0,5220.0,0.0,-0.0,-0.0,0.0,0.0,3818.292396213657,73.42869992718572,53.42869992718572,0.0,179.02825118734393,0.0,-0.0,0.0,-0.0
TD_TRANSITION__WIND_LOW,TD_TRANSITION,WIND_LOW,5,125,5200.0,5400.0,25.0,0.0,0.0,201.9910145895685,8318.584850720705,2931.4151492792953,1800.0,5400.0,0.0,-0.0,0.0,-0.0,0.0,1318.5848507207052,25.35740097539818,0.3574009753981784,0.0,179.3856521627421,0.0,-0.0,0.0,-0.0
TD_TRANSITION__WIND_LOW,TD_TRANSITION,WIND_LOW,6,125,6200.0,5850.0,40.0,0.0,1211.946087537411,0.0,10350.0,0.0,1950.0,5850.0,0.0,-0.0,0.0,-0.0,0.0,3411.94608753741,65.6143478372579,25.614347837257895,0.0,205.0,0.0,-0.0,0.0,-0.0
TD_TRANSITION__WIND_LOW,TD_TRANSITION,WIND_LOW,7,125,7000.0,6300.0,50.0,0.0,3029.865218843527,0.0,6070.134781156473,2929.865218843529,2100.0,6300.0,0.0,-0.0,0.0,-0.0,0.0,0.0,-0.0,0.0,50.0,155.0,0.0,-0.0,0.0,-0.0
TD_TRANSITION__WIND_LOW,TD_TRANSITION,WIND_LOW,8,125,7600.0,6120.0,55.0,0.0,5554.752901213134,0.0,4085.2470987868664,4014.7529012131345,2040.0,6120.0,0.0,-0.0,0.0,-0.0,0.0,0.0,-0.0,0.0,55.0,100.0,0.0,-0.0,0.0,-0.0
TD_TRANSITION__WIND_LOW,TD_TRANSITION,WIND_LOW,9,125,8100.0,5400.0,55.0,0.0,7574.663047108817,0.0,2325.3369528911826,4874.663047108817,1800.0,5400.0,0.0,-0.0,0.0,-0.0,0.0,0.0,-0.0,0.0,55.0,45.0,0.0,-0.0,0.0,-0.0
TD_TRANSITION__WIND_LOW,TD_TRANSITION,WIND_LOW,10,125,8300.0,4680.0,45.0,0.0,8887.604641941012,0.0,972.3953580589878,5777.604641941011,1560.0,4680.0,0.0,-0.0,0.0,-0.0,0.0,0.0,-0.0,0.0,45.0,0.0,0.0,-0.0,0.0,-0.0
TD_TRANSITION__WIND_LOW,TD_TRANSITION,WIND_LOW,11,125,8200.0,4320.0,35.0,0.0,5248.33396850417,4346.239224500332,6300.000000000001,0.0,1440.0,4320.0,0.0,-0.0,0.0,-0.0,0.0,1908.3339685041703,36.69873016354174,1.6987301635417396,0.0,1.6987301635417396,0.0,-0.0,0.0,-0.0
TD_TRANSITION__WIND_LOW,TD_TRANSITION,WIND_LOW,12,125,8000.0,4140.0,30.0,0.0,6448.292396213658,2641.303260316924,6749.999999999999,0.0,1380.0,4140.0,0.0,-0.0,0.0,-0.0,0.0,3818.292396213657,73.42869992718572,43.42869992718572,0.0,45.12743009072746,0.0,-0.0,0.0,-0.0
TD_TRANSITION__WIND_LOW,TD_TRANSITION,WIND_LOW,13,125,7900.0,4140.0,30.0,0.0,7877.649568993171,0.0,5349.850431006828,2300.1495689931717,1380.0,4140.0,0.0,-0.0,129.20760378634174,0.0,122.74722359702464,3818.292396213657,73.42869992718572,43.42869992718572,0.0,88.55613001791318,0.0,-0.0,0.0,-0.0
TD_TRANSITION__WIND_LOW,TD_TRANSITION,WIND_LOW,14,125,8000.0,4320.0,35.0,0.0,5857.739423097485,0.0,7283.943110698999,1266.0568893010031,1440.0,4320.0,0.0,-0.0,0.0,116.60986241717342,0.0,3818.292396213657,73.42869992718572,38.42869992718572,0.0,126.9848299450989,0.0,-0.0,0.0,-0.0
TD_TRANSITION__WIND_LOW,TD_TRANSITION,WIND_LOW,15,125,8300.0,4680.0,40.0,0.0,3534.8427553174483,0.0,9450.0,0.0,1560.0,4680.0,0.0,-0.0,0.0,-0.0,0.0,3124.8427553174483,60.09312990995093,20.09312990995093,0.0,147.07795985504978,0.0,-0.0,0.0,-0.0
TD_TRANSITION__WIND_LOW,TD_TRANSITION,WIND_LOW,16,125,8600.0,5130.0,50.0,0.0,1211.946087537411,0.0,9900.0,0.0,1710.0,5130.0,0.0,-0.0,0.0,-0.0,0.0,801.9460875374108,15.42204014495021,0.0,34.57795985504979,112.5,0.0,-0.0,0.0,-0.0
TD_TRANSITION__WIND_LOW,TD_TRANSITION,WIND_LOW,17,125,9000.0,5760.0,60.0,345.0,0.0,201.9910145895685,10575.0,0.0,1920.0,5760.0,0.0,-0.0,0.0,-0.0,0.0,0.0,-0.0,0.0,60.0,52.5,0.0,-0.0,0.0,223.52550000000002
TD_TRANSITION__WIND_LOW,TD_TRANSITION,WIND_LOW,18,125,8800.0,6300.0,50.0,0.0,-0.0,0.0,11250.0,0.0,2100.0,6300.0,0.0,-0.0,0.0,-0.0,0.0,350.0,6.730769230769231,0.0,43.26923076923077,9.23076923076923,0.0,-0.0,0.0,-0.0
TD_TRANSITION__WIND_LOW,TD_TRANSITION,WIND_LOW,19,125,8200.0,6480.0,35.0,0.0,-0.0,0.0,11700.0,0.0,2160.0,6480.0,0.0,-0.0,0.0,-0.0,0.0,1340.0,25.76923076923077,0.0,9.23076923076923,0.0,0.0,-0.0,0.0,-0.0
TD_TRANSITION__WIND_LOW,TD_TRANSITION,WIND_LOW,20,125,7400.0,6300.0,25.0,0.0,-0.0,0.0,12375.000000000002,0.0,2100.0,6300.0,0.0,-0.0,0.0,-0.0,0.0,2875.000000000002,55.288461538461576,30.288461538461576,0.0,30.288461538461576,0.0,-0.0,0.0,-0.0
TD_TRANSITION__WIND_LOW,TD_TRANSITION,WIND_LOW,21,125,6500.0,6120.0,20.0,0.0,-0.0,0.0,12150.0,0.0,2040.0,6120.0,0.0,-0.0,0.0,0.0,0.0,3610.0,69.42307692307693,49.423076923076934,0.0,79.71153846153851,0.0,-0.0,0.0,-0.0
TD_TRANSITION__WIND_LOW,TD_TRANSITION,WIND_LOW,22,125,5800.0,5850.0,15.0,0.0,-0.0,0.0,10997.884269314567,252.11573068543294,1950.0,5850.0,0.0,-0.0,0.0,-0.0,0.0,3247.8842693145666,62.45931287143398,47.45931287143398,0.0,127.17085133297249,0.0,-0.0,0.0,-0.0
TD_TRANSITION__WIND_LOW,TD_TRANSITION,WIND_LOW,23,125,5400.0,5670.0,15.0,0.0,-0.0,0.0,7419.207603786342,2930.7923962136583,1890.0,5670.0,0.0,-0.0,129.20760378634176,0.0,122.74722359702467,0.0,-0.0,0.0,15.0,112.17085133297249,0.0,-0.0,0.0,-0.0
TD_TRANSITION__LOAD_HIGH,TD_TRANSITION,LOAD_HIGH,0,125,5720.000000000001,6138.000000000001,15.0,0.0,-0.0,0.0,7649.390137582827,4950.609862417173,2046.0000000000002,6138.000000000001,0.0,-0.0,0.0,116.60986241717345,0.0,0.0,-0.0,0.0,15.0,97.17085133297249,0.0,-0.0,-0.0,-0.0
TD_TRANSITION__LOAD_HIGH,TD_TRANSITION,LOAD_HIGH,1,125,5500.0,6039.000000000001,15.0,0.0,-0.0,0.0,7513.0,5987.0,2013.0000000000002,6039.000000000001,0.0,-0.0,0.0,-0.0,0.0,0.0,-0.0,0.0,15.0,82.17085133297249,0.0,-0.0,0.0,-0.0
TD_TRANSITION__LOAD_HIGH,TD_TRANSITION,LOAD_HIGH,2,125,5280.0,5940.000000000001,15.0,0.0,-0.0,0.0,9650.530938258116,4749.469061741884,1980.0000000000002,5940.000000000001,0.0,-0.0,-0.0,0.0,0.0,2390.530938258116,45.971748812656074,30.971748812656074,0.0,113.14260014562856,0.0,-0.0,0.0,-0.0
TD_TRANSITION__LOAD_HIGH,TD_TRANSITION,LOAD_HIGH,3,125,5170.0,5841.000000000001,15.0,0.0,-0.0,0.0,7117.0,7883.0,1947.0000000000002,5841.000000000001,0.0,-0.0,-0.0,0.0,0.0,0.0,-0.0,0.0,15.0,98.14260014562856,0.0,-0.0,0.0,-0.0
TD_TRANSITION__LOAD_HIGH,TD_TRANSITION,LOAD_HIGH,4,125,5280.0,5742.000000000001,20.0,0.0,-0.0,0.0,7194.0,8406.0,1914.0000000000002,5742.000000000001,0.0,-0.0,0.0,0.0,-0.0,0.0,-0.0,0.0,20.0,78.14260014562856,0.0,-0.0,0.0,-0.0
TD_TRANSITION__LOAD_HIGH,TD_TRANSITION,LOAD_HIGH,5,125,5720.000000000001,5940.000000000001,25.0,0.0,0.0,201.9910145895685,7700.000000000001,7299.999999999999,1980.0000000000002,5940.000000000001,0.0,-0.0,0.0,-0.0,0.0,0.0,-0.0,0.0,25.0,53.14260014562856,0.0,-0.0,0.0,-0.0
TD_TRANSITION__LOAD_HIGH,TD_TRANSITION,LOAD_HIGH,6,125,6820.000000000001,6435.000000000001,40.0,0.0,0.0,1211.946087537411,12783.292396213657,1016.7076037863426,2145.0000000000005,6435.000000000001,0.0,-0.0,0.0,-0.0,0.0,3818.292396213657,73.42869992718572,33.42869992718572,0.0,86.57130007281428,0.0,-0.0,0.0,-0.0
TD_TRANSITION__LOAD_HIGH,TD_TRANSITION,LOAD_HIGH,7,125,7700.000000000001,6930.000000000001,50.0,0.0,3029.865218843527,0.0,10798.42717737013,1201.5728226298706,2310.0000000000005,6930.000000000001,0.0,-0.0,0.0,0.0,-0.0,3818.292396213657,73.42869992718572,23.42869992718572,0.0,110.0,0.0,-0.0,0.0,-0.0
TD_TRANSITION__LOAD_HIGH,TD_TRANSITION,LOAD_HIGH,8,125,8360.0,6732.000000000001,55.0,0.0,5554.752901213134,0.0,5049.247098786866,5750.752901213134,2244.0000000000005,6732.000000000001,0.0,-0.0,0.0,-0.0,0.0,0.0,-0.0,0.0,55.0,55.0,0.0,-0.0,0.0,-0.0
TD_TRANSITION__LOAD_HIGH,TD_TRANSITION,LOAD_HIGH,9,125,8910.0,5940.000000000001,55.0,0.0,7574.663047108817,0.0,3315.3369528911826,6284.663047108817,1980.0000000000002,5940.000000000001,0.0,-0.0,0.0,-0.0,0.0,0.0,-0.0,0.0,55.0,0.0,0.0,-0.0,0.0,-0.0
TD_TRANSITION__LOAD_HIGH,TD_TRANSITION,LOAD_HIGH,10,125,9130.0,5148.0,45.0,0.0,5664.292396213657,3223.312245727355,9000.0,0.0,1716.0,5148.0,0.0,-0.0,0.0,0.0,-0.0,3818.2923962136574,73.42869992718572,28.42869992718572,0.0,28.42869992718572,0.0,-0.0,0.0,-0.0
TD_TRANSITION__LOAD_HIGH,TD_TRANSITION,LOAD_HIGH,11,125,9020.0,4752.0,35.0,0.0,9594.573193004502,0.0,2911.1344107818404,5488.86558921816,1584.0,4752.0,0.0,-0.0,0.0,0.0,-0.0,1901.7076037863426,36.57130007281428,1.5713000728142816,0.0,30.0,0.0,-0.0,0.0,-0.0
TD_TRANSITION__LOAD_HIGH,TD_TRANSITION,LOAD_HIGH,12,125,8800.0,4554.0,30.0,1228.4043434694177,9089.595656530582,0.0,0.0,9000.0,1518.0,4554.0,0.0,-0.0,0.0,-0.0,0.0,0.0,-0.0,0.0,30.0,0.0,0.0,-0.0,0.0,795.8831741338357
TD_TRANSITION__LOAD_HIGH,TD_TRANSITION,LOAD_HIGH,13,125,8690.0,4554.0,30.0,3890.3504310068292,7877.649568993171,0.0,0.0,10200.0,1518.0,4554.0,0.0,-0.0,0.0,-0.0,0.0,1560.0,30.0,0.0,-0.0,0.0,0.0,-0.0,0.0,2520.5580442493247
TD_TRANSITION__LOAD_HIGH,TD_TRANSITION,LOAD_HIGH,14,125,8800.0,4752.0,35.0,0.0,1714.761516248932,4142.977906848553,11400.0,0.0,1584.0,4752.0,0.0,-0.0,0.0,-0.0,0.0,2730.761516248932,52.51464454324869,17.514644543248693,0.0,17.514644543248693,0.0,-0.0,0.0,-0.0
TD_TRANSITION__LOAD_HIGH,TD_TRANSITION,LOAD_HIGH,15,125,9130.0,5148.0,40.0,0.0,2064.2923962136574,1470.550359103791,12600.0,0.0,1716.0,5148.0,0.0,-0.0,0.0,-0.0,0.0,3818.292396213657,73.42869992718572,33.42869992718572,0.0,50.94334447043441,0.0,-0.0,0.0,-0.0
TD_TRANSITION__LOAD_HIGH,TD_TRANSITION,LOAD_HIGH,16,125,9460.0,5643.000000000001,50.0,0.0,1211.946087537411,0.0,13200.0,0.0,1881.0000000000002,5643.000000000001,0.0,-0.0,0.0,0.0,-0.0,3070.9460875374107,59.05665552956559,9.056655529565589,0.0,60.0,0.0,-0.0,0.0,-0.0
TD_TRANSITION__LOAD_HIGH,TD_TRANSITION,LOAD_HIGH,17,125,9900.0,6336.000000000001,60.0,0.0,0.0,201.9910145895685,12012.0,2088.0,2112.0000000000005,6336.000000000001,0.0,-0.0,0.0,-0.0,0.0,0.0,-0.0,0.0,60.0,0.0,0.0,-0.0,0.0,-0.0
TD_TRANSITION__LOAD_HIGH,TD_TRANSITION,LOAD_HIGH,18,125,9680.0,6930.000000000001,50.0,0.0,-0.0,0.0,15000.0,0.0,2310.0000000000005,6930.000000000001,0.0,-0.0,0.0,-0.0,0.0,3010.0,57.88461538461539,7.884615384615387,0.0,7.884615384615387,0.0,-0.0,0.0,-0.0
TD_TRANSITION__LOAD_HIGH,TD_TRANSITION,LOAD_HIGH,19,125,9020.0,7128.000000000001,35.0,0.0,-0.0,0.0,12806.0,2794.0,2376.0000000000005,7128.000000000001,0.0,-0.0,0.0,-0.0,0.0,1409.9999999999998,27.115384615384613,0.0,7.884615384615387,0.0,0.0,-0.0,0.0,-0.0
TD_TRANSITION__LOAD_HIGH,TD_TRANSITION,LOAD_HIGH,20,125,8140.000000000001,6930.000000000001,25.0,0.0,-0.0,0.0,12546.299476887256,3953.700523112744,2310.0000000000005,6930.000000000001,0.0,-0.0,0.0,-0.0,0.0,2096.2994768872545,40.31345147860105,15.313451478601053,0.0,15.313451478601053,0.0,-0.0,0.0,-0.0
TD_TRANSITION__LOAD_HIGH,TD_TRANSITION,LOAD_HIGH,21,125,7150.000000000001,6732.000000000001,20.0,0.0,-0.0,0.0,13212.292396213657,2987.7076037863444,2244.0000000000005,6732.000000000001,0.0,-0.0,-0.0,0.0,0.0,3818.292396213657,73.42869992718572,53.42869992718572,0.0,68.74215140578677,0.0,-0.0,0.0,-0.0
TD_TRANSITION__LOAD_HIGH,TD_TRANSITION,LOAD_HIGH,22,125,6380.000000000001,6435.000000000001,15.0,0.0,-0.0,0.0,8525.0,6475.0,2145.0000000000005,6435.000000000001,0.0,-0.0,0.0,-0.0,0.0,0.0,-0.0,0.0,15.0,53.74215140578677,0.0,-0.0,0.0,-0.0
TD_TRANSITION__LOAD_HIGH,TD_TRANSITION,LOAD_HIGH,23,125,5940.000000000001,6237.000000000001,15.0,0.0,-0.0,0.0,11966.500000000002,1833.4999999999982,2079.0000000000005,6237.000000000001,0.0,-0.0,129.20760378634176,0.0,122.74722359702467,3818.292396213657,73.42869992718572,58.42869992718572,0.0,112.17085133297249,0.0,-0.0,0.0,-0.0
TD_TRANSITION__H2_HIGH,TD_TRANSITION,H2_HIGH,0,125,5200.0,5580.0,19.5,0.0,-0.0,0.0,7060.0,5540.0,1860.0,5580.0,0.0,-0.0,0.0,0.0,122.74722359702467,0.0,-0.0,0.0,19.5,92.67085133297249,0.0,-0.0,0.0,-0.0
TD_TRANSITION__H2_HIGH,TD_TRANSITION,H2_HIGH,1,125,5000.0,5490.0,19.5,0.0,-0.0,0.0,6713.390137582826,6786.609862417174,1830.0,5490.0,0.0,-0.0,0.0,116.60986241717345,0.0,0.0,-0.0,0.0,19.5,73.17085133297249,0.0,-0.0,0.0,-0.0
TD_TRANSITION__H2_HIGH,TD_TRANSITION,H2_HIGH,2,125,4800.0,5400.0,19.5,0.0,-0.0,0.0,6600.0,7800.0,1800.0,5400.0,0.0,-0.0,-0.0,0.0,0.0,0.0,-0.0,0.0,19.5,53.67085133297249,0.0,-0.0,0.0,-0.0
TD_TRANSITION__H2_HIGH,TD_TRANSITION,H2_HIGH,3,125,4700.0,5310.0,19.5,0.0,-0.0,0.0,10302.251112412181,4697.748887587819,1770.0,5310.0,0.0,-0.0,13.958716198524458,0.0,13.260780388598235,3818.292396213657,73.42869992718572,53.92869992718572,0.0,107.59955126015821,0.0,-0.0,0.0,-0.0
TD_TRANSITION__H2_HIGH,TD_TRANSITION,H2_HIGH,4,125,4800.0,5220.0,26.0,0.0,-0.0,0.0,10487.5,5112.5,1740.0,5220.0,0.0,-0.0,129.20760378634174,0.0,136.00800398562288,3818.292396213657,73.42869992718572,47.42869992718572,0.0,155.02825118734393,0.0,-0.0,0.0,-0.0
TD_TRANSITION__H2_HIGH,TD_TRANSITION,H2_HIGH,5,125,5200.0,5400.0,32.5,1968.283568480294,0.0,201.9910145895685,4902.508827733364,10097.491172266637,1800.0,5400.0,0.0,-0.0,0.0,129.20760378634174,0.0,0.0,-0.0,0.0,32.5,122.52825118734393,0.0,-0.0,0.0,1275.2509240183824
TD_TRANSITION__H2_HIGH,TD_TRANSITION,H2_HIGH,6,125,6200.0,5850.0,52.0,0.0,1211.946087537411,0.0,10756.346308676246,3043.653691323754,1950.0,5850.0,0.0,-0.0,0.0,-0.0,0.0,3818.292396213657,73.42869992718572,21.42869992718572,0.0,143.95695111452966,0.0,-0.0,0.0,-0.0
TD_TRANSITION__H2_HIGH,TD_TRANSITION,H2_HIGH,7,125,7000.0,6300.0,65.0,0.0,3029.865218843527,0.0,9888.42717737013,2111.5728226298706,2100.0,6300.0,0.0,-0.0,0.0,0.0,-0.0,3818.292396213657,73.42869992718572,8.428699927185718,0.0,152.3856510417154,0.0,-0.0,0.0,-0.0
TD_TRANSITION__H2_HIGH,TD_TRANSITION,H2_HIGH,8,125,7600.0,6120.0,71.5,0.0,2658.2923962136574,2896.460504999476,10800.0,0.0,2040.0,6120.0,0.0,-0.0,0.0,0.0,-0.0,3818.292396213657,73.42869992718572,1.9286999271857184,0.0,154.3143509689011,0.0,-0.0,0.0,-0.0
TD_TRANSITION__H2_HIGH,TD_TRANSITION,H2_HIGH,9,125,8100.0,5400.0,71.5,0.0,7574.663047108817,0.0,2325.3369528911826,7274.663047108817,1800.0,5400.0,0.0,-0.0,0.0,-0.0,0.0,0.0,-0.0,0.0,71.5,82.8143509689011,0.0,-0.0,0.0,-0.0
TD_TRANSITION__H2_HIGH,TD_TRANSITION,H2_HIGH,10,125,8300.0,4680.0,58.5,0.0,8887.604641941012,0.0,972.3953580589878,8027.604641941012,1560.0,4680.0,0.0,-0.0,0.0,-0.0,0.0,0.0,-0.0,0.0,58.5,24.314350968901095,0.0,-0.0,0.0,-0.0
TD_TRANSITION__H2_HIGH,TD_TRANSITION,H2_HIGH,11,125,8200.0,4320.0,45.5,0.0,9594.573193004502,0.0,1147.080556612641,7252.919443387359,1440.0,4320.0,0.0,-0.0,0.0,-0.0,0.0,1101.653749617143,21.185649031098905,0.0,24.314350968901095,0.0,0.0,-0.0,0.0,-0.0
TD_TRANSITION__H2_HIGH,TD_TRANSITION,H2_HIGH,12,125,8000.0,4140.0,39.0,0.0,9089.595656530582,0.0,4108.696739683075,4891.303260316925,1380.0,4140.0,0.0,-0.0,0.0,-0.0,0.0,3818.2923962136574,73.42869992718572,34.42869992718572,0.0,34.42869992718572,0.0,-0.0,0.0,-0.0
TD_TRANSITION__H2_HIGH,TD_TRANSITION,H2_HIGH,13,125,7900.0,4140.0,39.0,1640.0580347931718,7877.649568993171,0.0,0.0,10200.0,1380.0,4140.0,0.0,-0.0,0.0,-0.0,0.0,237.70760378634264,4.571300072814282,0.0,34.42869992718572,0.0,0.0,-0.0,0.0,1062.5936007424962
TD_TRANSITION__H2_HIGH,TD_TRANSITION,H2_HIGH,14,125,8000.0,4320.0,45.5,0.0,5857.739423097485,0.0,5948.260576902515,5451.739423097485,1440.0,4320.0,0.0,-0.0,-0.0,0.0,0.0,2366.0,45.5,0.0,-0.0,0.0,0.0,-0.0,0.0,-0.0
TD_TRANSITION__H2_HIGH,TD_TRANSITION,H2_HIGH,15,125,8300.0,4680.0,52.0,0.0,3534.8427553174483,0.0,10143.44964089621,2456.5503591037905,1560.0,4680.0,0.0,-0.0,0.0,-0.0,0.0,3818.292396213657,73.42869992718572,21.42869992718572,0.0,21.42869992718572,0.0,-0.0,0.0,-0.0
TD_TRANSITION__H2_HIGH,TD_TRANSITION,H2_HIGH,16,125,8600.0,5130.0,65.0,0.0,1211.946087537411,0.0,12916.346308676246,283.6536913237542,1710.0,5130.0,0.0,-0.0,0.0,-0.0,0.0,3818.292396213657,73.42869992718572,8.428699927185718,0.0,29.857399854371437,0.0,-0.0,0.0,-0.0
TD_TRANSITION__H2_HIGH,TD_TRANSITION,H2_HIGH,17,125,9000.0,5760.0,78.0,0.0,0.0,201.9910145895685,13423.415207572685,676.5847924273148,1920.0,5760.0,0.0,-0.0,0.0,-0.0,0.0,2503.415207572685,48.14260014562856,0.0,29.857399854371437,0.0,0.0,-0.0,0.0,-0.0
TD_TRANSITION__H2_HIGH,TD_TRANSITION,H2_HIGH,18,125,8800.0,6300.0,65.0,0.0,-0.0,0.0,14718.292396213657,281.7076037863426,2100.0,6300.0,0.0,-0.0,0.0,0.0,-0.0,3818.2923962136574,73.42869992718572,8.428699927185718,0.0,8.428699927185718,0.0,-0.0,0.0,-0.0
TD_TRANSITION__H2_HIGH,TD_TRANSITION,H2_HIGH,19,125,8200.0,6480.0,45.5,0.0,-0.0,0.0,12287.707603786343,3312.2923962136574,2160.0,6480.0,0.0,-0.0,0.0,-0.0,0.0,1927.7076037863426,37.07130007281428,0.0,8.428699927185718,0.0,0.0,-0.0,0.0,-0.0
TD_TRANSITION__H2_HIGH,TD_TRANSITION,H2_HIGH,20,125,7400.0,6300.0,32.5,0.0,-0.0,0.0,12766.299476887256,3733.700523112744,2100.0,6300.0,0.0,-0.0,-0.0,0.0,0.0,3266.2994768872554,62.81345147860107,30.313451478601067,0.0,30.313451478601067,0.0,-0.0,0.0,-0.0
TD_TRANSITION__H2_HIGH,TD_TRANSITION,H2_HIGH,21,125,6500.0,6120.0,26.0,0.0,-0.0,0.0,12358.292396213657,3841.7076037863444,2040.0,6120.0,0.0,-0.0,-0.0,0.0,0.0,3818.292396213657,73.42869992718572,47.42869992718572,0.0,77.74215140578679,0.0,-0.0,0.0,-0.0
TD_TRANSITION__H2_HIGH,TD_TRANSITION,H2_HIGH,22,125,5800.0,5850.0,19.5,0.0,-0.0,0.0,11568.292396213657,3431.7076037863426,1950.0,5850.0,0.0,-0.0,-0.0,0.0,0.0,3818.292396213657,73.42869992718572,53.92869992718572,0.0,131.6708513329725,0.0,-0.0,0.0,-0.0
TD_TRANSITION__H2_HIGH,TD_TRANSITION,H2_HIGH,23,125,5400.0,5670.0,19.5,0.0,-0.0,0.0,7419.207603786342,6380.792396213658,1890.0,5670.0,0.0,-0.0,129.20760378634176,0.0,122.74722359702467,0.0,-0.0,0.0,19.5,112.17085133297249,0.0,-0.0,0.0,-0.0
TD_TRANSITION__EXTREME,TD_TRANSITION,EXTREME,0,125,5720.000000000001,6416.999999999999,19.5,0.0,-0.0,0.0,9450.0,0.0,2138.9999999999995,6416.999999999999,0.0,-0.0,0.0,116.60986241717345,0.0,1707.6098624171727,32.83865120033025,13.338651200330247,0.0,125.50950253330274,0.0,-0.0,0.0,-0.0
TD_TRANSITION__EXTREME,TD_TRANSITION,EXTREME,1,125,5500.0,6313.499999999999,19.5,0.0,-0.0,0.0,10125.0,0.0,2104.4999999999995,6313.499999999999,0.0,-0.0,0.0,-0.0,0.0,2520.5000000000005,48.47115384615386,28.97115384615386,0.0,154.4806563794566,0.0,-0.0,0.0,-0.0
TD_TRANSITION__EXTREME,TD_TRANSITION,EXTREME,2,125,5280.0,6209.999999999999,19.5,0.0,-0.0,0.0,10800.0,0.0,2069.9999999999995,6209.999999999999,0.0,-0.0,0.0,-0.0,0.0,3450.0000000000005,66.34615384615385,46.846153846153854,0.0,201.32681022561044,0.0,-0.0,0.0,-0.0
TD_TRANSITION__EXTREME,TD_TRANSITION,EXTREME,3,125,5170.0,6106.499999999999,19.5,0.0,0.0,-0.0,11153.0,97.0,2035.4999999999998,6106.499999999999,0.0,-0.0,129.20760378634174,0.0,122.74722359702464,3818.292396213657,73.42869992718572,53.92869992718572,0.0,255.25551015279615,0.0,-0.0,0.0,-0.0
TD_TRANSITION__EXTREME,TD_TRANSITION,EXTREME,4,125,5280.0,6002.999999999999,26.0,0.0,0.0,-0.0,11228.5,471.5,2000.9999999999998,6002.999999999999,0.0,-0.0,129.20760378634174,0.0,245.49444719404934,3818.292396213657,73.42869992718572,47.42869992718572,0.0,302.6842100799819,0.0,-0.0,0.0,-0.0
TD_TRANSITION__EXTREME,TD_TRANSITION,EXTREME,5,125,5720.000000000001,6209.999999999999,32.5,0.0,141.39371021269793,0.0,11250.0,0.0,2069.9999999999995,6209.999999999999,0.0,-0.0,0.0,-0.0,245.49444719404934,3601.393710212697,69.25757135024418,36.75757135024418,0.0,339.44178143022606,0.0,-0.0,0.0,-0.0
TD_TRANSITION__EXTREME,TD_TRANSITION,EXTREME,6,125,6820.000000000001,6727.499999999999,52.0,0.0,848.3622612761875,0.0,10350.0,0.0,2242.4999999999995,6727.499999999999,0.0,-0.0,0.0,0.0,245.49444719404934,2135.862261276187,41.07427425531129,0.0,10.925725744688712,328.51605568553737,0.0,-0.0,0.0,-0.0
TD_TRANSITION__EXTREME,TD_TRANSITION,EXTREME,7,125,7700.000000000001,7244.999999999999,65.0,0.0,2120.905653190469,0.0,9000.000000000002,0.0,2414.9999999999995,7244.999999999999,0.0,-0.0,0.0,0.0,245.49444719404934,1005.9056531904702,19.34433948443212,0.0,45.65566051556788,282.8603951699695,0.0,-0.0,0.0,-0.0
TD_TRANSITION__EXTREME,TD_TRANSITION,EXTREME,8,125,8360.0,7037.999999999999,71.5,0.0,3888.3270308491933,0.0,8100.000000000001,0.0,2345.9999999999995,7037.999999999999,0.0,-0.0,0.0,0.0,245.49444719404934,1282.3270308491947,24.66013520863836,0.0,46.83986479136164,236.02053037860784,0.0,-0.0,0.0,-0.0
TD_TRANSITION__EXTREME,TD_TRANSITION,EXTREME,9,125,8910.0,6209.999999999999,71.5,0.0,5302.264132976172,0.0,7200.0,0.0,2069.9999999999995,6209.999999999999,0.0,-0.0,0.0,0.0,245.49444719404934,1522.264132976172,29.274310249541774,0.0,42.22568975045823,193.79484062814961,0.0,-0.0,0.0,-0.0
TD_TRANSITION__EXTREME,TD_TRANSITION,EXTREME,10,125,9130.0,5382.0,58.5,0.0,6221.323249358709,0.0,6749.999999999999,0.0,1794.0,5382.0,0.0,-0.0,0.0,0.0,245.49444719404934,2047.3232493587082,39.37160094920593,0.0,19.128399050794073,174.66644157735556,0.0,-0.0,0.0,-0.0
TD_TRANSITION__EXTREME,TD_TRANSITION,EXTREME,11,125,9020.0,4968.0,45.5,0.0,6716.201235103151,0.0,6300.000000000001,0.0,1656.0,4968.0,0.0,-0.0,0.0,0.0,245.49444719404934,2340.2012351031512,45.00386990582984,0.0,0.4961300941701623,174.1703114831854,0.0,-0.0,0.0,-0.0
TD_TRANSITION__EXTREME,TD_TRANSITION,EXTREME,12,125,8800.0,4761.0,39.0,1092.5754366422511,6362.716959571407,0.0,6749.999999999999,0.0,1587.0,4761.0,0.0,-0.0,0.0,0.0,245.49444719404934,3818.292396213657,73.42869992718572,34.42869992718572,0.0,208.59901141037113,0.0,-0.0,0.0,707.8796254005146
TD_TRANSITION__EXTREME,TD_TRANSITION,EXTREME,13,125,8690.0,4761.0,39.0,407.0037890390813,5514.354698295218,0.0,7650.0,0.0,1587.0,4761.0,0.0,-0.0,0.0,0.0,245.49444719404934,3294.3584873342998,63.35304783335192,24.353047833351923,0.0,232.95205924372303,0.0,-0.0,0.0,263.6977549184208
TD_TRANSITION__EXTREME,TD_TRANSITION,EXTREME,14,125,8800.0,4968.0,45.5,1623.8748000454157,4100.4175961682395,0.0,8550.000000000002,0.0,1656.0,4968.0,0.0,-0.0,0.0,0.0,245.49444719404934,3818.292396213657,73.42869992718572,27.92869992718572,0.0,260.88075917090873,0.0,-0.0,0.0,1052.1084829494248
TD_TRANSITION__EXTREME,TD_TRANSITION,EXTREME,15,125,9130.0,5382.0,52.0,2817.902467491444,2474.3899287222134,0.0,9450.0,0.0,1794.0,5382.0,0.0,-0.0,-0.0,0.0,245.49444719404934,3818.292396213657,73.42869992718572,21.42869992718572,0.0,282.3094590980944,0.0,-0.0,0.0,1825.7190086877067
TD_TRANSITION__EXTREME,TD_TRANSITION,EXTREME,16,125,9460.0,5899.499999999999,65.0,574.1256176758069,848.3622612761875,0.0,9900.0,0.0,1966.4999999999998,5899.499999999999,0.0,-0.0,0.0,104.01212104800514,136.00800398562288,0.0,-0.0,0.0,65.0,217.30945909809444,0.0,-0.0,0.0,371.9759876921553
TD_TRANSITION__EXTREME,TD_TRANSITION,EXTREME,17,125,9900.0,6623.999999999999,78.0,1391.6062897873016,141.39371021269793,0.0,10575.0,0.0,2207.9999999999995,6623.999999999999,0.0,-0.0,0.0,0.0,136.00800398562288,0.0,-0.0,0.0,78.0,139.30945909809444,0.0,-0.0,0.0,901.6217151531928
TD_TRANSITION__EXTREME,TD_TRANSITION,EXTREME,18,125,9680.0,7244.999999999999,65.0,715.7923962136579,-0.0,0.0,11250.0,0.0,2414.9999999999995,7244.999999999999,0.0,-0.0,0.0,129.20760378634174,0.0,0.0,-0.0,0.0,65.0,74.30945909809444,0.0,-0.0,0.0,463.7618935068289
TD_TRANSITION__EXTREME,TD_TRANSITION,EXTREME,19,125,9020.0,7451.999999999999,45.5,0.0,-0.0,0.0,11700.0,0.0,2483.9999999999995,7451.999999999999,0.0,-0.0,0.0,0.0,-0.0,196.00000000000045,3.769230769230778,0.0,41.73076923076922,32.57868986732521,0.0,-0.0,0.0,-0.0
TD_TRANSITION__EXTREME,TD_TRANSITION,EXTREME,20,125,8140.000000000001,7244.999999999999,32.5,0.0,-0.0,0.0,12375.000000000002,0.0,2414.9999999999995,7244.999999999999,0.0,-0.0,0.0,0.0,-0.0,1820.0000000000014,35.00000000000003,2.5000000000000284,0.0,35.07868986732524,0.0,-0.0,0.0,-0.0
TD_TRANSITION__EXTREME,TD_TRANSITION,EXTREME,21,125,7150.000000000001,7037.999999999999,26.0,0.0,-0.0,0.0,12150.0,0.0,2345.9999999999995,7037.999999999999,0.0,-0.0,0.0,0.0,-0.0,2653.9999999999995,51.03846153846153,25.038461538461533,0.0,60.11715140578677,0.0,-0.0,0.0,-0.0
TD_TRANSITION__EXTREME,TD_TRANSITION,EXTREME,22,125,6380.000000000001,6727.499999999999,19.5,0.0,-0.0,0.0,11250.0,0.0,2242.4999999999995,6727.499999999999,0.0,-0.0,0.0,0.0,-0.0,2627.4999999999995,50.528846153846146,31.028846153846146,0.0,91.14599755963292,0.0,-0.0,0.0,-0.0
TD_TRANSITION__EXTREME,TD_TRANSITION,EXTREME,23,125,5940.000000000001,6520.499999999999,19.5,0.0,-0.0,0.0,10350.0,0.0,2173.4999999999995,6520.499999999999,0.0,-0.0,129.20760378634176,0.0,122.74722359702467,2107.2923962136574,40.52485377333957,21.024853773339572,0.0,112.17085133297249,0.0,-0.0,0.0,-0.0
