stochastic_day_id,typical_day_id,uncertainty_case_id,hour,weight_days,electric_load_kw,heat_load_kw,hydrogen_load_kg,grid_buy_kw,pv_used_kw,pv_curtail_kw,wind_used_kw,wind_curtail_kw,heat_pump_power_kw,heat_pump_heat_kw,gas_boiler_heat_kw,gas_consumption_m3,battery_charge_kw,battery_discharge_kw,battery_soc_kwh,electrolyzer_power_kw,h2_production_kg,h2_charge_kg,h2_discharge_kg,h2_storage_kg,h2_external_supply_kg,h2_fuel_cell_kg,fuel_cell_power_kw,carbon_emission_kg
TD_SUMMER__NORMAL,TD_SUMMER,NORMAL,0,60.0,5979.999999999999,3720.0,15.0,0.0,0.0,-0.0,9629.45028308905,0.0,1240.0,3720.0,0.0,-0.0,0.0,0.0,260.6428935355731,2409.4502830890515,46.335582367097146,31.335582367097146,0.0,153.69666236758377,0.0,-0.0,-0.0,-0.0
TD_SUMMER__NORMAL,TD_SUMMER,NORMAL,1,60.0,5750.0,3660.0,15.0,0.0,0.0,-0.0,6970.0,3347.268160452555,1220.0,3660.0,0.0,-0.0,0.0,0.0,260.6428935355731,0.0,-0.0,0.0,15.0,138.69666236758377,0.0,-0.0,-0.0,-0.0
TD_SUMMER__NORMAL,TD_SUMMER,NORMAL,2,60.0,5520.0,3600.0,15.0,0.0,0.0,-0.0,7073.426916130908,3931.6591216851502,1200.0,3600.0,0.0,-0.0,0.0,0.0,260.6428935355731,353.4269161309078,6.796671464055919,0.0,8.203328535944081,130.4933338316397,0.0,-0.0,-0.0,-0.0
TD_SUMMER__NORMAL,TD_SUMMER,NORMAL,3,60.0,5405.0,3540.0,15.0,0.0,0.0,-0.0,6585.0,4878.6312893917275,1180.0,3540.0,0.0,-0.0,0.0,0.0,260.6428935355731,0.0,-0.0,0.0,15.0,115.4933338316397,0.0,-0.0,-0.0,-0.0
TD_SUMMER__NORMAL,TD_SUMMER,NORMAL,4,60.0,5520.0,3480.0,20.0,0.0,0.0,-0.0,10110.337223733028,1811.8393172343694,1160.0,3480.0,0.0,-0.0,0.0,0.0,260.6428935355731,3430.337223733028,65.96802353332747,45.96802353332747,0.0,161.46135736496717,0.0,-0.0,-0.0,-0.0
TD_SUMMER__NORMAL,TD_SUMMER,NORMAL,5,60.0,5979.999999999999,3600.0,25.0,0.0,0.0,129.58543646495346,10610.337223733028,853.2940656586998,1200.0,3600.0,0.0,-0.0,0.0,0.0,260.6428935355731,3430.337223733028,65.96802353332747,40.96802353332747,0.0,202.42938089829462,0.0,-0.0,-0.0,-0.0
TD_SUMMER__NORMAL,TD_SUMMER,NORMAL,6,60.0,7129.999999999999,3900.0,40.0,0.0,0.0,777.5126187897207,10546.54078624039,0.0,1300.0,3900.0,0.0,-0.0,0.0,0.0,260.6428935355731,2116.54078624039,40.702707427699806,0.7027074276998064,0.0,203.13208832599443,0.0,-0.0,-0.0,-0.0
TD_SUMMER__NORMAL,TD_SUMMER,NORMAL,7,60.0,8049.999999999999,4200.0,50.0,0.0,1943.7815469743018,0.0,9170.905031513383,0.0,1400.0,4200.0,0.0,-0.0,0.0,0.0,260.6428935355731,1664.6865784876845,32.01320343245548,0.0,17.986796567544523,185.1452917584499,0.0,-0.0,-0.0,-0.0
TD_SUMMER__NORMAL,TD_SUMMER,NORMAL,8,60.0,8740.0,4080.0,55.0,0.0,3563.5995027862205,0.0,8253.814528362043,0.0,1360.0,4080.0,0.0,-0.0,0.0,0.0,260.6428935355731,1717.4140311482638,33.02719290669738,0.0,21.97280709330262,163.1724846651473,0.0,-0.0,-0.0,-0.0
TD_SUMMER__NORMAL,TD_SUMMER,NORMAL,9,60.0,9315.0,3600.0,55.0,0.0,4859.453867435755,0.0,7336.724025210706,0.0,1200.0,3600.0,0.0,-0.0,0.0,0.0,260.6428935355731,1681.1778926464604,32.33034408935501,0.0,22.66965591064499,140.5028287545023,0.0,-0.0,-0.0,-0.0
TD_SUMMER__NORMAL,TD_SUMMER,NORMAL,10,60.0,9545.0,3120.0,45.0,0.0,5701.759204457952,0.0,6878.178773635036,0.0,1040.0,3120.0,0.0,-0.0,0.0,0.0,260.6428935355731,1994.9379780929885,38.364191886403624,0.0,6.635808113596376,133.86702064090593,0.0,-0.0,-0.0,-0.0
TD_SUMMER__NORMAL,TD_SUMMER,NORMAL,11,60.0,9430.0,2880.0,35.0,0.0,6155.308232085289,0.0,6419.633522059368,0.0,960.0,2880.0,0.0,-0.0,0.0,0.0,260.6428935355731,2184.9417541446574,42.018110656628025,7.018110656628025,0.0,140.88513129753397,0.0,-0.0,-0.0,-0.0
TD_SUMMER__NORMAL,TD_SUMMER,NORMAL,12,60.0,9200.0,2760.0,30.0,0.0,5831.3446409229055,0.0,6878.178773635036,0.0,920.0,2760.0,0.0,-0.0,0.0,0.0,260.6428935355731,2589.5234145579416,49.79852720303734,19.798527203037338,0.0,160.6836585005713,0.0,-0.0,-0.0,-0.0
TD_SUMMER__NORMAL,TD_SUMMER,NORMAL,13,60.0,9085.0,2760.0,30.0,0.0,5053.832022133185,0.0,7795.2692767863755,0.0,920.0,2760.0,0.0,-0.0,0.0,0.0,260.6428935355731,2844.1012989195606,54.69425574845309,24.694255748453088,0.0,185.3779142490244,0.0,-0.0,-0.0,-0.0
TD_SUMMER__NORMAL,TD_SUMMER,NORMAL,14,60.0,9200.0,2880.0,35.0,0.0,3757.97765748365,0.0,8712.359779937713,0.0,960.0,2880.0,0.0,-0.0,0.0,0.0,260.6428935355731,2310.337437421363,44.429566104256985,9.429566104256985,0.0,194.8074803532814,0.0,-0.0,-0.0,-0.0
TD_SUMMER__NORMAL,TD_SUMMER,NORMAL,15,60.0,9545.0,3120.0,40.0,0.0,2267.7451381366855,0.0,9629.45028308905,0.0,1040.0,3120.0,0.0,-0.0,274.36094056376544,0.0,521.2857870711503,1037.8344806619707,19.958355397345592,0.0,20.041644602654408,174.765835750627,0.0,-0.0,-0.0,-0.0
TD_SUMMER__NORMAL,TD_SUMMER,NORMAL,16,60.0,9890.0,3420.0,50.0,0.0,777.5126187897207,0.0,10087.99553466472,0.0,1140.0,3420.0,0.0,-0.0,0.0,164.49184654555904,348.13647491793023,0.0,-0.0,0.0,50.0,124.76583575062698,0.0,-0.0,-0.0,-0.0
TD_SUMMER__NORMAL,TD_SUMMER,NORMAL,17,60.0,10350.0,3840.0,60.0,450.2402109430619,129.58543646495346,0.0,10775.813412028223,0.0,1280.0,3840.0,0.0,-0.0,0.0,274.3609405637612,59.33548485081318,0.0,-0.0,0.0,60.0,64.76583575062698,0.0,-0.0,-0.0,291.71063267000983
TD_SUMMER__NORMAL,TD_SUMMER,NORMAL,18,60.0,10120.0,4200.0,50.0,0.0,-0.0,0.0,11463.631289391727,0.0,1400.0,4200.0,0.0,-0.0,0.0,56.36871060827252,0.0,0.0,-0.0,0.0,50.0,14.765835750626977,0.0,-0.0,-0.0,-0.0
TD_SUMMER__NORMAL,TD_SUMMER,NORMAL,19,60.0,9430.0,4320.0,35.0,0.0,0.0,-0.0,11922.176540967397,0.0,1440.0,4320.0,0.0,-0.0,0.0,0.0,-0.0,1052.1765409673972,20.234164249373023,0.0,14.765835750626977,0.0,0.0,-0.0,-0.0,-0.0
TD_SUMMER__NORMAL,TD_SUMMER,NORMAL,20,60.0,8510.0,4200.0,25.0,0.0,0.0,-0.0,12609.994418330902,0.0,1400.0,4200.0,0.0,-0.0,0.0,0.0,-0.0,2699.9944183309017,51.92296958328657,26.922969583286573,0.0,26.922969583286573,0.0,-0.0,-0.0,-0.0
TD_SUMMER__NORMAL,TD_SUMMER,NORMAL,21,60.0,7474.999999999999,4080.0,20.0,0.0,0.0,-0.0,12265.337223733028,115.38456881003913,1360.0,4080.0,0.0,-0.0,-0.0,0.0,0.0,3430.337223733028,65.96802353332747,45.96802353332747,0.0,72.89099311661404,0.0,-0.0,-0.0,-0.0
TD_SUMMER__NORMAL,TD_SUMMER,NORMAL,22,60.0,6669.999999999999,3900.0,15.0,0.0,0.0,-0.0,9300.264672284742,2163.3666171069854,1300.0,3900.0,0.0,-0.0,0.0,0.0,-0.0,1330.264672284744,25.58201292855277,10.582012928552771,0.0,83.47300604516681,0.0,-0.0,-0.0,-0.0
TD_SUMMER__NORMAL,TD_SUMMER,NORMAL,23,60.0,6209.999999999999,3780.0,15.0,0.0,0.0,-0.0,10546.54078624039,0.0,1260.0,3780.0,0.0,-0.0,274.3609405637612,0.0,260.6428935355731,2802.17984567663,53.88807395531981,38.88807395531981,0.0,122.36108000048662,0.0,-0.0,-0.0,-0.0
TD_SUMMER__PV_LOW,TD_SUMMER,PV_LOW,0,14.399999999999999,5979.999999999999,3720.0,15.0,0.0,-0.0,0.0,9629.45028308905,0.0,1240.0,3720.0,0.0,-0.0,0.0,247.61074885879444,-0.0,2657.061031947847,51.0973275374586,36.0973275374586,0.0,158.45840753794522,0.0,-0.0,0.0,-0.0
TD_SUMMER__PV_LOW,TD_SUMMER,PV_LOW,1,14.399999999999999,5750.0,3660.0,15.0,0.0,-0.0,0.0,10317.268160452555,0.0,1220.0,3660.0,0.0,-0.0,0.0,0.0,0.0,3347.268160452555,64.37054154716452,49.37054154716452,0.0,207.82894908510974,0.0,-0.0,0.0,-0.0
TD_SUMMER__PV_LOW,TD_SUMMER,PV_LOW,2,14.399999999999999,5520.0,3600.0,15.0,0.0,0.0,-0.0,10150.337223733028,854.7488140830301,1200.0,3600.0,0.0,-0.0,0.0,0.0,-0.0,3430.337223733028,65.96802353332747,50.96802353332747,0.0,258.7969726184372,0.0,-0.0,0.0,-0.0
TD_SUMMER__PV_LOW,TD_SUMMER,PV_LOW,3,14.399999999999999,5405.0,3540.0,15.0,0.0,0.0,-0.0,10015.337223733028,1448.2940656586998,1180.0,3540.0,0.0,-0.0,-0.0,0.0,-0.0,3430.337223733028,65.96802353332747,50.96802353332747,0.0,309.7649961517647,0.0,-0.0,0.0,-0.0
TD_SUMMER__PV_LOW,TD_SUMMER,PV_LOW,4,14.399999999999999,5520.0,3480.0,20.0,0.0,0.0,-0.0,10384.69816429679,1537.4783766706078,1160.0,3480.0,0.0,-0.0,274.3609405637612,0.0,260.6428935355731,3430.337223733028,65.96802353332747,45.96802353332747,0.0,355.7330196850922,0.0,-0.0,0.0,-0.0
TD_SUMMER__PV_LOW,TD_SUMMER,PV_LOW,5,14.399999999999999,5979.999999999999,3600.0,25.0,0.0,0.0,90.7098055254674,10884.69816429679,578.9331250949381,1200.0,3600.0,0.0,-0.0,274.3609405637612,0.0,521.2857870711462,3430.337223733028,65.96802353332747,40.96802353332747,0.0,396.70104321841967,0.0,-0.0,0.0,-0.0
TD_SUMMER__PV_LOW,TD_SUMMER,PV_LOW,6,14.399999999999999,7129.999999999999,3900.0,40.0,0.0,544.2588331528044,0.0,10546.54078624039,0.0,1300.0,3900.0,0.0,-0.0,0.0,-0.0,521.2857870711462,2660.7996193931926,51.169223449869094,11.169223449869094,0.0,407.87026666828876,0.0,-0.0,0.0,-0.0
TD_SUMMER__PV_LOW,TD_SUMMER,PV_LOW,7,14.399999999999999,8049.999999999999,4200.0,50.0,0.0,1360.6470828820113,0.0,9170.905031513383,0.0,1400.0,4200.0,0.0,-0.0,0.0,-0.0,521.2857870711462,1081.552114395394,20.79907912298835,0.0,29.20092087701165,378.6693457912771,0.0,-0.0,0.0,-0.0
TD_SUMMER__PV_LOW,TD_SUMMER,PV_LOW,8,14.399999999999999,8740.0,4080.0,55.0,0.0,2494.5196519503543,0.0,8253.814528362043,0.0,1360.0,4080.0,0.0,-0.0,0.0,0.0,521.2857870711462,648.3341803123976,12.467965006007647,0.0,42.532034993992355,336.1373107972848,0.0,-0.0,0.0,-0.0
TD_SUMMER__PV_LOW,TD_SUMMER,PV_LOW,9,14.399999999999999,9315.0,3600.0,55.0,0.0,3401.6177072050277,0.0,7336.724025210706,0.0,1200.0,3600.0,0.0,-0.0,0.0,0.0,521.2857870711462,223.34173241573353,4.295033315687183,0.0,50.704966684312815,285.432344112972,0.0,-0.0,0.0,-0.0
TD_SUMMER__PV_LOW,TD_SUMMER,PV_LOW,10,14.399999999999999,9545.0,3120.0,45.0,0.0,3991.2314431205664,0.0,6878.178773635036,0.0,1040.0,3120.0,0.0,-0.0,0.0,0.0,521.2857870711462,284.4102167556025,5.469427245300048,0.0,39.53057275469995,245.90177135827201,0.0,-0.0,0.0,-0.0
TD_SUMMER__PV_LOW,TD_SUMMER,PV_LOW,11,14.399999999999999,9430.0,2880.0,35.0,0.0,4308.715762459702,0.0,6419.633522059368,0.0,960.0,2880.0,0.0,-0.0,0.0,0.0,521.2857870711462,338.34928451907035,6.506717009982123,0.0,28.493282990017878,217.40848836825413,0.0,-0.0,0.0,-0.0
TD_SUMMER__PV_LOW,TD_SUMMER,PV_LOW,12,14.399999999999999,9200.0,2760.0,30.0,0.0,4081.9412486460337,0.0,6878.178773635036,0.0,920.0,2760.0,0.0,-0.0,0.0,0.0,521.2857870711462,840.1200222810699,16.15615427463596,0.0,13.84384572536404,203.56464264289008,0.0,-0.0,0.0,-0.0
TD_SUMMER__PV_LOW,TD_SUMMER,PV_LOW,13,14.399999999999999,9085.0,2760.0,30.0,0.0,3537.6824154932287,0.0,7795.2692767863755,0.0,920.0,2760.0,0.0,-0.0,0.0,0.0,521.2857870711462,1327.9516922796042,25.537532543838545,0.0,4.4624674561614555,199.10217518672863,0.0,-0.0,0.0,-0.0
TD_SUMMER__PV_LOW,TD_SUMMER,PV_LOW,14,14.399999999999999,9200.0,2880.0,35.0,0.0,2630.584360238555,0.0,8712.359779937713,0.0,960.0,2880.0,0.0,-0.0,0.0,0.0,521.2857870711462,1182.9441401762679,22.748925772620538,0.0,12.251074227379462,186.85110095934917,0.0,-0.0,0.0,-0.0
TD_SUMMER__PV_LOW,TD_SUMMER,PV_LOW,15,14.399999999999999,9545.0,3120.0,40.0,819.6943293617164,1587.4215966956797,0.0,9629.45028308905,0.0,1040.0,3120.0,0.0,-0.0,-0.0,0.0,521.2857870711462,1451.5662091464467,27.914734791277823,0.0,12.085265208722177,174.765835750627,0.0,-0.0,0.0,531.0799559934561
TD_SUMMER__PV_LOW,TD_SUMMER,PV_LOW,16,14.399999999999999,9890.0,3420.0,50.0,123.38469161871365,544.2588331528044,0.0,10087.99553466472,0.0,1140.0,3420.0,0.0,-0.0,0.0,274.3609405637612,232.48479700402913,0.0,-0.0,0.0,50.0,124.76583575062698,0.0,-0.0,0.0,79.94094169976458
TD_SUMMER__PV_LOW,TD_SUMMER,PV_LOW,17,14.399999999999999,10350.0,3840.0,60.0,598.9849359007545,90.7098055254674,0.0,10775.813412028223,0.0,1280.0,3840.0,0.0,-0.0,0.0,164.49184654555518,59.33548485081318,0.0,-0.0,0.0,60.0,64.76583575062698,0.0,-0.0,0.0,388.0823399700989
TD_SUMMER__PV_LOW,TD_SUMMER,PV_LOW,18,14.399999999999999,10120.0,4200.0,50.0,0.0,-0.0,0.0,11463.631289391727,0.0,1400.0,4200.0,0.0,-0.0,0.0,56.36871060827252,0.0,0.0,-0.0,0.0,50.0,14.765835750626977,0.0,-0.0,0.0,-0.0
TD_SUMMER__PV_LOW,TD_SUMMER,PV_LOW,19,14.399999999999999,9430.0,4320.0,35.0,0.0,-0.0,0.0,11922.176540967397,0.0,1440.0,4320.0,0.0,-0.0,-0.0,0.0,0.0,1052.1765409673972,20.234164249373023,0.0,14.765835750626977,0.0,0.0,-0.0,0.0,-0.0
TD_SUMMER__PV_LOW,TD_SUMMER,PV_LOW,20,14.399999999999999,8510.0,4200.0,25.0,0.0,0.0,-0.0,12609.994418330902,0.0,1400.0,4200.0,0.0,-0.0,-0.0,0.0,0.0,2699.9944183309017,51.92296958328657,26.922969583286573,0.0,26.922969583286573,0.0,-0.0,-0.0,-0.0
TD_SUMMER__PV_LOW,TD_SUMMER,PV_LOW,21,14.399999999999999,7474.999999999999,4080.0,20.0,0.0,0.0,-0.0,12265.337223733028,115.38456881003913,1360.0,4080.0,0.0,-0.0,-0.0,0.0,0.0,3430.337223733028,65.96802353332747,45.96802353332747,0.0,72.89099311661404,0.0,-0.0,-0.0,-0.0
TD_SUMMER__PV_LOW,TD_SUMMER,PV_LOW,22,14.399999999999999,6669.999999999999,3900.0,15.0,0.0,0.0,-0.0,9300.264672284742,2163.3666171069854,1300.0,3900.0,0.0,-0.0,-0.0,0.0,0.0,1330.264672284744,25.58201292855277,10.582012928552771,0.0,83.47300604516681,0.0,-0.0,-0.0,-0.0
TD_SUMMER__PV_LOW,TD_SUMMER,PV_LOW,23,14.399999999999999,6209.999999999999,3780.0,15.0,0.0,0.0,-0.0,10546.54078624039,0.0,1260.0,3780.0,0.0,-0.0,274.3609405637612,0.0,260.6428935355731,2802.17984567663,53.88807395531981,38.88807395531981,0.0,122.36108000048662,0.0,-0.0,-0.0,-0.0
TD_SUMMER__WIND_LOW,TD_SUMMER,WIND_LOW,0,14.399999999999999,5979.999999999999,3720.0,15.0,3428.2495114162393,-0.0,0.0,7222.087712316788,0.0,1240.0,3720.0,0.0,-0.0,0.0,0.0,260.6428935355731,3430.337223733028,65.96802353332747,50.96802353332747,0.0,173.32910353381408,0.0,-0.0,0.0,2221.1628584465816
TD_SUMMER__WIND_LOW,TD_SUMMER,WIND_LOW,1,14.399999999999999,5750.0,3660.0,15.0,2662.386103393611,-0.0,0.0,7737.951120339417,0.0,1220.0,3660.0,0.0,-0.0,0.0,0.0,260.6428935355731,3430.337223733028,65.96802353332747,50.96802353332747,0.0,224.29712706714156,0.0,-0.0,0.0,1724.9599563887207
TD_SUMMER__WIND_LOW,TD_SUMMER,WIND_LOW,2,14.399999999999999,5520.0,3600.0,15.0,1896.5226953709844,-0.0,0.0,8253.814528362043,0.0,1200.0,3600.0,0.0,-0.0,0.0,0.0,260.6428935355731,3430.337223733028,65.96802353332747,50.96802353332747,0.0,275.26515060046904,0.0,-0.0,0.0,1228.757054330861
TD_SUMMER__WIND_LOW,TD_SUMMER,WIND_LOW,3,14.399999999999999,5405.0,3540.0,15.0,1691.9746972529933,-0.0,0.0,8597.723467043796,0.0,1180.0,3540.0,0.0,-0.0,274.3609405637612,0.0,521.2857870711462,3430.337223733028,65.96802353332747,50.96802353332747,0.0,326.2331741337965,0.0,-0.0,0.0,1096.2304063502145
TD_SUMMER__WIND_LOW,TD_SUMMER,WIND_LOW,4,14.399999999999999,5520.0,3480.0,20.0,0.0,-0.0,0.0,8941.632405725548,0.0,1160.0,3480.0,0.0,-0.0,0.0,220.8605571538277,288.800990067117,2482.492962879375,47.74024928614183,27.740249286141832,0.0,353.97342341993834,0.0,-0.0,0.0,-0.0
TD_SUMMER__WIND_LOW,TD_SUMMER,WIND_LOW,5,14.399999999999999,5979.999999999999,3600.0,25.0,0.0,129.58543646495346,0.0,8597.723467043796,0.0,1200.0,3600.0,0.0,-0.0,0.0,0.0,288.800990067117,1547.30890350875,29.755940452091348,4.755940452091348,0.0,358.7293638720297,0.0,-0.0,0.0,-0.0
TD_SUMMER__WIND_LOW,TD_SUMMER,WIND_LOW,6,14.399999999999999,7129.999999999999,3900.0,40.0,0.0,777.5126187897207,0.0,7909.905589680293,0.0,1300.0,3900.0,0.0,-0.0,0.0,0.0,288.800990067117,257.4182084700136,4.950350162884877,0.0,35.049649837115126,323.6797140349146,0.0,-0.0,0.0,-0.0
TD_SUMMER__WIND_LOW,TD_SUMMER,WIND_LOW,7,14.399999999999999,8049.999999999999,4200.0,50.0,353.67873882689855,1943.7815469743018,0.0,6878.178773635038,0.0,1400.0,4200.0,0.0,-0.0,0.0,274.3609405637612,0.0,0.0,-0.0,0.0,50.0,273.6797140349146,0.0,-0.0,0.0,229.1484548859476
TD_SUMMER__WIND_LOW,TD_SUMMER,WIND_LOW,8,14.399999999999999,8740.0,4080.0,55.0,346.0396009422461,3563.5995027862205,0.0,6190.360896271533,0.0,1360.0,4080.0,0.0,-0.0,0.0,-0.0,-0.0,0.0,-0.0,0.0,55.0,218.67971403491458,0.0,-0.0,0.0,224.19905745048126
TD_SUMMER__WIND_LOW,TD_SUMMER,WIND_LOW,9,14.399999999999999,9315.0,3600.0,55.0,153.00311365621656,4859.453867435755,0.0,5502.543018908029,0.0,1200.0,3600.0,0.0,-0.0,0.0,0.0,-0.0,0.0,-0.0,0.0,55.0,163.67971403491458,0.0,-0.0,0.0,99.1307173378627
TD_SUMMER__WIND_LOW,TD_SUMMER,WIND_LOW,10,14.399999999999999,9545.0,3120.0,45.0,0.0,5701.759204457952,0.0,5158.634080226277,0.0,1040.0,3120.0,0.0,-0.0,0.0,0.0,0.0,275.393284684229,5.296024705465943,0.0,39.70397529453406,123.97573874038052,0.0,-0.0,0.0,-0.0
TD_SUMMER__WIND_LOW,TD_SUMMER,WIND_LOW,11,14.399999999999999,9430.0,2880.0,35.0,2850.3038501032124,6155.308232085289,0.0,4814.725141544526,0.0,960.0,2880.0,0.0,-0.0,0.0,0.0,-0.0,3430.337223733028,65.96802353332747,30.968023533327468,0.0,154.943762273708,0.0,-0.0,0.0,1846.7118644818713
TD_SUMMER__WIND_LOW,TD_SUMMER,WIND_LOW,12,14.399999999999999,9200.0,2760.0,30.0,2560.3585025838456,5831.3446409229055,0.0,5158.634080226277,0.0,920.0,2760.0,0.0,-0.0,-0.0,0.0,0.0,3430.337223733028,65.96802353332747,35.96802353332747,0.0,190.91178580703547,0.0,-0.0,0.0,1658.8562738240737
TD_SUMMER__WIND_LOW,TD_SUMMER,WIND_LOW,13,14.399999999999999,9085.0,2760.0,30.0,2535.0532440100615,5053.832022133185,0.0,5846.451957589781,0.0,920.0,2760.0,0.0,-0.0,-0.0,0.0,-0.0,3430.337223733028,65.96802353332747,35.96802353332747,0.0,226.87980934036295,0.0,-0.0,0.0,1642.460996794119
TD_SUMMER__WIND_LOW,TD_SUMMER,WIND_LOW,14,14.399999999999999,9200.0,2880.0,35.0,3572.4506718598536,3757.97765748365,0.0,6534.269834953286,0.0,960.0,2880.0,0.0,-0.0,274.3609405637612,0.0,260.6428935355731,3430.337223733028,65.96802353332747,30.968023533327468,0.0,257.84783287369044,0.0,-0.0,0.0,2314.5907902979993
TD_SUMMER__WIND_LOW,TD_SUMMER,WIND_LOW,15,14.399999999999999,9545.0,3120.0,40.0,4799.865313843316,2267.7451381366855,0.0,7222.087712316788,0.0,1040.0,3120.0,0.0,-0.0,274.3609405637612,0.0,521.2857870711462,3430.337223733028,65.96802353332747,25.968023533327468,0.0,283.8158564070179,0.0,-0.0,0.0,3109.832736839084
TD_SUMMER__WIND_LOW,TD_SUMMER,WIND_LOW,16,14.399999999999999,9890.0,3420.0,50.0,2686.4907302117385,777.5126187897207,0.0,7565.996650998541,0.0,1140.0,3420.0,0.0,-0.0,0.0,-0.0,521.2857870711462,0.0,-0.0,0.0,50.0,233.81585640701792,0.0,-0.0,0.0,1740.5773441041854
TD_SUMMER__WIND_LOW,TD_SUMMER,WIND_LOW,17,14.399999999999999,10350.0,3840.0,60.0,3418.5545045138792,129.58543646495346,0.0,8081.860059021167,0.0,1280.0,3840.0,0.0,-0.0,0.0,0.0,521.2857870711462,0.0,-0.0,0.0,60.0,173.81585640701792,0.0,-0.0,0.0,2214.8814634745427
TD_SUMMER__WIND_LOW,TD_SUMMER,WIND_LOW,18,14.399999999999999,10120.0,4200.0,50.0,2647.9155923924427,-0.0,0.0,8597.723467043796,0.0,1400.0,4200.0,0.0,-0.0,0.0,274.3609405637612,232.48479700402913,0.0,-0.0,0.0,50.0,123.81585640701792,0.0,-0.0,0.0,1715.5845123110637
TD_SUMMER__WIND_LOW,TD_SUMMER,WIND_LOW,19,14.399999999999999,9430.0,4320.0,35.0,1707.5070371206243,-0.0,0.0,8941.632405725548,0.0,1440.0,4320.0,0.0,-0.0,0.0,220.8605571538277,0.0,0.0,-0.0,0.0,35.0,88.81585640701792,0.0,-0.0,0.0,1106.2938093504526
TD_SUMMER__WIND_LOW,TD_SUMMER,WIND_LOW,20,14.399999999999999,8510.0,4200.0,25.0,452.50418625182465,-0.0,0.0,9457.495813748175,0.0,1400.0,4200.0,0.0,-0.0,0.0,-0.0,0.0,0.0,-0.0,0.0,25.0,63.81585640701792,0.0,-0.0,0.0,293.1774622725572
TD_SUMMER__WIND_LOW,TD_SUMMER,WIND_LOW,21,14.399999999999999,7474.999999999999,4080.0,20.0,0.0,-0.0,0.0,9285.5413444073,0.0,1360.0,4080.0,0.0,-0.0,0.0,0.0,-0.0,450.54134440730013,8.66425662321731,0.0,11.33574337678269,52.48011303023523,0.0,-0.0,0.0,-0.0
TD_SUMMER__WIND_LOW,TD_SUMMER,WIND_LOW,22,14.399999999999999,6669.999999999999,3900.0,15.0,3076.9746972529933,-0.0,0.0,8597.723467043796,0.0,1300.0,3900.0,0.0,-0.0,274.3609405637612,0.0,260.6428935355731,3430.337223733028,65.96802353332747,50.96802353332747,0.0,103.4481365635627,0.0,-0.0,0.0,1993.5719063502145
TD_SUMMER__WIND_LOW,TD_SUMMER,WIND_LOW,23,14.399999999999999,6209.999999999999,3780.0,15.0,1323.5674690397502,-0.0,0.0,7909.905589680293,0.0,1260.0,3780.0,0.0,-0.0,0.0,0.0,260.6428935355731,1763.473058720044,33.912943436923925,18.912943436923925,0.0,122.36108000048662,0.0,-0.0,0.0,857.5393631908543
TD_SUMMER__LOAD_HIGH,TD_SUMMER,LOAD_HIGH,0,12.0,6577.999999999999,4092.0000000000005,15.0,0.0,-0.0,0.0,9629.45028308905,0.0,1364.0000000000002,4092.0000000000005,0.0,-0.0,0.0,247.61074885879444,0.0,1935.0610319478455,37.21271215284319,22.21271215284319,0.0,144.5737921533298,0.0,-0.0,0.0,-0.0
TD_SUMMER__LOAD_HIGH,TD_SUMMER,LOAD_HIGH,1,12.0,6325.000000000001,4026.0000000000005,15.0,0.0,-0.0,0.0,10317.268160452555,0.0,1342.0000000000002,4026.0000000000005,0.0,-0.0,0.0,-0.0,0.0,2650.268160452554,50.96669539331835,35.96669539331835,0.0,180.54048754664817,0.0,-0.0,0.0,-0.0
TD_SUMMER__LOAD_HIGH,TD_SUMMER,LOAD_HIGH,2,12.0,6072.000000000001,3960.0000000000005,15.0,0.0,0.0,-0.0,10822.33722373303,182.74881408302826,1320.0000000000002,3960.0000000000005,0.0,-0.0,0.0,0.0,-0.0,3430.337223733028,65.96802353332747,50.96802353332747,0.0,231.50851107997562,0.0,-0.0,0.0,-0.0
TD_SUMMER__LOAD_HIGH,TD_SUMMER,LOAD_HIGH,3,12.0,5945.500000000001,3894.0000000000005,15.0,0.0,0.0,-0.0,10683.318662173138,780.3126272185891,1298.0000000000002,3894.0000000000005,0.0,-0.0,9.48143844010797,0.0,9.007366518102572,3430.337223733028,65.96802353332747,50.96802353332747,0.0,282.4765346133031,0.0,-0.0,0.0,-0.0
TD_SUMMER__LOAD_HIGH,TD_SUMMER,LOAD_HIGH,4,12.0,6072.000000000001,3828.0000000000005,20.0,0.0,0.0,-0.0,11052.698164296791,869.4783766706059,1276.0000000000002,3828.0000000000005,0.0,-0.0,274.3609405637612,0.0,269.65026005367565,3430.337223733028,65.96802353332747,45.96802353332747,0.0,328.4445581466306,0.0,-0.0,0.0,-0.0
TD_SUMMER__LOAD_HIGH,TD_SUMMER,LOAD_HIGH,5,12.0,6577.999999999999,3960.0000000000005,25.0,0.0,129.58543646495346,0.0,11463.631289391727,0.0,1320.0000000000002,3960.0000000000005,0.0,-0.0,264.8795021236532,0.0,521.2857870711462,3430.337223733028,65.96802353332747,40.96802353332747,0.0,369.41258167995807,0.0,-0.0,0.0,-0.0
TD_SUMMER__LOAD_HIGH,TD_SUMMER,LOAD_HIGH,6,12.0,7843.0,4290.0,40.0,0.0,777.5126187897207,0.0,10546.54078624039,0.0,1430.0,4290.0,0.0,-0.0,0.0,-0.0,521.2857870711462,2051.0534050301108,39.44333471211752,0.0,0.5566652878824812,368.8559163920756,0.0,-0.0,0.0,-0.0
TD_SUMMER__LOAD_HIGH,TD_SUMMER,LOAD_HIGH,7,12.0,8855.0,4620.0,50.0,0.0,1943.7815469743018,0.0,9170.905031513383,0.0,1540.0,4620.0,0.0,-0.0,0.0,0.0,521.2857870711462,719.6865784876845,13.84012650937855,0.0,36.15987349062145,332.6960429014541,0.0,-0.0,0.0,-0.0
TD_SUMMER__LOAD_HIGH,TD_SUMMER,LOAD_HIGH,8,12.0,9614.0,4488.0,55.0,0.0,3563.5995027862205,0.0,8253.814528362043,0.0,1496.0,4488.0,0.0,-0.0,0.0,0.0,521.2857870711462,707.4140311482638,13.604115983620458,0.0,41.39588401637954,291.30015888507455,0.0,-0.0,0.0,-0.0
TD_SUMMER__LOAD_HIGH,TD_SUMMER,LOAD_HIGH,9,12.0,10246.5,3960.0000000000005,55.0,0.0,4859.453867435755,0.0,7336.724025210706,0.0,1320.0000000000002,3960.0000000000005,0.0,-0.0,0.0,0.0,521.2857870711462,629.6778926464604,12.10919024320116,0.0,42.89080975679884,248.40934912827572,0.0,-0.0,0.0,-0.0
TD_SUMMER__LOAD_HIGH,TD_SUMMER,LOAD_HIGH,10,12.0,10499.5,3432.0000000000005,45.0,0.0,5701.759204457952,0.0,6878.178773635036,0.0,1144.0000000000002,3432.0000000000005,0.0,-0.0,0.0,0.0,521.2857870711462,936.4379780929885,18.008422655634394,0.0,26.991577344365606,221.41777178391013,0.0,-0.0,0.0,-0.0
TD_SUMMER__LOAD_HIGH,TD_SUMMER,LOAD_HIGH,11,12.0,10373.0,3168.0000000000005,35.0,0.0,6155.308232085289,0.0,6419.633522059368,0.0,1056.0000000000002,3168.0000000000005,0.0,-0.0,0.0,0.0,521.2857870711462,1145.9417541446574,22.037341425858795,0.0,12.962658574141205,208.4551132097689,0.0,-0.0,0.0,-0.0
TD_SUMMER__LOAD_HIGH,TD_SUMMER,LOAD_HIGH,12,12.0,10120.0,3036.0000000000005,30.0,0.0,5831.3446409229055,0.0,6878.178773635036,0.0,1012.0000000000001,3036.0000000000005,0.0,-0.0,0.0,0.0,521.2857870711462,1577.5234145579416,30.336988741498878,0.33698874149887814,0.0,208.7921019512678,0.0,-0.0,0.0,-0.0
TD_SUMMER__LOAD_HIGH,TD_SUMMER,LOAD_HIGH,13,12.0,9993.5,3036.0000000000005,30.0,0.0,5053.832022133185,0.0,7795.2692767863755,0.0,1012.0000000000001,3036.0000000000005,0.0,-0.0,0.0,0.0,521.2857870711462,1843.6012989195606,35.453871133068475,5.453871133068475,0.0,214.24597308433627,0.0,-0.0,0.0,-0.0
TD_SUMMER__LOAD_HIGH,TD_SUMMER,LOAD_HIGH,14,12.0,10120.0,3168.0000000000005,35.0,0.0,3757.97765748365,0.0,8712.359779937713,0.0,1056.0000000000002,3168.0000000000005,0.0,-0.0,0.0,0.0,521.2857870711462,1294.3374374213631,24.891104565795445,0.0,10.108895434204555,204.13707765013172,0.0,-0.0,0.0,-0.0
TD_SUMMER__LOAD_HIGH,TD_SUMMER,LOAD_HIGH,15,12.0,10499.5,3432.0000000000005,40.0,2490.9253550503936,2267.7451381366855,0.0,9629.45028308905,0.0,1144.0000000000002,3432.0000000000005,0.0,-0.0,0.0,0.0,521.2857870711462,2744.6207762761296,52.78116877454096,12.781168774540959,0.0,216.91824642467267,0.0,-0.0,0.0,1613.87053753715
TD_SUMMER__LOAD_HIGH,TD_SUMMER,LOAD_HIGH,16,12.0,10879.0,3762.0000000000005,50.0,1081.4547484243346,777.5126187897207,0.0,10087.99553466472,0.0,1254.0000000000002,3762.0000000000005,0.0,-0.0,0.0,186.03709812122483,325.4572627330148,0.0,-0.0,0.0,50.0,166.91824642467267,0.0,-0.0,0.0,700.6745315041264
TD_SUMMER__LOAD_HIGH,TD_SUMMER,LOAD_HIGH,17,12.0,11385.000000000002,4224.0,60.0,1887.6011515068253,129.58543646495346,0.0,10775.813412028223,0.0,1408.0,4224.0,0.0,-0.0,0.0,0.0,325.4572627330148,0.0,-0.0,0.0,60.0,106.91824642467267,0.0,-0.0,0.0,1222.9767860612722
TD_SUMMER__LOAD_HIGH,TD_SUMMER,LOAD_HIGH,18,12.0,11132.0,4620.0,50.0,934.0077700445108,-0.0,0.0,11463.631289391727,0.0,1540.0,4620.0,0.0,-0.0,0.0,274.3609405637612,36.656272665897724,0.0,-0.0,0.0,50.0,56.918246424672674,0.0,-0.0,0.0,605.1436342118386
TD_SUMMER__LOAD_HIGH,TD_SUMMER,LOAD_HIGH,19,12.0,10373.0,4752.0,35.0,0.0,-0.0,0.0,11922.176540967397,0.0,1584.0,4752.0,0.0,-0.0,0.0,34.82345903260284,0.0,0.0,-0.0,0.0,35.0,21.918246424672674,0.0,-0.0,0.0,-0.0
TD_SUMMER__LOAD_HIGH,TD_SUMMER,LOAD_HIGH,20,12.0,9361.0,4620.0,25.0,0.0,-0.0,0.0,12609.994418330902,0.0,1540.0,4620.0,0.0,-0.0,0.0,0.0,-0.0,1708.9944183309017,32.865277275594266,7.865277275594266,0.0,29.78352370026694,0.0,-0.0,0.0,-0.0
TD_SUMMER__LOAD_HIGH,TD_SUMMER,LOAD_HIGH,21,12.0,8222.5,4488.0,20.0,0.0,-0.0,0.0,12380.721792543067,0.0,1496.0,4488.0,0.0,-0.0,0.0,0.0,-0.0,2662.221792543067,51.19657293352052,31.19657293352052,0.0,60.98009663378746,0.0,-0.0,0.0,-0.0
TD_SUMMER__LOAD_HIGH,TD_SUMMER,LOAD_HIGH,22,12.0,7337.0,4290.0,15.0,0.0,-0.0,0.0,11463.631289391727,0.0,1430.0,4290.0,0.0,-0.0,0.0,0.0,-0.0,2696.6312893917275,51.85829402676399,36.85829402676399,0.0,97.83839066055145,0.0,-0.0,0.0,-0.0
TD_SUMMER__LOAD_HIGH,TD_SUMMER,LOAD_HIGH,23,12.0,6831.0,4158.0,15.0,0.0,-0.0,0.0,10546.54078624039,0.0,1386.0,4158.0,0.0,-0.0,274.3609405637612,0.0,260.6428935355731,2055.1798456766282,39.52268933993516,24.522689339935162,0.0,122.36108000048662,0.0,-0.0,0.0,-0.0
TD_SUMMER__H2_HIGH,TD_SUMMER,H2_HIGH,0,9.6,5979.999999999999,3720.0,19.5,0.0,-0.0,0.0,9629.45028308905,0.0,1240.0,3720.0,0.0,-0.0,0.0,247.61074885879444,0.0,2657.0610319478733,51.09732753745911,31.59732753745911,0.0,153.95840753794573,0.0,-0.0,0.0,-0.0
TD_SUMMER__H2_HIGH,TD_SUMMER,H2_HIGH,1,9.6,5750.0,3660.0,19.5,0.0,-0.0,0.0,10317.268160452555,0.0,1220.0,3660.0,0.0,-0.0,0.0,-0.0,0.0,3347.268160452555,64.37054154716452,44.87054154716452,0.0,198.82894908511025,0.0,-0.0,0.0,-0.0
TD_SUMMER__H2_HIGH,TD_SUMMER,H2_HIGH,2,9.6,5520.0,3600.0,19.5,0.0,0.0,-0.0,10150.337223733028,854.7488140830301,1200.0,3600.0,0.0,-0.0,-0.0,0.0,0.0,3430.337223733028,65.96802353332747,46.46802353332747,0.0,245.29697261843774,0.0,-0.0,0.0,-0.0
TD_SUMMER__H2_HIGH,TD_SUMMER,H2_HIGH,3,9.6,5405.0,3540.0,19.5,0.0,0.0,-0.0,10015.337223733028,1448.2940656586998,1180.0,3540.0,0.0,-0.0,-0.0,0.0,-0.0,3430.337223733028,65.96802353332747,46.46802353332747,0.0,291.7649961517652,0.0,-0.0,0.0,-0.0
TD_SUMMER__H2_HIGH,TD_SUMMER,H2_HIGH,4,9.6,5520.0,3480.0,26.0,0.0,0.0,-0.0,10384.69816429679,1537.4783766706078,1160.0,3480.0,0.0,-0.0,274.3609405637612,0.0,260.6428935355731,3430.337223733028,65.96802353332747,39.96802353332747,0.0,331.7330196850927,0.0,-0.0,0.0,-0.0
TD_SUMMER__H2_HIGH,TD_SUMMER,H2_HIGH,5,9.6,5979.999999999999,3600.0,32.5,0.0,129.58543646495346,0.0,10755.112727831836,708.5185615598912,1200.0,3600.0,0.0,-0.0,274.3609405637612,0.0,521.2857870711462,3430.337223733028,65.96802353332747,33.46802353332747,0.0,365.2010432184202,0.0,-0.0,0.0,-0.0
TD_SUMMER__H2_HIGH,TD_SUMMER,H2_HIGH,6,9.6,7129.999999999999,3900.0,52.0,0.0,777.5126187897207,0.0,10546.54078624039,0.0,1300.0,3900.0,0.0,-0.0,0.0,-0.0,521.2857870711462,2894.0534050301044,55.65487317365586,3.654873173655858,0.0,368.85591639207604,0.0,-0.0,0.0,-0.0
TD_SUMMER__H2_HIGH,TD_SUMMER,H2_HIGH,7,9.6,8049.999999999999,4200.0,65.0,0.0,1943.7815469743018,0.0,9170.905031513383,0.0,1400.0,4200.0,0.0,-0.0,0.0,0.0,521.2857870711462,1664.686578487686,32.0132034324555,0.0,32.9867965675445,335.86911982453154,0.0,-0.0,0.0,-0.0
TD_SUMMER__H2_HIGH,TD_SUMMER,H2_HIGH,8,9.6,8740.0,4080.0,71.5,0.0,3563.5995027862205,0.0,8253.814528362043,0.0,1360.0,4080.0,0.0,-0.0,0.0,0.0,521.2857870711462,1717.4140311482645,33.027192906697394,0.0,38.472807093302606,297.39631273122893,0.0,-0.0,0.0,-0.0
TD_SUMMER__H2_HIGH,TD_SUMMER,H2_HIGH,9,9.6,9315.0,3600.0,71.5,0.0,4859.453867435755,0.0,7336.724025210706,0.0,1200.0,3600.0,0.0,-0.0,0.0,0.0,521.2857870711462,1681.177892646453,32.33034408935487,0.0,39.16965591064513,258.2266568205838,0.0,-0.0,0.0,-0.0
TD_SUMMER__H2_HIGH,TD_SUMMER,H2_HIGH,10,9.6,9545.0,3120.0,58.5,0.0,5701.759204457952,0.0,6878.178773635036,0.0,1040.0,3120.0,0.0,-0.0,0.0,0.0,521.2857870711462,1994.9379780929814,38.36419188640349,0.0,20.13580811359651,238.0908487069873,0.0,-0.0,0.0,-0.0
TD_SUMMER__H2_HIGH,TD_SUMMER,H2_HIGH,11,9.6,9430.0,2880.0,45.5,0.0,6155.308232085289,0.0,6419.633522059368,0.0,960.0,2880.0,0.0,-0.0,0.0,0.0,521.2857870711462,2184.941754144667,42.01811065662821,0.0,3.4818893433717903,234.6089593636155,0.0,-0.0,0.0,-0.0
TD_SUMMER__H2_HIGH,TD_SUMMER,H2_HIGH,12,9.6,9200.0,2760.0,39.0,0.0,5831.3446409229055,0.0,6878.178773635036,0.0,920.0,2760.0,0.0,-0.0,0.0,0.0,521.2857870711462,2589.523414557937,49.79852720303725,10.798527203037253,0.0,245.40748656665275,0.0,-0.0,0.0,-0.0
TD_SUMMER__H2_HIGH,TD_SUMMER,H2_HIGH,13,9.6,9085.0,2760.0,39.0,0.0,5053.832022133185,0.0,7795.2692767863755,0.0,920.0,2760.0,0.0,-0.0,0.0,0.0,521.2857870711462,2844.101298919568,54.69425574845323,15.69425574845323,0.0,261.101742315106,0.0,-0.0,0.0,-0.0
TD_SUMMER__H2_HIGH,TD_SUMMER,H2_HIGH,14,9.6,9200.0,2880.0,45.5,0.0,3757.97765748365,0.0,8712.359779937713,0.0,960.0,2880.0,0.0,-0.0,0.0,0.0,521.2857870711462,2310.3374374213577,44.42956610425688,0.0,1.0704338957431219,260.03130841936286,0.0,-0.0,0.0,-0.0
TD_SUMMER__H2_HIGH,TD_SUMMER,H2_HIGH,15,9.6,9545.0,3120.0,52.0,0.0,2267.7451381366855,0.0,9629.45028308905,0.0,1040.0,3120.0,0.0,-0.0,-0.0,0.0,521.2857870711462,1312.1954212257333,25.234527331264104,0.0,26.765472668735896,233.265835750627,0.0,-0.0,0.0,-0.0
TD_SUMMER__H2_HIGH,TD_SUMMER,H2_HIGH,16,9.6,9890.0,3420.0,65.0,0.0,777.5126187897207,0.0,10087.99553466472,0.0,1140.0,3420.0,0.0,-0.0,0.0,164.49184654555938,348.13647491792574,0.0,-0.0,0.0,65.0,168.265835750627,0.0,-0.0,-0.0,-0.0
TD_SUMMER__H2_HIGH,TD_SUMMER,H2_HIGH,17,9.6,10350.0,3840.0,78.0,450.2402109430619,129.58543646495346,0.0,10775.813412028223,0.0,1280.0,3840.0,0.0,-0.0,0.0,274.3609405637612,59.335484850813174,0.0,-0.0,0.0,78.0,90.26583575062698,0.0,-0.0,-0.0,291.71063267000983
TD_SUMMER__H2_HIGH,TD_SUMMER,H2_HIGH,18,9.6,10120.0,4200.0,65.0,0.0,-0.0,0.0,11463.631289391727,0.0,1400.0,4200.0,0.0,-0.0,0.0,56.368710608272515,0.0,0.0,-0.0,0.0,65.0,25.265835750626977,0.0,-0.0,-0.0,-0.0
TD_SUMMER__H2_HIGH,TD_SUMMER,H2_HIGH,19,9.6,9430.0,4320.0,45.5,0.0,-0.0,0.0,11922.176540967397,0.0,1440.0,4320.0,0.0,-0.0,0.0,-0.0,0.0,1052.1765409673972,20.234164249373023,0.0,25.265835750626977,0.0,0.0,-0.0,0.0,-0.0
TD_SUMMER__H2_HIGH,TD_SUMMER,H2_HIGH,20,9.6,8510.0,4200.0,32.5,0.0,0.0,-0.0,11679.921866882618,930.0725514482838,1400.0,4200.0,0.0,-0.0,-0.0,0.0,0.0,1769.9218668826175,34.036958978511876,1.5369589785118762,0.0,1.5369589785118762,0.0,-0.0,-0.0,-0.0
TD_SUMMER__H2_HIGH,TD_SUMMER,H2_HIGH,21,9.6,7474.999999999999,4080.0,26.0,0.0,0.0,-0.0,12265.337223733028,115.38456881003913,1360.0,4080.0,0.0,-0.0,-0.0,0.0,0.0,3430.337223733028,65.96802353332747,39.96802353332747,0.0,41.504982511839344,0.0,-0.0,-0.0,-0.0
TD_SUMMER__H2_HIGH,TD_SUMMER,H2_HIGH,22,9.6,6669.999999999999,3900.0,19.5,0.0,0.0,-0.0,11400.337223733028,63.294065658699765,1300.0,3900.0,0.0,-0.0,-0.0,0.0,0.0,3430.337223733028,65.96802353332747,46.46802353332747,0.0,87.97300604516681,0.0,-0.0,-0.0,-0.0
TD_SUMMER__H2_HIGH,TD_SUMMER,H2_HIGH,23,9.6,6209.999999999999,3780.0,19.5,0.0,0.0,-0.0,10546.54078624039,0.0,1260.0,3780.0,0.0,-0.0,274.3609405637612,0.0,260.6428935355731,2802.17984567663,53.88807395531981,34.38807395531981,0.0,122.36108000048662,0.0,-0.0,-0.0,-0.0
TD_SUMMER__EXTREME,TD_SUMMER,EXTREME,0,9.6,6577.999999999999,4278.0,19.5,4212.249511416239,-0.0,0.0,7222.087712316788,0.0,1426.0,4278.0,0.0,-0.0,0.0,0.0,260.6428935355731,3430.337223733028,65.96802353332747,46.46802353332747,0.0,168.82910353381408,0.0,-0.0,0.0,2729.1164584465814
TD_SUMMER__EXTREME,TD_SUMMER,EXTREME,1,9.6,6325.000000000001,4209.0,19.5,3420.3861033936128,-0.0,0.0,7737.951120339417,0.0,1403.0,4209.0,0.0,-0.0,0.0,0.0,260.6428935355731,3430.337223733028,65.96802353332747,46.46802353332747,0.0,215.29712706714156,0.0,-0.0,0.0,2216.068156388722
TD_SUMMER__EXTREME,TD_SUMMER,EXTREME,2,9.6,6072.000000000001,4140.0,19.5,2628.522695370986,-0.0,0.0,8253.814528362043,0.0,1380.0,4140.0,0.0,-0.0,-0.0,0.0,260.6428935355731,3430.337223733028,65.96802353332747,46.46802353332747,0.0,261.76515060046904,0.0,-0.0,0.0,1703.019854330862
TD_SUMMER__EXTREME,TD_SUMMER,EXTREME,3,9.6,5945.500000000001,4070.9999999999995,19.5,2409.4746972529956,-0.0,0.0,8597.723467043796,0.0,1356.9999999999998,4070.9999999999995,0.0,-0.0,274.3609405637612,0.0,521.2857870711462,3430.337223733028,65.96802353332747,46.46802353332747,0.0,308.2331741337965,0.0,-0.0,0.0,1561.0986563502158
TD_SUMMER__EXTREME,TD_SUMMER,EXTREME,4,9.6,6072.000000000001,4001.9999999999995,26.0,0.0,-0.0,0.0,8941.632405725548,0.0,1333.9999999999998,4001.9999999999995,0.0,-0.0,0.0,0.0,521.2857870711462,1535.632405725547,29.531392417798983,3.5313924177989833,0.0,311.7645665515955,0.0,-0.0,0.0,-0.0
TD_SUMMER__EXTREME,TD_SUMMER,EXTREME,5,9.6,6577.999999999999,4140.0,32.5,0.0,90.7098055254674,0.0,8597.723467043796,0.0,1380.0,4140.0,0.0,-0.0,-0.0,0.0,521.2857870711462,730.4332725692639,14.046793703255075,0.0,18.453206296744924,293.31136025485057,0.0,-0.0,0.0,-0.0
TD_SUMMER__EXTREME,TD_SUMMER,EXTREME,6,9.6,7843.0,4485.0,52.0,662.975020013075,544.2588331528044,0.0,7909.905589680293,0.0,1495.0,4485.0,0.0,-0.0,0.0,220.8605571538277,288.800990067117,0.0,-0.0,0.0,52.0,241.31136025485057,0.0,-0.0,0.0,429.5415154664713
TD_SUMMER__EXTREME,TD_SUMMER,EXTREME,7,9.6,8855.0,4830.0,65.0,1951.813202919189,1360.6470828820113,0.0,6878.178773635038,0.0,1610.0,4830.0,0.0,-0.0,0.0,274.3609405637612,0.0,0.0,-0.0,0.0,65.0,176.31136025485057,0.0,-0.0,0.0,1264.5797741713427
TD_SUMMER__EXTREME,TD_SUMMER,EXTREME,8,9.6,9614.0,4692.0,71.5,2493.1194517781123,2494.5196519503543,0.0,6190.360896271533,0.0,1564.0,4692.0,0.0,-0.0,0.0,-0.0,0.0,0.0,-0.0,0.0,71.5,104.81136025485057,0.0,-0.0,0.0,1615.2920928070391
TD_SUMMER__EXTREME,TD_SUMMER,EXTREME,9,9.6,10246.5,4140.0,71.5,6152.676497619971,3401.6177072050277,0.0,5502.543018908029,0.0,1380.0,4140.0,0.0,-0.0,0.0,-0.0,0.0,3430.337223733028,65.96802353332747,0.0,5.531976466672532,99.27938378817804,0.0,-0.0,0.0,3986.3191028079796
TD_SUMMER__EXTREME,TD_SUMMER,EXTREME,10,9.6,10499.5,3587.9999999999995,58.5,5658.847666095944,3991.2314431205664,0.0,5158.634080226277,0.0,1195.9999999999998,3587.9999999999995,0.0,-0.0,0.0,-0.0,0.0,3113.2131894427876,59.8694844123613,1.3694844123613024,0.0,100.64886820053934,0.0,-0.0,0.0,3666.3674028635623
TD_SUMMER__EXTREME,TD_SUMMER,EXTREME,11,9.6,10373.0,3311.9999999999995,45.5,5783.896319728799,4308.715762459702,0.0,4814.725141544526,0.0,1103.9999999999998,3311.9999999999995,0.0,-0.0,0.0,0.0,-0.0,3430.337223733028,65.96802353332747,20.468023533327468,0.0,121.11689173386681,0.0,-0.0,0.0,3747.3864255522894
TD_SUMMER__EXTREME,TD_SUMMER,EXTREME,12,9.6,10120.0,3173.9999999999995,39.0,5367.761894860718,4081.9412486460337,0.0,5158.634080226277,0.0,1057.9999999999998,3173.9999999999995,0.0,-0.0,0.0,0.0,-0.0,3430.337223733028,65.96802353332747,26.968023533327468,0.0,148.08491526719428,0.0,-0.0,0.0,3477.7729316802593
TD_SUMMER__EXTREME,TD_SUMMER,EXTREME,13,9.6,9993.5,3173.9999999999995,39.0,5097.702850650017,3537.6824154932287,0.0,5846.451957589781,0.0,1057.9999999999998,3173.9999999999995,0.0,-0.0,-0.0,0.0,-0.0,3430.337223733028,65.96802353332747,26.968023533327468,0.0,175.05293880052176,0.0,-0.0,0.0,3302.8016769361466
TD_SUMMER__EXTREME,TD_SUMMER,EXTREME,14,9.6,10120.0,3311.9999999999995,45.5,5763.843969104949,2630.584360238555,0.0,6534.269834953286,0.0,1103.9999999999998,3311.9999999999995,0.0,-0.0,274.3609405637612,0.0,260.6428935355731,3430.337223733028,65.96802353332747,20.468023533327468,0.0,195.52096233384924,0.0,-0.0,0.0,3734.3945075830966
TD_SUMMER__EXTREME,TD_SUMMER,EXTREME,15,9.6,10499.5,3587.9999999999995,52.0,6590.688855284321,1587.4215966956797,0.0,7222.087712316788,0.0,1195.9999999999998,3587.9999999999995,0.0,-0.0,274.3609405637612,0.0,521.2857870711462,3430.337223733028,65.96802353332747,13.968023533327468,0.0,209.48898586717672,0.0,-0.0,0.0,4270.107309338712
TD_SUMMER__EXTREME,TD_SUMMER,EXTREME,16,9.6,10879.0,3932.9999999999995,65.0,7510.081739581683,544.2588331528044,0.0,7565.996650998541,0.0,1310.9999999999998,3932.9999999999995,0.0,-0.0,0.0,-0.0,521.2857870711462,3430.337223733028,65.96802353332747,0.968023533327468,0.0,210.4570094005042,0.0,-0.0,0.0,4865.781959074972
TD_SUMMER__EXTREME,TD_SUMMER,EXTREME,17,9.6,11385.000000000002,4416.0,78.0,8114.767359186395,90.7098055254674,0.0,8081.860059021167,0.0,1472.0,4416.0,0.0,-0.0,0.0,0.0,521.2857870711462,3430.337223733028,65.96802353332747,0.0,12.031976466672532,198.4250329338317,0.0,-0.0,0.0,5257.557772016866
TD_SUMMER__EXTREME,TD_SUMMER,EXTREME,18,9.6,11132.0,4830.0,65.0,3869.9155923924427,-0.0,0.0,8597.723467043796,0.0,1610.0,4830.0,0.0,-0.0,0.0,274.3609405637612,232.48479700402913,0.0,-0.0,0.0,65.0,133.4250329338317,0.0,-0.0,0.0,2507.318312311064
TD_SUMMER__EXTREME,TD_SUMMER,EXTREME,19,9.6,10373.0,4968.0,45.5,2866.5070371206243,-0.0,0.0,8941.632405725548,0.0,1656.0,4968.0,0.0,-0.0,0.0,220.8605571538277,0.0,0.0,-0.0,0.0,45.5,87.92503293383169,0.0,-0.0,0.0,1857.2099093504526
TD_SUMMER__EXTREME,TD_SUMMER,EXTREME,20,9.6,9361.0,4830.0,32.5,1513.5041862518246,-0.0,0.0,9457.495813748175,0.0,1610.0,4830.0,0.0,-0.0,0.0,0.0,-0.0,0.0,-0.0,0.0,32.5,55.42503293383169,0.0,-0.0,0.0,980.5993622725572
TD_SUMMER__EXTREME,TD_SUMMER,EXTREME,21,9.6,8222.5,4692.0,26.0,500.95865559269987,-0.0,0.0,9285.5413444073,0.0,1564.0,4692.0,0.0,-0.0,0.0,-0.0,0.0,0.0,-0.0,0.0,26.0,29.425032933831687,0.0,-0.0,0.0,324.57111295851024
TD_SUMMER__EXTREME,TD_SUMMER,EXTREME,22,9.6,7337.0,4485.0,19.5,3664.613756689232,-0.0,0.0,8597.723467043796,0.0,1495.0,4485.0,0.0,-0.0,-0.0,0.0,0.0,3430.337223733028,65.96802353332747,46.46802353332747,0.0,75.89305646715916,0.0,-0.0,0.0,2374.3032529589536
TD_SUMMER__EXTREME,TD_SUMMER,EXTREME,23,9.6,6831.0,4347.0,19.5,4074.792574616496,-0.0,0.0,7909.905589680293,0.0,1449.0,4347.0,0.0,-0.0,274.3609405637612,0.0,260.6428935355731,3430.337223733028,65.96802353332747,46.46802353332747,0.0,122.36108000048662,0.0,-0.0,0.0,2640.0581090940277
TD_WINTER__NORMAL,TD_WINTER,NORMAL,0,60.0,5460.0,8370.0,15.0,0.0,-0.0,0.0,9629.45028308905,0.0,2790.0,8370.0,0.0,-0.0,0.0,247.61074885879444,0.0,1627.0610319478449,31.289635229766247,16.289635229766247,0.0,138.65071523025287,0.0,-0.0,0.0,-0.0
TD_WINTER__NORMAL,TD_WINTER,NORMAL,1,60.0,5250.0,8235.0,15.0,0.0,-0.0,0.0,10317.268160452555,0.0,2745.0,8235.0,0.0,-0.0,0.0,-0.0,-0.0,2322.268160452555,44.65900308562606,29.65900308562606,0.0,168.30971831587894,0.0,-0.0,0.0,-0.0
TD_WINTER__NORMAL,TD_WINTER,NORMAL,2,60.0,5040.0,8100.000000000001,15.0,0.0,-0.0,0.0,11005.086037816058,0.0,2700.0000000000005,8100.000000000001,0.0,-0.0,0.0,0.0,0.0,3265.086037816058,62.79011611184727,47.79011611184727,0.0,216.0998344277262,0.0,-0.0,0.0,-0.0
TD_WINTER__NORMAL,TD_WINTER,NORMAL,3,60.0,4935.0,7965.000000000001,15.0,0.0,0.0,-0.0,11291.818662173137,171.81262721859093,2655.0000000000005,7965.000000000001,0.0,-0.0,271.481438440108,0.0,257.90736651810255,3430.337223733028,65.96802353332747,50.96802353332747,0.0,267.0678579610537,0.0,-0.0,0.0,-0.0
TD_WINTER__NORMAL,TD_WINTER,NORMAL,4,60.0,5040.0,7830.000000000001,20.0,0.0,0.0,-0.0,11354.69816429679,567.4783766706078,2610.0000000000005,7830.000000000001,0.0,-0.0,274.3609405637612,0.0,518.5502600536756,3430.337223733028,65.96802353332747,45.96802353332747,0.0,313.03588149438116,0.0,-0.0,0.0,-0.0
TD_WINTER__NORMAL,TD_WINTER,NORMAL,5,60.0,5460.0,8100.000000000001,25.0,0.0,129.58543646495346,0.0,11463.631289391727,0.0,2700.0000000000005,8100.000000000001,0.0,-0.0,2.879502123653225,0.0,521.2857870711462,3430.337223733028,65.96802353332747,40.96802353332747,0.0,354.00390502770864,0.0,-0.0,0.0,-0.0
TD_WINTER__NORMAL,TD_WINTER,NORMAL,6,60.0,6510.0,8775.0,40.0,0.0,777.5126187897207,0.0,10546.54078624039,0.0,2925.0,8775.0,0.0,-0.0,0.0,-0.0,521.2857870711462,1889.053405030151,36.32795009673367,0.0,3.672049903266327,350.3318551244423,0.0,-0.0,0.0,-0.0
TD_WINTER__NORMAL,TD_WINTER,NORMAL,7,60.0,7350.0,9450.0,50.0,0.0,1943.7815469743018,0.0,9170.905031513383,0.0,3150.0,9450.0,0.0,-0.0,0.0,0.0,521.2857870711462,614.6865784876836,11.820895740147762,0.0,38.17910425985224,312.1527508645901,0.0,-0.0,0.0,-0.0
TD_WINTER__NORMAL,TD_WINTER,NORMAL,8,60.0,7980.0,9180.0,55.0,0.0,3563.5995027862205,0.0,8253.814528362043,0.0,3060.0,9180.0,0.0,-0.0,0.0,0.0,521.2857870711462,777.4140311482636,14.9502698297743,0.0,40.0497301702257,272.1030206943644,0.0,-0.0,0.0,-0.0
TD_WINTER__NORMAL,TD_WINTER,NORMAL,9,60.0,8505.0,8100.000000000001,55.0,0.0,4859.453867435755,0.0,7336.724025210706,0.0,2700.0000000000005,8100.000000000001,0.0,-0.0,0.0,0.0,521.2857870711462,991.1778926464602,19.061113320124235,0.0,35.938886679875765,236.1641340144886,0.0,-0.0,0.0,-0.0
TD_WINTER__NORMAL,TD_WINTER,NORMAL,10,60.0,8715.0,7020.000000000001,45.0,0.0,5701.759204457952,0.0,6878.178773635036,0.0,2340.0000000000005,7020.000000000001,0.0,-0.0,0.0,0.0,521.2857870711462,1524.9379780929883,29.325730347942084,0.0,15.674269652057916,220.4898643624307,0.0,-0.0,0.0,-0.0
TD_WINTER__NORMAL,TD_WINTER,NORMAL,11,60.0,8610.0,6480.0,35.0,0.0,6155.308232085289,0.0,6419.633522059368,0.0,2160.0,6480.0,0.0,-0.0,0.0,0.0,521.2857870711462,1804.9417541446574,34.71041834893572,0.0,0.2895816510642817,220.2002827113664,0.0,-0.0,0.0,-0.0
TD_WINTER__NORMAL,TD_WINTER,NORMAL,12,60.0,8400.0,6210.0,30.0,0.0,5831.3446409229055,0.0,6878.178773635036,0.0,2070.0,6210.0,0.0,-0.0,0.0,0.0,521.2857870711462,2239.523414557941,43.067757972268105,13.067757972268105,0.0,233.26804068363452,0.0,-0.0,0.0,-0.0
TD_WINTER__NORMAL,TD_WINTER,NORMAL,13,60.0,8295.0,6210.0,30.0,0.0,5053.832022133185,0.0,7795.2692767863755,0.0,2070.0,6210.0,0.0,-0.0,0.0,0.0,521.2857870711462,2484.1012989195606,47.77117882537617,17.771178825376168,0.0,251.0392195090107,0.0,-0.0,0.0,-0.0
TD_WINTER__NORMAL,TD_WINTER,NORMAL,14,60.0,8400.0,6480.0,35.0,0.0,3757.97765748365,0.0,8712.359779937713,0.0,2160.0,6480.0,0.0,-0.0,0.0,0.0,521.2857870711462,1910.3374374213633,36.7372584119493,1.7372584119492984,0.0,252.77647792096002,0.0,-0.0,0.0,-0.0
TD_WINTER__NORMAL,TD_WINTER,NORMAL,15,60.0,8715.0,7020.000000000001,40.0,0.0,2267.7451381366855,0.0,9629.45028308905,0.0,2340.0000000000005,7020.000000000001,0.0,-0.0,-0.0,0.0,521.2857870711462,842.1954212257351,16.1960657928026,0.0,23.8039342071974,228.9725437137626,0.0,-0.0,0.0,-0.0
TD_WINTER__NORMAL,TD_WINTER,NORMAL,16,60.0,9030.0,7695.000000000001,50.0,508.6312893917317,777.5126187897207,0.0,10087.99553466472,0.0,2565.0000000000005,7695.000000000001,0.0,-0.0,0.0,220.8605571538277,288.800990067117,0.0,-0.0,0.0,50.0,178.9725437137626,0.0,-0.0,0.0,329.542212396903
TD_WINTER__NORMAL,TD_WINTER,NORMAL,17,60.0,9450.0,8640.0,60.0,1424.6011515068235,129.58543646495346,0.0,10775.813412028223,0.0,2880.0,8640.0,0.0,-0.0,0.0,0.0,288.800990067117,0.0,-0.0,0.0,60.0,118.9725437137626,0.0,-0.0,0.0,922.999086061271
TD_WINTER__NORMAL,TD_WINTER,NORMAL,18,60.0,9240.0,9450.0,50.0,652.0077700445108,-0.0,0.0,11463.631289391727,0.0,3150.0,9450.0,0.0,-0.0,0.0,274.3609405637612,0.0,0.0,-0.0,0.0,50.0,68.9725437137626,0.0,-0.0,-0.0,422.4358342118386
TD_WINTER__NORMAL,TD_WINTER,NORMAL,19,60.0,8610.0,9720.0,35.0,0.0,-0.0,0.0,11922.176540967397,0.0,3217.5,9652.5,67.5,7.486690328305234,-0.0,0.0,0.0,94.67654096739714,1.8207027109114837,0.0,33.17929728908852,35.793246424674095,0.0,-0.0,0.0,16.171251109139305
TD_WINTER__NORMAL,TD_WINTER,NORMAL,20,60.0,7770.0,9450.0,25.0,0.0,-0.0,0.0,12609.994418330902,0.0,3150.0,9450.0,0.0,-0.0,0.0,0.0,-0.0,1689.9944183309015,32.499892660209646,7.499892660209646,0.0,43.29313908488374,0.0,-0.0,0.0,-0.0
TD_WINTER__NORMAL,TD_WINTER,NORMAL,21,60.0,6825.0,9180.0,20.0,0.0,-0.0,0.0,12380.721792543067,0.0,3060.0,9180.0,0.0,-0.0,0.0,0.0,-0.0,2495.721792543067,47.99464985659744,27.99464985659744,0.0,71.28778894148118,0.0,-0.0,0.0,-0.0
TD_WINTER__NORMAL,TD_WINTER,NORMAL,22,60.0,6090.0,8775.0,15.0,0.0,-0.0,0.0,11463.631289391727,0.0,2925.0,8775.0,0.0,-0.0,-0.0,0.0,-0.0,2448.6312893917275,47.08906325753322,32.08906325753322,0.0,103.3768521990144,0.0,-0.0,0.0,-0.0
TD_WINTER__NORMAL,TD_WINTER,NORMAL,23,60.0,5670.0,8505.0,15.0,0.0,-0.0,0.0,10546.54078624039,0.0,2835.0,8505.0,0.0,-0.0,274.3609405637611,0.0,260.6428935355731,1767.1798456766282,33.98422780147362,18.984227801473622,0.0,122.36108000048662,0.0,-0.0,0.0,-0.0
TD_WINTER__PV_LOW,TD_WINTER,PV_LOW,0,14.399999999999999,5460.0,8370.0,15.0,0.0,-0.0,0.0,9629.45028308905,0.0,2790.0,8370.0,0.0,-0.0,0.0,247.61074885879444,0.0,1627.0610319478446,31.289635229766244,16.289635229766244,0.0,138.65071523025287,0.0,-0.0,0.0,-0.0
TD_WINTER__PV_LOW,TD_WINTER,PV_LOW,1,14.399999999999999,5250.0,8235.0,15.0,0.0,-0.0,0.0,10317.268160452555,0.0,2745.0,8235.0,0.0,-0.0,0.0,-0.0,0.0,2322.268160452555,44.65900308562606,29.65900308562606,0.0,168.30971831587894,0.0,-0.0,0.0,-0.0
TD_WINTER__PV_LOW,TD_WINTER,PV_LOW,2,14.399999999999999,5040.0,8100.000000000001,15.0,0.0,-0.0,0.0,11005.086037816058,0.0,2700.0000000000005,8100.000000000001,0.0,-0.0,0.0,-0.0,0.0,3265.086037816058,62.79011611184727,47.79011611184727,0.0,216.0998344277262,0.0,-0.0,0.0,-0.0
TD_WINTER__PV_LOW,TD_WINTER,PV_LOW,3,14.399999999999999,4935.0,7965.000000000001,15.0,0.0,0.0,-0.0,11294.69816429679,168.93312509493808,2655.0000000000005,7965.000000000001,0.0,-0.0,274.36094056376123,0.0,260.64289353557314,3430.337223733028,65.96802353332747,50.96802353332747,0.0,267.0678579610537,0.0,-0.0,0.0,-0.0
TD_WINTER__PV_LOW,TD_WINTER,PV_LOW,4,14.399999999999999,5040.0,7830.000000000001,20.0,0.0,0.0,-0.0,11354.69816429679,567.4783766706078,2610.0000000000005,7830.000000000001,0.0,-0.0,274.3609405637612,0.0,521.2857870711462,3430.337223733028,65.96802353332747,45.96802353332747,0.0,313.03588149438116,0.0,-0.0,0.0,-0.0
TD_WINTER__PV_LOW,TD_WINTER,PV_LOW,5,14.399999999999999,5460.0,8100.000000000001,25.0,0.0,90.7098055254674,0.0,11463.631289391727,0.0,2700.0000000000005,8100.000000000001,0.0,-0.0,0.0,-0.0,521.2857870711462,3394.341094917195,65.27579028686914,40.27579028686914,0.0,353.3116717812503,0.0,-0.0,0.0,-0.0
TD_WINTER__PV_LOW,TD_WINTER,PV_LOW,6,14.399999999999999,6510.0,8775.0,40.0,0.0,544.2588331528044,0.0,10546.54078624039,0.0,2925.0,8775.0,0.0,-0.0,0.0,0.0,521.2857870711462,1655.7996193931945,31.84230037294605,0.0,8.157699627053951,345.15397215419637,0.0,-0.0,0.0,-0.0
TD_WINTER__PV_LOW,TD_WINTER,PV_LOW,7,14.399999999999999,7350.0,9450.0,50.0,0.0,1360.6470828820113,0.0,9170.905031513383,0.0,3150.0,9450.0,0.0,-0.0,0.0,0.0,521.2857870711462,31.552114395394028,0.6067714306806544,0.0,49.39322856931935,295.760743584877,0.0,-0.0,0.0,-0.0
TD_WINTER__PV_LOW,TD_WINTER,PV_LOW,8,14.399999999999999,7980.0,9180.0,55.0,17.3048791238416,2494.5196519503543,0.0,8253.814528362043,0.0,3060.0,9180.0,0.0,-0.0,0.0,274.3609405637612,232.48479700402913,0.0,-0.0,0.0,55.0,240.760743584877,0.0,-0.0,0.0,11.211831184336974
TD_WINTER__PV_LOW,TD_WINTER,PV_LOW,9,14.399999999999999,8505.0,8100.000000000001,55.0,245.79771043043922,3401.6177072050277,0.0,7336.724025210706,0.0,2700.0000000000005,8100.000000000001,0.0,-0.0,0.0,220.8605571538277,0.0,0.0,-0.0,0.0,55.0,185.760743584877,0.0,-0.0,0.0,159.2523365878816
TD_WINTER__PV_LOW,TD_WINTER,PV_LOW,10,14.399999999999999,8715.0,7020.000000000001,45.0,185.58978324439795,3991.2314431205664,0.0,6878.178773635036,0.0,2340.0000000000005,7020.000000000001,0.0,-0.0,0.0,-0.0,0.0,0.0,-0.0,0.0,45.0,140.760743584877,0.0,-0.0,0.0,120.24362056404544
TD_WINTER__PV_LOW,TD_WINTER,PV_LOW,11,14.399999999999999,8610.0,6480.0,35.0,41.65071548092965,4308.715762459702,0.0,6419.633522059368,0.0,2160.0,6480.0,0.0,-0.0,-0.0,0.0,0.0,0.0,-0.0,0.0,35.0,105.76074358487699,0.0,-0.0,0.0,26.98549856009432
TD_WINTER__PV_LOW,TD_WINTER,PV_LOW,12,14.399999999999999,8400.0,6210.0,30.0,2940.217201451958,4081.9412486460337,0.0,6878.178773635036,0.0,2070.0,6210.0,0.0,-0.0,-0.0,0.0,0.0,3430.337223733028,65.96802353332747,35.96802353332747,0.0,141.72876711820447,0.0,-0.0,0.0,1904.9667248207236
TD_WINTER__PV_LOW,TD_WINTER,PV_LOW,13,14.399999999999999,8295.0,6210.0,30.0,2168.0502432232893,3537.6824154932287,0.0,7795.2692767863755,0.0,2070.0,6210.0,0.0,-0.0,-0.0,0.0,-0.0,3136.0019355028935,60.3077295289018,30.307729528901802,0.0,172.03649664710628,0.0,-0.0,0.0,1404.6797525843692
TD_WINTER__PV_LOW,TD_WINTER,PV_LOW,14,14.399999999999999,8400.0,6480.0,35.0,2921.7540241205215,2630.584360238555,0.0,8712.359779937713,0.0,2160.0,6480.0,0.0,-0.0,274.3609405637612,0.0,260.6428935355731,3430.337223733028,65.96802353332747,30.968023533327468,0.0,203.00452018043376,0.0,-0.0,0.0,1893.004432227686
TD_WINTER__PV_LOW,TD_WINTER,PV_LOW,15,14.399999999999999,8715.0,7020.000000000001,40.0,3542.82628451206,1587.4215966956797,0.0,9629.45028308905,0.0,2340.0000000000005,7020.000000000001,0.0,-0.0,274.3609405637612,0.0,521.2857870711462,3430.337223733028,65.96802353332747,25.968023533327468,0.0,228.9725437137612,0.0,-0.0,0.0,2295.3971497353637
TD_WINTER__PV_LOW,TD_WINTER,PV_LOW,16,14.399999999999999,9030.0,7695.000000000001,50.0,741.885075028648,544.2588331528044,0.0,10087.99553466472,0.0,2565.0000000000005,7695.000000000001,0.0,-0.0,0.0,220.8605571538277,288.800990067117,0.0,-0.0,0.0,50.0,178.9725437137612,0.0,-0.0,0.0,480.66734011106104
TD_WINTER__PV_LOW,TD_WINTER,PV_LOW,17,14.399999999999999,9450.0,8640.0,60.0,1463.4767824463097,90.7098055254674,0.0,10775.813412028223,0.0,2880.0,8640.0,0.0,-0.0,0.0,0.0,288.800990067117,0.0,-0.0,0.0,60.0,118.97254371376121,0.0,-0.0,0.0,948.1866073469641
TD_WINTER__PV_LOW,TD_WINTER,PV_LOW,18,14.399999999999999,9240.0,9450.0,50.0,652.0077700445108,-0.0,0.0,11463.631289391727,0.0,3150.0,9450.0,0.0,-0.0,0.0,274.3609405637612,0.0,0.0,-0.0,0.0,50.0,68.97254371376121,0.0,-0.0,0.0,422.4358342118386
TD_WINTER__PV_LOW,TD_WINTER,PV_LOW,19,14.399999999999999,8610.0,9720.0,35.0,0.0,-0.0,0.0,11922.176540967397,0.0,3217.5,9652.5,67.5,7.486690328305234,0.0,0.0,-0.0,94.67654096739716,1.820702710911484,0.0,33.17929728908852,35.79324642467269,0.0,-0.0,0.0,16.171251109139305
TD_WINTER__PV_LOW,TD_WINTER,PV_LOW,20,14.399999999999999,7770.0,9450.0,25.0,0.0,-0.0,0.0,12609.994418330902,0.0,3150.0,9450.0,0.0,-0.0,0.0,0.0,-0.0,1689.9944183309017,32.499892660209646,7.499892660209646,0.0,43.293139084882334,0.0,-0.0,0.0,-0.0
TD_WINTER__PV_LOW,TD_WINTER,PV_LOW,21,14.399999999999999,6825.0,9180.0,20.0,0.0,-0.0,0.0,12380.721792543067,0.0,3060.0,9180.0,0.0,-0.0,0.0,0.0,-0.0,2495.721792543067,47.99464985659744,27.99464985659744,0.0,71.28778894147977,0.0,-0.0,0.0,-0.0
TD_WINTER__PV_LOW,TD_WINTER,PV_LOW,22,14.399999999999999,6090.0,8775.0,15.0,0.0,-0.0,0.0,11463.631289391727,0.0,2925.0,8775.0,0.0,-0.0,0.0,0.0,-0.0,2448.6312893917275,47.089063257533226,32.089063257533226,0.0,103.376852199013,0.0,-0.0,0.0,-0.0
TD_WINTER__PV_LOW,TD_WINTER,PV_LOW,23,14.399999999999999,5670.0,8505.0,15.0,0.0,-0.0,0.0,10546.54078624039,0.0,2835.0,8505.0,0.0,-0.0,274.3609405637612,0.0,260.6428935355731,1767.1798456766282,33.98422780147362,18.984227801473622,0.0,122.36108000048662,0.0,-0.0,0.0,-0.0
TD_WINTER__WIND_LOW,TD_WINTER,WIND_LOW,0,14.399999999999999,5460.0,8370.0,15.0,4458.249511416239,-0.0,0.0,7222.087712316788,0.0,2790.0,8370.0,0.0,-0.0,0.0,0.0,260.6428935355731,3430.337223733028,65.96802353332747,50.96802353332747,0.0,173.32910353381408,0.0,-0.0,0.0,2888.4998584465816
TD_WINTER__WIND_LOW,TD_WINTER,WIND_LOW,1,14.399999999999999,5250.0,8235.0,15.0,3687.386103393611,-0.0,0.0,7737.951120339417,0.0,2745.0,8235.0,0.0,-0.0,0.0,0.0,260.6428935355731,3430.337223733028,65.96802353332747,50.96802353332747,0.0,224.29712706714156,0.0,-0.0,0.0,2389.0574563887208
TD_WINTER__WIND_LOW,TD_WINTER,WIND_LOW,2,14.399999999999999,5040.0,8100.000000000001,15.0,2916.522695370985,-0.0,0.0,8253.814528362043,0.0,2700.0000000000005,8100.000000000001,0.0,-0.0,-0.0,0.0,260.6428935355731,3430.337223733028,65.96802353332747,50.96802353332747,0.0,275.26515060046904,0.0,-0.0,0.0,1889.615054330861
TD_WINTER__WIND_LOW,TD_WINTER,WIND_LOW,3,14.399999999999999,4935.0,7965.000000000001,15.0,2696.9746972529942,-0.0,0.0,8597.723467043796,0.0,2655.0000000000005,7965.000000000001,0.0,-0.0,274.3609405637612,0.0,521.2857870711462,3430.337223733028,65.96802353332747,50.96802353332747,0.0,326.2331741337965,0.0,-0.0,0.0,1747.3699063502152
TD_WINTER__WIND_LOW,TD_WINTER,WIND_LOW,4,14.399999999999999,5040.0,7830.000000000001,20.0,0.0,-0.0,0.0,8941.632405725548,0.0,2610.0000000000005,7830.000000000001,0.0,-0.0,0.0,0.0,521.2857870711462,1291.6324057255479,24.839084725491308,4.839084725491308,0.0,331.07225885928784,0.0,-0.0,0.0,-0.0
TD_WINTER__WIND_LOW,TD_WINTER,WIND_LOW,5,14.399999999999999,5460.0,8100.000000000001,25.0,0.0,129.58543646495346,0.0,8597.723467043796,0.0,2700.0000000000005,8100.000000000001,0.0,-0.0,-0.0,0.0,521.2857870711462,567.308903508749,10.909786605937482,0.0,14.090213394062518,316.9820454652253,0.0,-0.0,0.0,-0.0
TD_WINTER__WIND_LOW,TD_WINTER,WIND_LOW,6,14.399999999999999,6510.0,8775.0,40.0,473.2208509662255,777.5126187897207,0.0,7909.905589680293,0.0,2925.0,8775.0,0.0,-0.0,0.0,274.3609405637612,232.48479700402913,0.0,-0.0,0.0,40.0,276.9820454652253,0.0,-0.0,0.0,306.5997893410175
TD_WINTER__WIND_LOW,TD_WINTER,WIND_LOW,7,14.399999999999999,7350.0,9450.0,50.0,1457.1791222368324,1943.7815469743018,0.0,6878.178773635038,0.0,3150.0,9450.0,0.0,-0.0,0.0,220.8605571538277,0.0,0.0,-0.0,0.0,50.0,226.98204546522533,0.0,-0.0,0.0,944.1063532972438
TD_WINTER__WIND_LOW,TD_WINTER,WIND_LOW,8,14.399999999999999,7980.0,9180.0,55.0,1286.0396009422461,3563.5995027862205,0.0,6190.360896271533,0.0,3060.0,9180.0,0.0,-0.0,-0.0,0.0,0.0,0.0,-0.0,0.0,55.0,171.98204546522533,0.0,-0.0,0.0,833.2250574504814
TD_WINTER__WIND_LOW,TD_WINTER,WIND_LOW,9,14.399999999999999,8505.0,8100.000000000001,55.0,843.003113656217,4859.453867435755,0.0,5502.543018908029,0.0,2700.0000000000005,8100.000000000001,0.0,-0.0,0.0,-0.0,0.0,0.0,-0.0,0.0,55.0,116.98204546522533,0.0,-0.0,0.0,546.181717337863
TD_WINTER__WIND_LOW,TD_WINTER,WIND_LOW,10,14.399999999999999,8715.0,7020.000000000001,45.0,194.60671531577145,5701.759204457952,0.0,5158.634080226277,0.0,2340.0000000000005,7020.000000000001,0.0,-0.0,0.0,-0.0,0.0,0.0,-0.0,0.0,45.0,71.98204546522533,0.0,-0.0,0.0,126.08569085308834
TD_WINTER__WIND_LOW,TD_WINTER,WIND_LOW,11,14.399999999999999,8610.0,6480.0,35.0,3230.3038501032124,6155.308232085289,0.0,4814.725141544526,0.0,2160.0,6480.0,0.0,-0.0,-0.0,0.0,0.0,3430.337223733028,65.96802353332747,30.968023533327468,0.0,102.9500689985528,0.0,-0.0,0.0,2092.9138644818713
TD_WINTER__WIND_LOW,TD_WINTER,WIND_LOW,12,14.399999999999999,8400.0,6210.0,30.0,2910.3585025838456,5831.3446409229055,0.0,5158.634080226277,0.0,2070.0,6210.0,0.0,-0.0,-0.0,0.0,0.0,3430.337223733028,65.96802353332747,35.96802353332747,0.0,138.91809253188026,0.0,-0.0,0.0,1885.6212738240736
TD_WINTER__WIND_LOW,TD_WINTER,WIND_LOW,13,14.399999999999999,8295.0,6210.0,30.0,3169.414184573823,5053.832022133185,0.0,5846.451957589781,0.0,2070.0,6210.0,0.0,-0.0,274.3609405637612,0.0,260.6428935355731,3430.337223733028,65.96802353332747,35.96802353332747,0.0,174.88611606520772,0.0,-0.0,0.0,2053.46345018538
TD_WINTER__WIND_LOW,TD_WINTER,WIND_LOW,14,14.399999999999999,8400.0,6480.0,35.0,3698.089731296092,3757.97765748365,0.0,6534.269834953286,0.0,2160.0,6480.0,0.0,-0.0,-0.0,0.0,260.6428935355731,3430.337223733028,65.96802353332747,30.968023533327468,0.0,205.8541395985352,0.0,-0.0,0.0,2395.9923369067383
TD_WINTER__WIND_LOW,TD_WINTER,WIND_LOW,15,14.399999999999999,8715.0,7020.000000000001,40.0,5269.8653138433165,2267.7451381366855,0.0,7222.087712316788,0.0,2340.0000000000005,7020.000000000001,0.0,-0.0,274.3609405637612,0.0,521.2857870711462,3430.337223733028,65.96802353332747,25.968023533327468,0.0,231.82216313186268,0.0,-0.0,0.0,3414.345736839085
TD_WINTER__WIND_LOW,TD_WINTER,WIND_LOW,16,14.399999999999999,9030.0,7695.000000000001,50.0,3251.490730211739,777.5126187897207,0.0,7565.996650998541,0.0,2565.0000000000005,7695.000000000001,0.0,-0.0,0.0,0.0,521.2857870711462,0.0,-0.0,0.0,50.0,181.82216313186268,0.0,-0.0,0.0,2106.640844104186
TD_WINTER__WIND_LOW,TD_WINTER,WIND_LOW,17,14.399999999999999,9450.0,8640.0,60.0,5605.903734216267,129.58543646495346,0.0,8081.860059021167,0.0,2880.0,8640.0,0.0,-0.0,-0.0,0.0,521.2857870711462,1487.3492297023884,28.602869801969007,0.0,31.397130198030993,150.4250329338317,0.0,-0.0,0.0,3632.0650293987196
TD_WINTER__WIND_LOW,TD_WINTER,WIND_LOW,18,14.399999999999999,9240.0,9450.0,50.0,3517.9155923924427,-0.0,0.0,8597.723467043796,0.0,3150.0,9450.0,0.0,-0.0,0.0,274.3609405637612,232.48479700402913,0.0,-0.0,0.0,50.0,100.42503293383169,0.0,-0.0,0.0,2279.2575123110637
TD_WINTER__WIND_LOW,TD_WINTER,WIND_LOW,19,14.399999999999999,8610.0,9720.0,35.0,2885.867594274452,-0.0,0.0,8941.632405725548,0.0,3217.5,9652.5,67.5,7.486690328305234,0.0,0.0,232.48479700402913,0.0,-0.0,0.0,35.0,65.42503293383169,0.0,-0.0,0.0,1885.924865439557
TD_WINTER__WIND_LOW,TD_WINTER,WIND_LOW,20,14.399999999999999,7770.0,9450.0,25.0,1241.6436290979968,-0.0,0.0,9457.495813748175,0.0,3150.0,9450.0,0.0,-0.0,0.0,220.8605571538277,0.0,0.0,-0.0,0.0,25.0,40.42503293383169,0.0,-0.0,0.0,804.4609072925922
TD_WINTER__WIND_LOW,TD_WINTER,WIND_LOW,21,14.399999999999999,6825.0,9180.0,20.0,599.4586555926999,-0.0,0.0,9285.5413444073,0.0,3060.0,9180.0,0.0,-0.0,0.0,-0.0,0.0,0.0,-0.0,0.0,20.0,20.425032933831687,0.0,-0.0,0.0,388.38926295851024
TD_WINTER__WIND_LOW,TD_WINTER,WIND_LOW,22,14.399999999999999,6090.0,8775.0,15.0,3847.613756689232,-0.0,0.0,8597.723467043796,0.0,2925.0,8775.0,0.0,-0.0,-0.0,0.0,0.0,3430.337223733028,65.96802353332747,50.96802353332747,0.0,71.39305646715916,0.0,-0.0,0.0,2492.8689529589537
TD_WINTER__WIND_LOW,TD_WINTER,WIND_LOW,23,14.399999999999999,5670.0,8505.0,15.0,4299.7925746164965,-0.0,0.0,7909.905589680293,0.0,2835.0,8505.0,0.0,-0.0,274.3609405637612,0.0,260.6428935355731,3430.337223733028,65.96802353332747,50.96802353332747,0.0,122.36108000048662,0.0,-0.0,0.0,2785.8356090940283
TD_WINTER__LOAD_HIGH,TD_WINTER,LOAD_HIGH,0,12.0,6006.000000000001,9207.0,15.0,902.8008717209786,-0.0,0.0,9629.45028308905,0.0,3069.0,9207.0,0.0,-0.0,0.0,0.0,260.6428935355731,1457.251154810028,28.02406066942362,13.02406066942362,0.0,135.38514066991024,0.0,-0.0,0.0,584.9246847880221
TD_WINTER__LOAD_HIGH,TD_WINTER,LOAD_HIGH,1,12.0,5775.000000000001,9058.5,15.0,1907.5690632804744,-0.0,0.0,10317.268160452555,0.0,3019.5,9058.5,0.0,-0.0,0.0,0.0,260.6428935355731,3430.337223733028,65.96802353332747,50.96802353332747,0.0,186.35316420323772,0.0,-0.0,0.0,1235.9139960994194
TD_WINTER__LOAD_HIGH,TD_WINTER,LOAD_HIGH,2,12.0,5544.0,8910.000000000002,15.0,939.2511859169704,-0.0,0.0,11005.086037816058,0.0,2970.0000000000005,8910.000000000002,0.0,-0.0,0.0,0.0,260.6428935355731,3430.337223733028,65.96802353332747,50.96802353332747,0.0,237.3211877365652,0.0,-0.0,0.0,608.5408433556051
TD_WINTER__LOAD_HIGH,TD_WINTER,LOAD_HIGH,3,12.0,5428.5,8761.500000000002,15.0,315.7059343413007,-0.0,0.0,11463.631289391727,0.0,2920.5000000000005,8761.500000000002,0.0,-0.0,0.0,0.0,260.6428935355731,3430.337223733028,65.96802353332747,50.96802353332747,0.0,288.2892112698927,0.0,-0.0,0.0,204.54587485972874
TD_WINTER__LOAD_HIGH,TD_WINTER,LOAD_HIGH,4,12.0,5544.0,8613.000000000002,20.0,0.0,-0.0,0.0,11922.176540967397,0.0,2871.0000000000005,8613.000000000002,0.0,-0.0,76.83931723436899,0.0,333.6402449082236,3430.337223733028,65.96802353332747,45.96802353332747,0.0,334.2572348032202,0.0,-0.0,0.0,-0.0
TD_WINTER__LOAD_HIGH,TD_WINTER,LOAD_HIGH,5,12.0,6006.000000000001,8910.000000000002,25.0,0.0,129.58543646495346,0.0,11463.631289391727,0.0,2970.0000000000005,8910.000000000002,0.0,-0.0,0.0,0.0,333.6402449082236,2617.216725856679,50.33109088185922,25.331090881859218,0.0,359.5883256850794,0.0,-0.0,0.0,-0.0
TD_WINTER__LOAD_HIGH,TD_WINTER,LOAD_HIGH,6,12.0,7161.000000000001,9652.5,40.0,0.0,777.5126187897207,0.0,10546.54078624039,0.0,3217.5,9652.5,0.0,-0.0,197.52162332939216,0.0,521.2857870711462,748.0317817007184,14.385226571167662,0.0,25.614773428832336,333.97355225624705,0.0,-0.0,0.0,-0.0
TD_WINTER__LOAD_HIGH,TD_WINTER,LOAD_HIGH,7,12.0,8085.000000000001,10395.0,50.0,0.0,1943.7815469743018,0.0,9170.905031513383,0.0,3217.5,9652.5,742.5,82.35359361135757,0.0,187.81342151231547,323.5874486371299,0.0,-0.0,0.0,50.0,283.97355225624705,0.0,-0.0,0.0,177.88376220053235
TD_WINTER__LOAD_HIGH,TD_WINTER,LOAD_HIGH,8,12.0,8778.0,10098.0,55.0,0.0,3563.5995027862205,0.0,8253.814528362043,0.0,3217.5,9652.5,445.5,49.41215616681454,0.0,178.08596885173574,136.12853405635545,0.0,-0.0,0.0,55.0,228.97355225624705,0.0,-0.0,0.0,106.73025732031941
TD_WINTER__LOAD_HIGH,TD_WINTER,LOAD_HIGH,9,12.0,9355.5,8910.000000000002,55.0,0.0,4859.453867435755,0.0,7336.724025210706,0.0,2970.0000000000005,8910.000000000002,0.0,-0.0,0.0,129.3221073535377,0.0,0.0,-0.0,0.0,55.0,173.97355225624705,0.0,-0.0,0.0,-0.0
TD_WINTER__LOAD_HIGH,TD_WINTER,LOAD_HIGH,10,12.0,9586.5,7722.000000000002,45.0,0.0,5701.759204457952,0.0,6878.178773635036,0.0,2574.0000000000005,7722.000000000002,0.0,-0.0,-0.0,0.0,0.0,419.4379780929885,8.066114963326703,0.0,36.933885036673296,137.03966721957374,0.0,-0.0,0.0,-0.0
TD_WINTER__LOAD_HIGH,TD_WINTER,LOAD_HIGH,11,12.0,9471.0,7128.000000000001,35.0,2702.395469588371,6155.308232085289,0.0,6419.633522059368,0.0,2376.0000000000005,7128.000000000001,0.0,-0.0,-0.0,0.0,-0.0,3430.337223733028,65.96802353332747,30.968023533327468,0.0,168.00769075290123,0.0,-0.0,0.0,1750.8820247463054
TD_WINTER__LOAD_HIGH,TD_WINTER,LOAD_HIGH,12,12.0,9240.0,6831.000000000001,30.0,2237.8138091750866,5831.3446409229055,0.0,6878.178773635036,0.0,2277.0000000000005,6831.000000000001,0.0,-0.0,0.0,0.0,0.0,3430.337223733028,65.96802353332747,35.96802353332747,0.0,203.9757142862287,0.0,-0.0,0.0,1449.8795669645388
TD_WINTER__LOAD_HIGH,TD_WINTER,LOAD_HIGH,13,12.0,9124.5,6831.000000000001,30.0,1982.7359248134676,5053.832022133185,0.0,7795.2692767863755,0.0,2277.0000000000005,6831.000000000001,0.0,-0.0,-0.0,0.0,-0.0,3430.337223733028,65.96802353332747,35.96802353332747,0.0,239.9437378195562,0.0,-0.0,0.0,1284.6146056866457
TD_WINTER__LOAD_HIGH,TD_WINTER,LOAD_HIGH,14,12.0,9240.0,7128.000000000001,35.0,2850.3607268754267,3757.97765748365,0.0,8712.359779937713,0.0,2376.0000000000005,7128.000000000001,0.0,-0.0,274.3609405637612,0.0,260.6428935355731,3430.337223733028,65.96802353332747,30.968023533327468,0.0,270.9117613528837,0.0,-0.0,0.0,1846.748714942589
TD_WINTER__LOAD_HIGH,TD_WINTER,LOAD_HIGH,15,12.0,9586.5,7722.000000000002,40.0,3968.002743071054,2267.7451381366855,0.0,9629.45028308905,0.0,2574.0000000000005,7722.000000000002,0.0,-0.0,274.3609405637612,0.0,521.2857870711462,3430.337223733028,65.96802353332747,25.968023533327468,0.0,296.87978488621116,0.0,-0.0,0.0,2570.868977235736
TD_WINTER__LOAD_HIGH,TD_WINTER,LOAD_HIGH,16,12.0,9933.0,8464.500000000002,50.0,1888.9918465455594,777.5126187897207,0.0,10087.99553466472,0.0,2821.5000000000005,8464.500000000002,0.0,-0.0,0.0,-0.0,521.2857870711462,0.0,-0.0,0.0,50.0,246.87978488621116,0.0,-0.0,0.0,1223.877817376868
TD_WINTER__LOAD_HIGH,TD_WINTER,LOAD_HIGH,17,12.0,10395.0,9504.0,60.0,2657.6011515068235,129.58543646495346,0.0,10775.813412028223,0.0,3168.0,9504.0,0.0,-0.0,0.0,-0.0,521.2857870711462,0.0,-0.0,0.0,60.0,186.87978488621116,0.0,-0.0,0.0,1721.859786061271
TD_WINTER__LOAD_HIGH,TD_WINTER,LOAD_HIGH,18,12.0,10164.0,10395.0,50.0,1697.0081534544447,-0.0,0.0,11463.631289391727,0.0,3217.5,9652.5,742.5,82.35359361135757,0.0,220.8605571538277,288.800990067117,0.0,-0.0,0.0,50.0,136.87978488621116,0.0,-0.0,0.0,1277.375344823667
TD_WINTER__LOAD_HIGH,TD_WINTER,LOAD_HIGH,19,12.0,9471.0,10692.0,35.0,491.96251846884115,-0.0,0.0,11922.176540967397,0.0,3217.5,9652.5,1039.5,115.29503105590061,0.0,274.3609405637612,0.0,0.0,-0.0,0.0,35.0,101.87978488621116,0.0,-0.0,0.0,567.7797827967075
TD_WINTER__LOAD_HIGH,TD_WINTER,LOAD_HIGH,20,12.0,8547.0,10395.0,25.0,0.0,-0.0,0.0,12609.994418330902,0.0,3217.5,9652.5,742.5,82.35359361135757,0.0,0.0,-0.0,845.4944183309017,16.259508044825033,0.0,8.740491955174967,93.13929293103618,0.0,-0.0,0.0,177.88376220053235
TD_WINTER__LOAD_HIGH,TD_WINTER,LOAD_HIGH,21,12.0,7507.500000000001,10098.0,20.0,0.0,-0.0,0.0,12380.721792543067,0.0,3217.5,9652.5,445.5,49.41215616681454,0.0,0.0,-0.0,1655.7217925430668,31.840803702751288,11.840803702751288,0.0,104.98009663378747,0.0,-0.0,0.0,106.73025732031941
TD_WINTER__LOAD_HIGH,TD_WINTER,LOAD_HIGH,22,12.0,6699.000000000001,9652.5,15.0,0.0,-0.0,0.0,11463.631289391727,0.0,3217.5,9652.5,0.0,-0.0,0.0,0.0,-0.0,1547.1312893917275,29.75252479599476,14.75252479599476,0.0,119.73262142978223,0.0,-0.0,0.0,-0.0
TD_WINTER__LOAD_HIGH,TD_WINTER,LOAD_HIGH,23,12.0,6237.000000000001,9355.5,15.0,0.0,-0.0,0.0,10546.54078624039,0.0,3118.5,9355.5,0.0,-0.0,274.3609405637612,0.0,260.6428935355731,916.6798456766282,17.62845857070439,2.628458570704389,0.0,122.36108000048662,0.0,-0.0,0.0,-0.0
TD_WINTER__H2_HIGH,TD_WINTER,H2_HIGH,0,9.6,5460.0,8370.0,19.5,1803.2761917851826,-0.0,0.0,9629.45028308905,0.0,2790.0,8370.0,0.0,-0.0,0.0,247.61074885879444,-0.0,3430.337223733028,65.96802353332747,46.46802353332747,0.0,168.82910353381408,0.0,-0.0,0.0,1168.34264465762
TD_WINTER__H2_HIGH,TD_WINTER,H2_HIGH,1,9.6,5250.0,8235.0,19.5,1108.0690632804726,-0.0,0.0,10317.268160452555,0.0,2745.0,8235.0,0.0,-0.0,0.0,0.0,0.0,3430.337223733028,65.96802353332747,46.46802353332747,0.0,215.29712706714156,0.0,-0.0,0.0,717.9179460994183
TD_WINTER__H2_HIGH,TD_WINTER,H2_HIGH,2,9.6,5040.0,8100.000000000001,19.5,165.25118591697037,-0.0,0.0,11005.086037816058,0.0,2700.0000000000005,8100.000000000001,0.0,-0.0,0.0,-0.0,0.0,3430.337223733028,65.96802353332747,46.46802353332747,0.0,261.76515060046904,0.0,-0.0,0.0,107.06624335560511
TD_WINTER__H2_HIGH,TD_WINTER,H2_HIGH,3,9.6,4935.0,7965.000000000001,19.5,0.0,0.0,-0.0,11291.818662173137,171.81262721859093,2655.0000000000005,7965.000000000001,0.0,-0.0,271.481438440108,0.0,257.90736651810255,3430.337223733028,65.96802353332747,46.46802353332747,0.0,308.2331741337965,0.0,-0.0,0.0,-0.0
TD_WINTER__H2_HIGH,TD_WINTER,H2_HIGH,4,9.6,5040.0,7830.000000000001,26.0,0.0,0.0,-0.0,11354.69816429679,567.4783766706078,2610.0000000000005,7830.000000000001,0.0,-0.0,274.3609405637612,0.0,518.5502600536756,3430.337223733028,65.96802353332747,39.96802353332747,0.0,348.201197667124,0.0,-0.0,0.0,-0.0
TD_WINTER__H2_HIGH,TD_WINTER,H2_HIGH,5,9.6,5460.0,8100.000000000001,32.5,0.0,129.58543646495346,0.0,11463.631289391727,0.0,2700.0000000000005,8100.000000000001,0.0,-0.0,2.879502123653225,0.0,521.2857870711462,3430.337223733028,65.96802353332747,33.46802353332747,0.0,381.6692212004515,0.0,-0.0,0.0,-0.0
TD_WINTER__H2_HIGH,TD_WINTER,H2_HIGH,6,9.6,6510.0,8775.0,52.0,0.0,777.5126187897207,0.0,10546.54078624039,0.0,2925.0,8775.0,0.0,-0.0,0.0,274.3609405637612,232.48479700402913,2163.4143455938724,41.604122030651396,0.0,10.395877969348604,371.2733432311029,0.0,-0.0,0.0,-0.0
TD_WINTER__H2_HIGH,TD_WINTER,H2_HIGH,7,9.6,7350.0,9450.0,65.0,0.0,1943.7815469743018,0.0,9170.905031513383,0.0,3150.0,9450.0,0.0,-0.0,0.0,220.8605571538277,-0.0,835.5471356415128,16.06821414695217,0.0,48.93178585304783,322.3415573780551,0.0,-0.0,0.0,-0.0
TD_WINTER__H2_HIGH,TD_WINTER,H2_HIGH,8,9.6,7980.0,9180.0,71.5,0.0,3563.5995027862205,0.0,8253.814528362043,0.0,3060.0,9180.0,0.0,-0.0,0.0,0.0,-0.0,777.4140311482638,14.950269829774305,0.0,56.54973017022569,265.7918272078294,0.0,-0.0,0.0,-0.0
TD_WINTER__H2_HIGH,TD_WINTER,H2_HIGH,9,9.6,8505.0,8100.000000000001,71.5,0.0,4859.453867435755,0.0,7336.724025210706,0.0,2700.0000000000005,8100.000000000001,0.0,-0.0,0.0,0.0,-0.0,991.1778926464604,19.06111332012424,0.0,52.438886679875765,213.35294052795362,0.0,-0.0,0.0,-0.0
TD_WINTER__H2_HIGH,TD_WINTER,H2_HIGH,10,9.6,8715.0,7020.000000000001,58.5,0.0,5701.759204457952,0.0,6878.178773635036,0.0,2340.0000000000005,7020.000000000001,0.0,-0.0,0.0,0.0,0.0,1524.9379780929885,29.325730347942088,0.0,29.174269652057912,184.1786708758957,0.0,-0.0,0.0,-0.0
TD_WINTER__H2_HIGH,TD_WINTER,H2_HIGH,11,9.6,8610.0,6480.0,45.5,1625.3954695883704,6155.308232085289,0.0,6419.633522059368,0.0,2160.0,6480.0,0.0,-0.0,-0.0,0.0,0.0,3430.337223733028,65.96802353332747,20.468023533327468,0.0,204.6466944092232,0.0,-0.0,0.0,1053.0937247463053
TD_WINTER__H2_HIGH,TD_WINTER,H2_HIGH,12,9.6,8400.0,6210.0,39.0,1190.8138091750861,5831.3446409229055,0.0,6878.178773635036,0.0,2070.0,6210.0,0.0,-0.0,-0.0,0.0,0.0,3430.337223733028,65.96802353332747,26.968023533327468,0.0,231.61471794255067,0.0,-0.0,0.0,771.5282669645384
TD_WINTER__H2_HIGH,TD_WINTER,H2_HIGH,13,9.6,8295.0,6210.0,39.0,946.2359248134671,5053.832022133185,0.0,7795.2692767863755,0.0,2070.0,6210.0,0.0,-0.0,-0.0,0.0,-0.0,3430.337223733028,65.96802353332747,26.968023533327468,0.0,258.58274147587815,0.0,-0.0,0.0,613.0662556866454
TD_WINTER__H2_HIGH,TD_WINTER,H2_HIGH,14,9.6,8400.0,6480.0,45.5,1794.3607268754263,3757.97765748365,0.0,8712.359779937713,0.0,2160.0,6480.0,0.0,-0.0,274.3609405637612,0.0,260.6428935355731,3430.337223733028,65.96802353332747,20.468023533327468,0.0,279.05076500920563,0.0,-0.0,0.0,1162.5663149425886
TD_WINTER__H2_HIGH,TD_WINTER,H2_HIGH,15,9.6,8715.0,7020.000000000001,52.0,2862.502743071054,2267.7451381366855,0.0,9629.45028308905,0.0,2340.0000000000005,7020.000000000001,0.0,-0.0,274.3609405637612,0.0,521.2857870711462,3430.337223733028,65.96802353332747,13.968023533327468,0.0,293.0187885425331,0.0,-0.0,0.0,1854.615527235736
TD_WINTER__H2_HIGH,TD_WINTER,H2_HIGH,16,9.6,9030.0,7695.000000000001,65.0,729.4918465455594,777.5126187897207,0.0,10087.99553466472,0.0,2565.0000000000005,7695.000000000001,0.0,-0.0,0.0,-0.0,521.2857870711462,0.0,-0.0,0.0,65.0,228.01878854253312,0.0,-0.0,0.0,472.63776737686794
TD_WINTER__H2_HIGH,TD_WINTER,H2_HIGH,17,9.6,9450.0,8640.0,78.0,1424.6011515068235,129.58543646495346,0.0,10775.813412028223,0.0,2880.0,8640.0,0.0,-0.0,0.0,0.0,521.2857870711462,0.0,-0.0,0.0,78.0,150.01878854253312,0.0,-0.0,0.0,922.999086061271
TD_WINTER__H2_HIGH,TD_WINTER,H2_HIGH,18,9.6,9240.0,9450.0,65.0,652.0077700445108,-0.0,0.0,11463.631289391727,0.0,3150.0,9450.0,0.0,-0.0,0.0,274.3609405637612,232.48479700402913,0.0,-0.0,0.0,65.0,85.01878854253312,0.0,-0.0,0.0,422.4358342118386
TD_WINTER__H2_HIGH,TD_WINTER,H2_HIGH,19,9.6,8610.0,9720.0,45.5,0.0,-0.0,0.0,11922.176540967397,0.0,3217.5,9652.5,67.5,7.486690328305234,0.0,0.0,232.48479700402913,94.67654096739716,1.820702710911484,0.0,43.67929728908852,41.3394912534446,0.0,-0.0,0.0,16.171251109139305
TD_WINTER__H2_HIGH,TD_WINTER,H2_HIGH,20,9.6,7770.0,9450.0,32.5,0.0,-0.0,0.0,12609.994418330902,0.0,3150.0,9450.0,0.0,-0.0,0.0,0.0,232.48479700402913,1689.9944183309017,32.499892660209646,0.0,0.00010733979035393304,41.339383913654245,0.0,-0.0,0.0,-0.0
TD_WINTER__H2_HIGH,TD_WINTER,H2_HIGH,21,9.6,6825.0,9180.0,26.0,0.0,-0.0,0.0,12380.721792543067,0.0,3060.0,9180.0,0.0,-0.0,0.0,0.0,232.48479700402913,2495.721792543067,47.99464985659744,21.99464985659744,0.0,63.334033770251686,0.0,-0.0,0.0,-0.0
TD_WINTER__H2_HIGH,TD_WINTER,H2_HIGH,22,9.6,6090.0,8775.0,19.5,0.0,-0.0,0.0,11463.631289391727,0.0,2925.0,8775.0,0.0,-0.0,0.0,0.0,232.48479700402913,2448.6312893917275,47.089063257533226,27.589063257533226,0.0,90.9230970277849,0.0,-0.0,0.0,-0.0
TD_WINTER__H2_HIGH,TD_WINTER,H2_HIGH,23,9.6,5670.0,8505.0,19.5,636.8744299522509,-0.0,0.0,10546.54078624039,0.0,2835.0,8505.0,0.0,-0.0,29.640101612151526,0.0,260.6428935355731,2648.775114580489,50.93798297270172,31.437982972701718,0.0,122.36108000048662,0.0,-0.0,0.0,412.6309431660634
TD_WINTER__EXTREME,TD_WINTER,EXTREME,0,9.6,6006.000000000001,9625.5,19.5,5422.749511416241,-0.0,0.0,7222.087712316788,0.0,3208.5,9625.5,0.0,-0.0,0.0,0.0,260.6428935355731,3430.337223733028,65.96802353332747,46.46802353332747,0.0,168.82910353381408,0.0,-0.0,0.0,3513.3994084465826
TD_WINTER__EXTREME,TD_WINTER,EXTREME,1,9.6,5775.000000000001,9470.25,19.5,4624.136103393613,-0.0,0.0,7737.951120339417,0.0,3156.75,9470.25,0.0,-0.0,0.0,0.0,260.6428935355731,3430.337223733028,65.96802353332747,46.46802353332747,0.0,215.29712706714156,0.0,-0.0,0.0,2995.9777813887217
TD_WINTER__EXTREME,TD_WINTER,EXTREME,2,9.6,5544.0,9315.0,19.5,3825.5226953709844,-0.0,0.0,8253.814528362043,0.0,3105.0,9315.0,0.0,-0.0,-0.0,0.0,260.6428935355731,3430.337223733028,65.96802353332747,46.46802353332747,0.0,261.76515060046904,0.0,-0.0,0.0,2478.556154330861
TD_WINTER__EXTREME,TD_WINTER,EXTREME,3,9.6,5428.5,9159.75,19.5,3588.724697252994,-0.0,0.0,8597.723467043796,0.0,3053.25,9159.75,0.0,-0.0,274.3609405637612,0.0,521.2857870711462,3430.337223733028,65.96802353332747,46.46802353332747,0.0,308.2331741337965,0.0,-0.0,0.0,2325.1347313502147
TD_WINTER__EXTREME,TD_WINTER,EXTREME,4,9.6,5544.0,9004.5,26.0,0.0,-0.0,0.0,8941.632405725548,0.0,3001.5,9004.5,0.0,-0.0,0.0,0.0,521.2857870711462,396.13240572554787,7.617930879337459,0.0,18.382069120662543,289.851105013134,0.0,-0.0,0.0,-0.0
TD_WINTER__EXTREME,TD_WINTER,EXTREME,5,9.6,6006.000000000001,9315.0,32.5,1975.3759657097603,90.7098055254674,0.0,8597.723467043796,0.0,3105.0,9315.0,0.0,-0.0,-0.0,0.0,521.2857870711462,1552.8092382790223,29.86171612075043,0.0,2.6382838792495704,287.2128211338844,0.0,-0.0,0.0,1279.8460881833537
TD_WINTER__EXTREME,TD_WINTER,EXTREME,6,9.6,7161.000000000001,10091.25,52.0,1649.9746366031409,544.2588331528044,0.0,7909.905589680293,0.0,3217.5,9652.5,438.75,48.66348713398402,0.0,274.3609405637612,232.48479700402913,0.0,-0.0,0.0,52.0,235.2128211338844,0.0,-0.0,0.0,1174.1316992645804
TD_WINTER__EXTREME,TD_WINTER,EXTREME,7,9.6,8085.000000000001,10867.5,65.0,2842.813586329123,1360.6470828820113,0.0,6878.178773635038,0.0,3217.5,9652.5,1215.0,134.76042590949422,0.0,220.8605571538277,0.0,0.0,-0.0,0.0,65.0,170.2128211338844,0.0,-0.0,0.0,2132.9414425471464
TD_WINTER__EXTREME,TD_WINTER,EXTREME,8,9.6,8778.0,10557.0,71.5,6740.95667551114,2494.5196519503543,0.0,6190.360896271533,0.0,3217.5,9652.5,904.5,100.32165039929014,0.0,0.0,-0.0,3430.337223733028,65.96802353332747,0.0,5.531976466672532,164.6808446672119,0.0,-0.0,0.0,4584.160594926134
TD_WINTER__EXTREME,TD_WINTER,EXTREME,9,9.6,9355.5,9315.0,71.5,3556.3392738869434,3401.6177072050277,0.0,5502.543018908029,0.0,3105.0,9315.0,0.0,-0.0,0.0,-0.0,0.0,0.0,-0.0,0.0,71.5,93.18084466721187,0.0,-0.0,0.0,2304.1522155513508
TD_WINTER__EXTREME,TD_WINTER,EXTREME,10,9.6,9586.5,8073.0,58.5,6557.971700386184,3991.2314431205664,0.0,5158.634080226277,0.0,2691.0,8073.0,0.0,-0.0,0.0,-0.0,0.0,3430.337223733028,65.96802353332747,7.468023533327468,0.0,100.64886820053934,0.0,-0.0,0.0,4248.909864680209
TD_WINTER__EXTREME,TD_WINTER,EXTREME,11,9.6,9471.0,7451.999999999999,45.5,6261.896319728799,4308.715762459702,0.0,4814.725141544526,0.0,2483.9999999999995,7451.999999999999,0.0,-0.0,0.0,0.0,-0.0,3430.337223733028,65.96802353332747,20.468023533327468,0.0,121.11689173386681,0.0,-0.0,0.0,4057.0826255522893
TD_WINTER__EXTREME,TD_WINTER,EXTREME,12,9.6,9240.0,7141.499999999999,39.0,5810.261894860717,4081.9412486460337,0.0,5158.634080226277,0.0,2380.4999999999995,7141.499999999999,0.0,-0.0,-0.0,0.0,0.0,3430.337223733028,65.96802353332747,26.968023533327468,0.0,148.08491526719428,0.0,-0.0,0.0,3764.4686816802587
TD_WINTER__EXTREME,TD_WINTER,EXTREME,13,9.6,9124.5,7141.499999999999,39.0,5551.202850650017,3537.6824154932287,0.0,5846.451957589781,0.0,2380.4999999999995,7141.499999999999,0.0,-0.0,-0.0,0.0,-0.0,3430.337223733028,65.96802353332747,26.968023533327468,0.0,175.05293880052176,0.0,-0.0,0.0,3596.6243269361466
TD_WINTER__EXTREME,TD_WINTER,EXTREME,14,9.6,9240.0,7451.999999999999,45.5,6263.843969104948,2630.584360238555,0.0,6534.269834953286,0.0,2483.9999999999995,7451.999999999999,0.0,-0.0,274.3609405637612,0.0,260.6428935355731,3430.337223733028,65.96802353332747,20.468023533327468,0.0,195.52096233384924,0.0,-0.0,0.0,4058.344507583096
TD_WINTER__EXTREME,TD_WINTER,EXTREME,15,9.6,9586.5,8073.0,52.0,7172.688855284321,1587.4215966956797,0.0,7222.087712316788,0.0,2691.0,8073.0,0.0,-0.0,274.3609405637612,0.0,521.2857870711462,3430.337223733028,65.96802353332747,13.968023533327468,0.0,209.48898586717672,0.0,-0.0,0.0,4647.185109338712
TD_WINTER__EXTREME,TD_WINTER,EXTREME,16,9.6,9933.0,8849.25,65.0,8202.831739581683,544.2588331528044,0.0,7565.996650998541,0.0,2949.75,8849.25,0.0,-0.0,0.0,-0.0,521.2857870711462,3430.337223733028,65.96802353332747,0.968023533327468,0.0,210.4570094005042,0.0,-0.0,0.0,5314.6146840749725
TD_WINTER__EXTREME,TD_WINTER,EXTREME,17,9.6,10395.0,9936.0,78.0,8870.26735918639,90.7098055254674,0.0,8081.860059021167,0.0,3217.5,9652.5,283.5,31.444099378881983,0.0,0.0,521.2857870711462,3430.337223733028,65.96802353332747,0.0,12.031976466672532,198.4250329338317,0.0,-0.0,0.0,5814.965476675247
TD_WINTER__EXTREME,TD_WINTER,EXTREME,18,9.6,10164.0,10867.5,65.0,4509.415592392443,-0.0,0.0,8597.723467043796,0.0,3217.5,9652.5,1215.0,134.76042590949422,0.0,274.3609405637612,232.48479700402913,0.0,-0.0,0.0,65.0,133.4250329338317,0.0,-0.0,0.0,3212.7328822755712
TD_WINTER__EXTREME,TD_WINTER,EXTREME,19,9.6,9471.0,11178.0,45.5,3526.0070371206243,-0.0,0.0,8941.632405725548,0.0,3217.5,9652.5,1525.5,169.19920141969828,0.0,220.8605571538277,0.0,0.0,-0.0,0.0,45.5,87.92503293383169,0.0,-0.0,0.0,2649.970234417001
TD_WINTER__EXTREME,TD_WINTER,EXTREME,20,9.6,8547.0,10867.5,32.5,2307.0041862518246,-0.0,0.0,9457.495813748175,0.0,3217.5,9652.5,1215.0,134.76042590949422,0.0,0.0,-0.0,0.0,-0.0,0.0,32.5,55.42503293383169,0.0,-0.0,0.0,1785.7905322370648
TD_WINTER__EXTREME,TD_WINTER,EXTREME,21,9.6,7507.500000000001,10557.0,26.0,1439.4586555926999,-0.0,0.0,9285.5413444073,0.0,3217.5,9652.5,904.5,100.32165039929014,0.0,-0.0,0.0,0.0,-0.0,0.0,26.0,29.425032933831687,0.0,-0.0,0.0,1149.320027820977
TD_WINTER__EXTREME,TD_WINTER,EXTREME,22,9.6,6699.000000000001,10091.25,19.5,4749.113756689234,-0.0,0.0,8597.723467043796,0.0,3217.5,9652.5,438.75,48.66348713398402,-0.0,0.0,0.0,3430.337223733028,65.96802353332747,46.46802353332747,0.0,75.89305646715916,0.0,-0.0,0.0,3182.0639351683603
TD_WINTER__EXTREME,TD_WINTER,EXTREME,23,9.6,6237.000000000001,9780.75,19.5,5249.292574616497,-0.0,0.0,7909.905589680293,0.0,3217.5,9652.5,128.25,14.224711623779944,274.3609405637612,0.0,260.6428935355731,3430.337223733028,65.96802353332747,46.46802353332747,0.0,122.36108000048662,0.0,-0.0,0.0,3431.7420362013936
TD_TRANSITION__NORMAL,TD_TRANSITION,NORMAL,0,62.5,5200.0,5580.0,15.0,0.0,0.0,-0.0,7060.0,2569.4502830890506,1860.0,5580.0,0.0,-0.0,0.0,0.0,260.6428935355731,0.0,-0.0,0.0,15.0,107.36108000048662,0.0,-0.0,-0.0,-0.0
TD_TRANSITION__NORMAL,TD_TRANSITION,NORMAL,1,62.5,5000.0,5490.0,15.0,0.0,0.0,-0.0,6830.0,3487.268160452555,1830.0,5490.0,0.0,-0.0,0.0,0.0,260.6428935355731,0.0,-0.0,0.0,15.0,92.36108000048662,0.0,-0.0,-0.0,-0.0
TD_TRANSITION__NORMAL,TD_TRANSITION,NORMAL,2,62.5,4800.0,5400.0,15.0,0.0,0.0,-0.0,6600.0,4405.086037816058,1800.0,5400.0,0.0,-0.0,0.0,0.0,260.6428935355731,0.0,-0.0,0.0,15.0,77.36108000048662,0.0,-0.0,-0.0,-0.0
TD_TRANSITION__NORMAL,TD_TRANSITION,NORMAL,3,62.5,4700.0,5310.0,15.0,0.0,0.0,-0.0,9900.337223733028,1563.2940656586998,1770.0,5310.0,0.0,-0.0,0.0,0.0,260.6428935355731,3430.337223733028,65.96802353332747,50.96802353332747,0.0,128.32910353381408,0.0,-0.0,-0.0,-0.0
TD_TRANSITION__NORMAL,TD_TRANSITION,NORMAL,4,62.5,4800.0,5220.0,20.0,0.0,0.0,-0.0,9050.593828572211,2871.582712395186,1740.0,5220.0,0.0,-0.0,0.0,0.0,260.6428935355731,2510.5938285722114,48.280650549465605,28.280650549465605,0.0,156.60975408327968,0.0,-0.0,-0.0,-0.0
TD_TRANSITION__NORMAL,TD_TRANSITION,NORMAL,5,62.5,5200.0,5400.0,25.0,0.0,129.58543646495346,0.0,6870.414563535047,4593.216725856681,1800.0,5400.0,0.0,-0.0,0.0,0.0,260.6428935355731,0.0,-0.0,0.0,25.0,131.60975408327968,0.0,-0.0,-0.0,-0.0
TD_TRANSITION__NORMAL,TD_TRANSITION,NORMAL,6,62.5,6200.0,5850.0,40.0,0.0,777.5126187897207,0.0,10546.54078624039,0.0,1950.0,5850.0,0.0,-0.0,0.0,0.0,260.6428935355731,3174.0534050301108,61.039488558271366,21.039488558271366,0.0,152.64924264155104,0.0,-0.0,-0.0,-0.0
TD_TRANSITION__NORMAL,TD_TRANSITION,NORMAL,7,62.5,7000.0,6300.0,50.0,0.0,1943.7815469743018,0.0,7156.218453025698,2014.6865784876845,2100.0,6300.0,0.0,-0.0,0.0,0.0,260.6428935355731,0.0,-0.0,0.0,50.0,102.64924264155104,0.0,-0.0,-0.0,-0.0
TD_TRANSITION__NORMAL,TD_TRANSITION,NORMAL,8,62.5,7600.0,6120.0,55.0,0.0,3563.5995027862205,0.0,8253.814528362043,0.0,2040.0,6120.0,0.0,-0.0,0.0,0.0,260.6428935355731,2177.414031148264,41.873346752851226,0.0,13.126653247148774,89.52258939440226,0.0,-0.0,-0.0,-0.0
TD_TRANSITION__NORMAL,TD_TRANSITION,NORMAL,9,62.5,8100.0,5400.0,55.0,0.0,4859.453867435755,0.0,7336.724025210706,0.0,1800.0,5400.0,0.0,-0.0,0.0,0.0,260.6428935355731,2296.1778926464604,44.15726716627809,0.0,10.84273283372191,78.67985656068035,0.0,-0.0,-0.0,-0.0
TD_TRANSITION__NORMAL,TD_TRANSITION,NORMAL,10,62.5,8300.0,4680.0,45.0,0.0,5701.759204457952,0.0,6878.178773635036,0.0,1560.0,4680.0,0.0,-0.0,0.0,0.0,260.6428935355731,2719.9379780929885,52.30649957871132,7.306499578711318,0.0,85.98635613939166,0.0,-0.0,-0.0,-0.0
TD_TRANSITION__NORMAL,TD_TRANSITION,NORMAL,11,62.5,8200.0,4320.0,35.0,0.0,6155.308232085289,0.0,3484.691767914711,2934.9417541446574,1440.0,4320.0,0.0,-0.0,0.0,0.0,260.6428935355731,0.0,-0.0,0.0,35.0,50.98635613939166,0.0,-0.0,-0.0,-0.0
TD_TRANSITION__NORMAL,TD_TRANSITION,NORMAL,12,62.5,8000.0,4140.0,30.0,0.0,5831.3446409229055,0.0,6878.178773635036,0.0,1380.0,4140.0,0.0,-0.0,0.0,0.0,260.6428935355731,3329.5234145579416,64.02929643380658,34.02929643380658,0.0,85.01565257319824,0.0,-0.0,-0.0,-0.0
TD_TRANSITION__NORMAL,TD_TRANSITION,NORMAL,13,62.5,7900.0,4140.0,30.0,0.0,4915.067946946652,138.76407518653286,7795.2692767863755,0.0,1380.0,4140.0,0.0,-0.0,0.0,0.0,260.6428935355731,3430.337223733028,65.96802353332747,35.96802353332747,0.0,120.9836761065257,0.0,-0.0,-0.0,-0.0
TD_TRANSITION__NORMAL,TD_TRANSITION,NORMAL,14,62.5,8000.0,4320.0,35.0,0.0,3757.97765748365,0.0,8712.359779937713,0.0,1440.0,4320.0,0.0,-0.0,0.0,0.0,260.6428935355731,3030.337437421363,58.27571995041083,23.27571995041083,0.0,144.25939605693654,0.0,-0.0,-0.0,-0.0
TD_TRANSITION__NORMAL,TD_TRANSITION,NORMAL,15,62.5,8300.0,4680.0,40.0,0.0,2267.7451381366855,0.0,9629.45028308905,0.0,1560.0,4680.0,0.0,-0.0,0.0,0.0,260.6428935355731,2037.195421225736,39.17683502357185,0.0,0.8231649764281528,143.43623108050838,0.0,-0.0,-0.0,-0.0
TD_TRANSITION__NORMAL,TD_TRANSITION,NORMAL,16,62.5,8600.0,5130.0,50.0,0.0,777.5126187897207,0.0,10087.99553466472,0.0,1710.0,5130.0,0.0,-0.0,0.0,0.0,260.6428935355731,555.508153454441,10.682849104893096,0.0,39.317150895106906,104.11908018540146,0.0,-0.0,-0.0,-0.0
TD_TRANSITION__NORMAL,TD_TRANSITION,NORMAL,17,62.5,9000.0,5760.0,60.0,0.0,129.58543646495346,0.0,10775.813412028223,0.0,1920.0,5760.0,0.0,-0.0,0.0,14.601151506823584,245.27326037049562,0.0,-0.0,0.0,60.0,44.11908018540145,0.0,-0.0,-0.0,-0.0
TD_TRANSITION__NORMAL,TD_TRANSITION,NORMAL,18,62.5,8800.0,6300.0,50.0,0.0,0.0,-0.0,11463.631289391727,0.0,2100.0,6300.0,0.0,-0.0,0.0,0.0,245.27326037049562,563.6312893917275,10.83906325753322,0.0,39.16093674246678,4.95814344293467,0.0,-0.0,-0.0,-0.0
TD_TRANSITION__NORMAL,TD_TRANSITION,NORMAL,19,62.5,8200.0,6480.0,35.0,0.0,0.0,-0.0,11922.176540967397,0.0,2160.0,6480.0,0.0,-0.0,0.0,0.0,245.27326037049562,1562.1765409673972,30.04185655706533,0.0,4.95814344293467,0.0,0.0,-0.0,-0.0,-0.0
TD_TRANSITION__NORMAL,TD_TRANSITION,NORMAL,20,62.5,7400.0,6300.0,25.0,0.0,0.0,-0.0,10800.0,1809.9944183309017,2100.0,6300.0,0.0,-0.0,0.0,0.0,245.27326037049562,1300.0,25.0,0.0,-0.0,0.0,0.0,-0.0,-0.0,-0.0
TD_TRANSITION__NORMAL,TD_TRANSITION,NORMAL,21,62.5,6500.0,6120.0,20.0,0.0,0.0,-0.0,10815.898150051886,1564.823642491181,2040.0,6120.0,0.0,-0.0,0.0,0.0,245.27326037049562,2275.8981500518853,43.767272116382415,23.767272116382415,0.0,23.767272116382415,0.0,-0.0,-0.0,-0.0
TD_TRANSITION__NORMAL,TD_TRANSITION,NORMAL,22,62.5,5800.0,5850.0,15.0,0.0,0.0,-0.0,11196.515784959425,267.11550443230226,1950.0,5850.0,0.0,-0.0,16.178561226397328,0.0,260.6428935355731,3430.337223733028,65.96802353332747,50.96802353332747,0.0,74.73529564970988,0.0,-0.0,-0.0,-0.0
TD_TRANSITION__NORMAL,TD_TRANSITION,NORMAL,23,62.5,5400.0,5670.0,15.0,0.0,0.0,-0.0,10546.54078624039,0.0,1890.0,5670.0,0.0,-0.0,0.0,0.0,260.6428935355731,3256.54078624039,62.62578435077673,47.62578435077673,0.0,122.36108000048662,0.0,-0.0,-0.0,-0.0
TD_TRANSITION__PV_LOW,TD_TRANSITION,PV_LOW,0,15.0,5200.0,5580.0,15.0,0.0,0.0,-0.0,7060.0,2569.4502830890506,1860.0,5580.0,0.0,-0.0,0.0,0.0,260.6428935355731,0.0,-0.0,0.0,15.0,107.36108000048662,0.0,-0.0,-0.0,-0.0
TD_TRANSITION__PV_LOW,TD_TRANSITION,PV_LOW,1,15.0,5000.0,5490.0,15.0,0.0,0.0,-0.0,10260.337223733028,56.93093671952738,1830.0,5490.0,0.0,-0.0,0.0,0.0,260.6428935355731,3430.337223733028,65.96802353332747,50.96802353332747,0.0,158.32910353381408,0.0,-0.0,-0.0,-0.0
TD_TRANSITION__PV_LOW,TD_TRANSITION,PV_LOW,2,15.0,4800.0,5400.0,15.0,0.0,0.0,-0.0,10030.337223733028,974.7488140830301,1800.0,5400.0,0.0,-0.0,0.0,0.0,260.6428935355731,3430.337223733028,65.96802353332747,50.96802353332747,0.0,209.29712706714156,0.0,-0.0,-0.0,-0.0
TD_TRANSITION__PV_LOW,TD_TRANSITION,PV_LOW,3,15.0,4700.0,5310.0,15.0,0.0,0.0,-0.0,9900.337223733028,1563.2940656586998,1770.0,5310.0,0.0,-0.0,0.0,0.0,260.6428935355731,3430.337223733028,65.96802353332747,50.96802353332747,0.0,260.26515060046904,0.0,-0.0,-0.0,-0.0
TD_TRANSITION__PV_LOW,TD_TRANSITION,PV_LOW,4,15.0,4800.0,5220.0,20.0,0.0,0.0,-0.0,6986.472044865263,4935.704496102134,1740.0,5220.0,0.0,-0.0,0.0,0.0,260.6428935355731,446.47204486526334,8.586000862793526,0.0,11.413999137206474,248.85115146326257,0.0,-0.0,-0.0,-0.0
TD_TRANSITION__PV_LOW,TD_TRANSITION,PV_LOW,5,15.0,5200.0,5400.0,25.0,0.0,0.0,90.7098055254674,10430.337223733028,1033.2940656586998,1800.0,5400.0,0.0,-0.0,0.0,0.0,260.6428935355731,3430.337223733028,65.96802353332747,40.96802353332747,0.0,289.81917499659005,0.0,-0.0,-0.0,-0.0
TD_TRANSITION__PV_LOW,TD_TRANSITION,PV_LOW,6,15.0,6200.0,5850.0,40.0,0.0,544.2588331528044,0.0,10546.54078624039,0.0,1950.0,5850.0,0.0,-0.0,0.0,0.0,260.6428935355731,2940.7996193931945,56.55383883448451,16.55383883448451,0.0,306.37301383107456,0.0,-0.0,-0.0,-0.0
TD_TRANSITION__PV_LOW,TD_TRANSITION,PV_LOW,7,15.0,7000.0,6300.0,50.0,0.0,1360.6470828820113,0.0,9170.905031513383,0.0,2100.0,6300.0,0.0,-0.0,0.0,0.0,260.6428935355731,1431.552114395394,27.52984835375758,0.0,22.47015164624242,283.90286218483214,0.0,-0.0,-0.0,-0.0
TD_TRANSITION__PV_LOW,TD_TRANSITION,PV_LOW,8,15.0,7600.0,6120.0,55.0,0.0,1386.1854716379567,1108.3341803123976,8253.814528362043,0.0,2040.0,6120.0,0.0,-0.0,0.0,0.0,260.6428935355731,0.0,-0.0,0.0,55.0,228.90286218483214,0.0,-0.0,-0.0,-0.0
TD_TRANSITION__PV_LOW,TD_TRANSITION,PV_LOW,9,15.0,8100.0,5400.0,55.0,0.0,3401.6177072050277,0.0,7336.724025210706,0.0,1800.0,5400.0,0.0,-0.0,0.0,0.0,260.6428935355731,838.3417324157335,16.12195639261026,0.0,38.87804360738974,190.0248185774424,0.0,-0.0,-0.0,-0.0
TD_TRANSITION__PV_LOW,TD_TRANSITION,PV_LOW,10,15.0,8300.0,4680.0,45.0,0.0,3991.2314431205664,0.0,6878.178773635036,0.0,1560.0,4680.0,0.0,-0.0,0.0,0.0,260.6428935355731,1009.4102167556025,19.41173493760774,0.0,25.58826506239226,164.43655351505015,0.0,-0.0,-0.0,-0.0
TD_TRANSITION__PV_LOW,TD_TRANSITION,PV_LOW,11,15.0,8200.0,4320.0,35.0,0.0,4308.715762459702,0.0,6419.633522059368,0.0,1440.0,4320.0,0.0,-0.0,0.0,0.0,260.6428935355731,1088.3492845190704,20.929793933059045,0.0,14.070206066940955,150.3663474481092,0.0,-0.0,-0.0,-0.0
TD_TRANSITION__PV_LOW,TD_TRANSITION,PV_LOW,12,15.0,8000.0,4140.0,30.0,0.0,4081.9412486460337,0.0,6878.178773635036,0.0,1380.0,4140.0,0.0,-0.0,0.0,0.0,260.6428935355731,1580.1200222810699,30.386923505405193,0.3869235054051927,0.0,150.7532709535144,0.0,-0.0,-0.0,-0.0
TD_TRANSITION__PV_LOW,TD_TRANSITION,PV_LOW,13,15.0,7900.0,4140.0,30.0,0.0,3537.6824154932287,0.0,7795.2692767863755,0.0,1380.0,4140.0,0.0,-0.0,0.0,0.0,260.6428935355731,2052.9516922796042,39.47984023614624,9.479840236146238,0.0,160.23311118966063,0.0,-0.0,-0.0,-0.0
TD_TRANSITION__PV_LOW,TD_TRANSITION,PV_LOW,14,15.0,8000.0,4320.0,35.0,0.0,2630.584360238555,0.0,8712.359779937713,0.0,1440.0,4320.0,0.0,-0.0,0.0,0.0,260.6428935355731,1902.9441401762679,36.595079618774385,1.5950796187743848,0.0,161.828190808435,0.0,-0.0,-0.0,-0.0
TD_TRANSITION__PV_LOW,TD_TRANSITION,PV_LOW,15,15.0,8300.0,4680.0,40.0,0.0,1587.4215966956797,0.0,9629.45028308905,0.0,1560.0,4680.0,0.0,-0.0,0.0,0.0,260.6428935355731,1356.8718797847303,26.0936899958602,0.0,13.906310004139801,147.9218808042952,0.0,-0.0,-0.0,-0.0
TD_TRANSITION__PV_LOW,TD_TRANSITION,PV_LOW,16,15.0,8600.0,5130.0,50.0,0.0,544.2588331528044,0.0,10087.99553466472,0.0,1710.0,5130.0,0.0,-0.0,0.0,0.0,260.6428935355731,322.25436781752467,6.197199381106244,0.0,43.802800618893755,104.11908018540146,0.0,-0.0,-0.0,-0.0
TD_TRANSITION__PV_LOW,TD_TRANSITION,PV_LOW,17,15.0,9000.0,5760.0,60.0,0.0,90.7098055254674,0.0,10775.813412028223,0.0,1920.0,5760.0,0.0,-0.0,0.0,53.47678244630964,204.35154359208926,0.0,-0.0,0.0,60.0,44.11908018540145,0.0,-0.0,-0.0,-0.0
TD_TRANSITION__PV_LOW,TD_TRANSITION,PV_LOW,18,15.0,8800.0,6300.0,50.0,0.0,0.0,-0.0,11463.631289391727,0.0,2100.0,6300.0,0.0,-0.0,0.0,0.0,204.35154359208926,563.6312893917275,10.83906325753322,0.0,39.16093674246678,4.95814344293467,0.0,-0.0,-0.0,-0.0
TD_TRANSITION__PV_LOW,TD_TRANSITION,PV_LOW,19,15.0,8200.0,6480.0,35.0,0.0,0.0,-0.0,11922.176540967397,0.0,2160.0,6480.0,0.0,-0.0,0.0,0.0,204.35154359208926,1562.1765409673972,30.04185655706533,0.0,4.95814344293467,0.0,0.0,-0.0,-0.0,-0.0
TD_TRANSITION__PV_LOW,TD_TRANSITION,PV_LOW,20,15.0,7400.0,6300.0,25.0,0.0,0.0,-0.0,12609.994418330902,0.0,2100.0,6300.0,0.0,-0.0,0.0,0.0,204.35154359208926,3109.9944183309017,59.80758496790196,34.80758496790196,0.0,34.80758496790196,0.0,-0.0,-0.0,-0.0
TD_TRANSITION__PV_LOW,TD_TRANSITION,PV_LOW,21,15.0,6500.0,6120.0,20.0,0.0,0.0,-0.0,11970.337223733028,410.3845688100391,2040.0,6120.0,0.0,-0.0,0.0,0.0,204.35154359208926,3430.337223733028,65.96802353332747,45.96802353332747,0.0,80.77560850122943,0.0,-0.0,-0.0,-0.0
TD_TRANSITION__PV_LOW,TD_TRANSITION,PV_LOW,22,15.0,5800.0,5850.0,15.0,0.0,0.0,-0.0,11239.591276305116,224.040013086611,1950.0,5850.0,0.0,-0.0,59.254052572088234,0.0,260.6428935355731,3430.337223733028,65.96802353332747,50.96802353332747,0.0,131.7436320345569,0.0,-0.0,-0.0,-0.0
TD_TRANSITION__PV_LOW,TD_TRANSITION,PV_LOW,23,15.0,5400.0,5670.0,15.0,0.0,0.0,-0.0,7582.107294228346,2964.4334920120436,1890.0,5670.0,0.0,-0.0,0.0,0.0,260.6428935355731,292.10729422834584,5.617447965929728,0.0,9.382552034070272,122.36108000048662,0.0,-0.0,-0.0,-0.0
TD_TRANSITION__WIND_LOW,TD_TRANSITION,WIND_LOW,0,15.0,5200.0,5580.0,15.0,3268.2495114162393,-0.0,0.0,7222.087712316788,0.0,1860.0,5580.0,0.0,-0.0,0.0,0.0,260.6428935355731,3430.337223733028,65.96802353332747,50.96802353332747,0.0,173.32910353381408,0.0,-0.0,0.0,2117.4988584465814
TD_TRANSITION__WIND_LOW,TD_TRANSITION,WIND_LOW,1,15.0,5000.0,5490.0,15.0,2522.386103393611,-0.0,0.0,7737.951120339417,0.0,1830.0,5490.0,0.0,-0.0,0.0,0.0,260.6428935355731,3430.337223733028,65.96802353332747,50.96802353332747,0.0,224.29712706714156,0.0,-0.0,0.0,1634.2539563887206
TD_TRANSITION__WIND_LOW,TD_TRANSITION,WIND_LOW,2,15.0,4800.0,5400.0,15.0,1776.5226953709844,-0.0,0.0,8253.814528362043,0.0,1800.0,5400.0,0.0,-0.0,0.0,0.0,260.6428935355731,3430.337223733028,65.96802353332747,50.96802353332747,0.0,275.26515060046904,0.0,-0.0,0.0,1151.0090543308609
TD_TRANSITION__WIND_LOW,TD_TRANSITION,WIND_LOW,3,15.0,4700.0,5310.0,15.0,1576.9746972529933,-0.0,0.0,8597.723467043796,0.0,1770.0,5310.0,0.0,-0.0,274.3609405637612,0.0,521.2857870711462,3430.337223733028,65.96802353332747,50.96802353332747,0.0,326.2331741337965,0.0,-0.0,0.0,1021.7219063502145
TD_TRANSITION__WIND_LOW,TD_TRANSITION,WIND_LOW,4,15.0,4800.0,5220.0,20.0,0.0,-0.0,0.0,8941.632405725548,0.0,1740.0,5220.0,0.0,-0.0,0.0,220.8605571538277,288.800990067117,2622.492962879375,50.432556978449526,30.432556978449526,0.0,356.665731112246,0.0,-0.0,0.0,-0.0
TD_TRANSITION__WIND_LOW,TD_TRANSITION,WIND_LOW,5,15.0,5200.0,5400.0,25.0,0.0,129.58543646495346,0.0,8597.723467043796,0.0,1800.0,5400.0,0.0,-0.0,0.0,0.0,288.800990067117,1727.3089035087492,33.21747891362979,8.21747891362979,0.0,364.8832100258758,0.0,-0.0,0.0,-0.0
TD_TRANSITION__WIND_LOW,TD_TRANSITION,WIND_LOW,6,15.0,6200.0,5850.0,40.0,0.0,777.5126187897207,0.0,7909.905589680293,0.0,1950.0,5850.0,0.0,-0.0,0.0,0.0,288.800990067117,537.4182084700136,10.334965547500262,0.0,29.66503445249974,335.2181755733761,0.0,-0.0,0.0,-0.0
TD_TRANSITION__WIND_LOW,TD_TRANSITION,WIND_LOW,7,15.0,7000.0,6300.0,50.0,3.678738826899462,1943.7815469743018,0.0,6878.178773635038,0.0,2100.0,6300.0,0.0,-0.0,0.0,274.3609405637612,0.0,0.0,-0.0,0.0,50.0,285.2181755733761,0.0,-0.0,0.0,2.3834548859481615
TD_TRANSITION__WIND_LOW,TD_TRANSITION,WIND_LOW,8,15.0,7600.0,6120.0,55.0,0.0,3563.5995027862205,0.0,6190.360896271533,0.0,2040.0,6120.0,0.0,-0.0,0.0,-0.0,0.0,113.96039905775388,2.1915461357260364,0.0,52.808453864273964,232.40972170910212,0.0,-0.0,0.0,-0.0
TD_TRANSITION__WIND_LOW,TD_TRANSITION,WIND_LOW,9,15.0,8100.0,5400.0,55.0,0.0,4859.453867435755,0.0,5502.543018908029,0.0,1800.0,5400.0,0.0,-0.0,0.0,-0.0,-0.0,461.99688634378344,8.884555506611221,0.0,46.11544449338878,186.29427721571335,0.0,-0.0,0.0,-0.0
TD_TRANSITION__WIND_LOW,TD_TRANSITION,WIND_LOW,10,15.0,8300.0,4680.0,45.0,0.0,5701.759204457952,0.0,5158.634080226277,0.0,1560.0,4680.0,0.0,-0.0,0.0,0.0,0.0,1000.393284684229,19.238332397773636,0.0,25.761667602226364,160.53260961348698,0.0,-0.0,0.0,-0.0
TD_TRANSITION__WIND_LOW,TD_TRANSITION,WIND_LOW,11,15.0,8200.0,4320.0,35.0,2100.3038501032124,6155.308232085289,0.0,4814.725141544526,0.0,1440.0,4320.0,0.0,-0.0,-0.0,0.0,0.0,3430.337223733028,65.96802353332747,30.968023533327468,0.0,191.50063314681444,0.0,-0.0,0.0,1360.7868644818714
TD_TRANSITION__WIND_LOW,TD_TRANSITION,WIND_LOW,12,15.0,8000.0,4140.0,30.0,1820.3585025838456,5831.3446409229055,0.0,5158.634080226277,0.0,1380.0,4140.0,0.0,-0.0,-0.0,0.0,0.0,3430.337223733028,65.96802353332747,35.96802353332747,0.0,227.46865668014192,0.0,-0.0,0.0,1179.4102738240736
TD_TRANSITION__WIND_LOW,TD_TRANSITION,WIND_LOW,13,15.0,7900.0,4140.0,30.0,1810.0532440100615,5053.832022133185,0.0,5846.451957589781,0.0,1380.0,4140.0,0.0,-0.0,-0.0,0.0,-0.0,3430.337223733028,65.96802353332747,35.96802353332747,0.0,263.4366802134694,0.0,-0.0,0.0,1172.733496794119
TD_TRANSITION__WIND_LOW,TD_TRANSITION,WIND_LOW,14,15.0,8000.0,4320.0,35.0,2852.4506718598536,3757.97765748365,0.0,6534.269834953286,0.0,1440.0,4320.0,0.0,-0.0,274.3609405637612,0.0,260.6428935355731,3430.337223733028,65.96802353332747,30.968023533327468,0.0,294.4047037467969,0.0,-0.0,0.0,1848.1027902979993
TD_TRANSITION__WIND_LOW,TD_TRANSITION,WIND_LOW,15,15.0,8300.0,4680.0,40.0,4074.8653138433156,2267.7451381366855,0.0,7222.087712316788,0.0,1560.0,4680.0,0.0,-0.0,274.3609405637612,0.0,521.2857870711462,3430.337223733028,65.96802353332747,25.968023533327468,0.0,320.37272728012437,0.0,-0.0,0.0,2640.1052368390842
TD_TRANSITION__WIND_LOW,TD_TRANSITION,WIND_LOW,16,15.0,8600.0,5130.0,50.0,1966.4907302117385,777.5126187897207,0.0,7565.996650998541,0.0,1710.0,5130.0,0.0,-0.0,0.0,0.0,521.2857870711462,0.0,-0.0,0.0,50.0,270.37272728012437,0.0,-0.0,0.0,1274.0893441041856
TD_TRANSITION__WIND_LOW,TD_TRANSITION,WIND_LOW,17,15.0,9000.0,5760.0,60.0,2708.5545045138792,129.58543646495346,0.0,8081.860059021167,0.0,1920.0,5760.0,0.0,-0.0,0.0,-0.0,521.2857870711462,0.0,-0.0,0.0,60.0,210.37272728012437,0.0,-0.0,0.0,1754.8724634745424
TD_TRANSITION__WIND_LOW,TD_TRANSITION,WIND_LOW,18,15.0,8800.0,6300.0,50.0,2027.9155923924427,-0.0,0.0,8597.723467043796,0.0,2100.0,6300.0,0.0,-0.0,0.0,274.3609405637612,232.48479700402913,0.0,-0.0,0.0,50.0,160.37272728012437,0.0,-0.0,0.0,1313.8865123110636
TD_TRANSITION__WIND_LOW,TD_TRANSITION,WIND_LOW,19,15.0,8200.0,6480.0,35.0,1240.011223372449,-0.0,0.0,8941.632405725548,0.0,2160.0,6480.0,0.0,-0.0,0.0,178.35637090200305,44.74124868613121,0.0,-0.0,0.0,35.0,125.37272728012437,0.0,-0.0,0.0,803.4032716230097
TD_TRANSITION__WIND_LOW,TD_TRANSITION,WIND_LOW,20,15.0,7400.0,6300.0,25.0,0.0,-0.0,0.0,9457.495813748175,0.0,2100.0,6300.0,0.0,-0.0,0.0,42.50418625182465,0.0,0.0,-0.0,0.0,25.0,100.37272728012437,0.0,-0.0,0.0,-0.0
TD_TRANSITION__WIND_LOW,TD_TRANSITION,WIND_LOW,21,15.0,6500.0,6120.0,20.0,0.0,-0.0,0.0,9285.5413444073,0.0,2040.0,6120.0,0.0,-0.0,0.0,0.0,-0.0,745.5413444073001,14.337333546294234,0.0,5.662666453705766,94.7100608264186,0.0,-0.0,0.0,-0.0
TD_TRANSITION__WIND_LOW,TD_TRANSITION,WIND_LOW,22,15.0,5800.0,5850.0,15.0,0.0,-0.0,0.0,8597.723467043796,0.0,1950.0,5850.0,0.0,-0.0,0.0,0.0,-0.0,847.7234670437956,16.30237436622684,1.3023743662268394,0.0,96.01243519264544,0.0,-0.0,0.0,-0.0
TD_TRANSITION__WIND_LOW,TD_TRANSITION,WIND_LOW,23,15.0,5400.0,5670.0,15.0,1804.5848808912097,-0.0,0.0,7909.905589680293,0.0,1890.0,5670.0,0.0,-0.0,274.3609405637612,0.0,260.6428935355731,2150.1295300077413,41.34864480784118,26.348644807841183,0.0,122.36108000048662,0.0,-0.0,0.0,1169.1905443294147
TD_TRANSITION__LOAD_HIGH,TD_TRANSITION,LOAD_HIGH,0,12.5,5720.000000000001,6138.000000000001,15.0,0.0,0.0,-0.0,7766.000000000001,1863.4502830890497,2046.0000000000002,6138.000000000001,0.0,-0.0,0.0,0.0,260.6428935355731,0.0,-0.0,0.0,15.0,107.36108000048662,0.0,-0.0,-0.0,-0.0
TD_TRANSITION__LOAD_HIGH,TD_TRANSITION,LOAD_HIGH,1,12.5,5500.0,6039.000000000001,15.0,0.0,0.0,-0.0,10317.268160452555,0.0,2013.0000000000002,6039.000000000001,0.0,-0.0,0.0,0.0,260.6428935355731,2804.268160452555,53.928233854856835,38.928233854856835,0.0,146.28931385534347,0.0,-0.0,-0.0,-0.0
TD_TRANSITION__LOAD_HIGH,TD_TRANSITION,LOAD_HIGH,2,12.5,5280.0,5940.000000000001,15.0,0.0,0.0,-0.0,7260.0,3745.086037816058,1980.0000000000002,5940.000000000001,0.0,-0.0,0.0,0.0,260.6428935355731,0.0,-0.0,0.0,15.0,131.28931385534347,0.0,-0.0,-0.0,-0.0
TD_TRANSITION__LOAD_HIGH,TD_TRANSITION,LOAD_HIGH,3,12.5,5170.0,5841.000000000001,15.0,0.0,0.0,-0.0,10547.337223733028,916.2940656586998,1947.0000000000002,5841.000000000001,0.0,-0.0,0.0,0.0,260.6428935355731,3430.337223733028,65.96802353332747,50.96802353332747,0.0,182.25733738867092,0.0,-0.0,-0.0,-0.0
TD_TRANSITION__LOAD_HIGH,TD_TRANSITION,LOAD_HIGH,4,12.5,5280.0,5742.000000000001,20.0,0.0,0.0,-0.0,10624.337223733028,1297.8393172343694,1914.0000000000002,5742.000000000001,0.0,-0.0,0.0,0.0,260.6428935355731,3430.337223733028,65.96802353332747,45.96802353332747,0.0,228.2253609219984,0.0,-0.0,-0.0,-0.0
TD_TRANSITION__LOAD_HIGH,TD_TRANSITION,LOAD_HIGH,5,12.5,5720.000000000001,5940.000000000001,25.0,0.0,129.58543646495346,0.0,10612.51098351273,851.1203058789979,1980.0000000000002,5940.000000000001,0.0,-0.0,0.0,0.0,260.6428935355731,3042.0964199776813,58.50185423034003,33.50185423034003,0.0,261.72721515233843,0.0,-0.0,-0.0,-0.0
TD_TRANSITION__LOAD_HIGH,TD_TRANSITION,LOAD_HIGH,6,12.5,6820.000000000001,6435.000000000001,40.0,0.0,777.5126187897207,0.0,10546.54078624039,0.0,2145.0000000000005,6435.000000000001,0.0,-0.0,0.0,0.0,260.6428935355731,2359.0534050301108,45.36641163519444,5.366411635194439,0.0,267.09362678753286,0.0,-0.0,-0.0,-0.0
TD_TRANSITION__LOAD_HIGH,TD_TRANSITION,LOAD_HIGH,7,12.5,7700.000000000001,6930.000000000001,50.0,0.0,1943.7815469743018,0.0,9170.905031513383,0.0,2310.0000000000005,6930.000000000001,0.0,-0.0,0.0,0.0,260.6428935355731,1104.6865784876845,21.243972663224703,0.0,28.756027336775297,238.33759945075755,0.0,-0.0,-0.0,-0.0
TD_TRANSITION__LOAD_HIGH,TD_TRANSITION,LOAD_HIGH,8,12.5,8360.0,6732.000000000001,55.0,0.0,3563.5995027862205,0.0,8253.814528362043,0.0,2244.0000000000005,6732.000000000001,0.0,-0.0,0.0,0.0,260.6428935355731,1213.4140311482638,23.33488521438969,0.0,31.66511478561031,206.67248466514724,0.0,-0.0,-0.0,-0.0
TD_TRANSITION__LOAD_HIGH,TD_TRANSITION,LOAD_HIGH,9,12.5,8910.0,5940.000000000001,55.0,0.0,4859.453867435755,0.0,7336.724025210706,0.0,1980.0000000000002,5940.000000000001,0.0,-0.0,0.0,0.0,260.6428935355731,1306.1778926464604,25.118805627816545,0.0,29.881194372183455,176.7912902929638,0.0,-0.0,-0.0,-0.0
TD_TRANSITION__LOAD_HIGH,TD_TRANSITION,LOAD_HIGH,10,12.5,9130.0,5148.0,45.0,0.0,5701.759204457952,0.0,6878.178773635036,0.0,1716.0,5148.0,0.0,-0.0,0.0,0.0,260.6428935355731,1733.9379780929885,33.34496111717286,0.0,11.655038882827142,165.13625141013665,0.0,-0.0,-0.0,-0.0
TD_TRANSITION__LOAD_HIGH,TD_TRANSITION,LOAD_HIGH,11,12.5,9020.0,4752.0,35.0,0.0,6155.308232085289,0.0,6419.633522059368,0.0,1584.0,4752.0,0.0,-0.0,0.0,0.0,260.6428935355731,1970.9417541446574,37.90272604124341,2.9027260412434117,0.0,168.03897745138005,0.0,-0.0,-0.0,-0.0
TD_TRANSITION__LOAD_HIGH,TD_TRANSITION,LOAD_HIGH,12,12.5,8800.0,4554.0,30.0,0.0,5831.3446409229055,0.0,6878.178773635036,0.0,1518.0,4554.0,0.0,-0.0,0.0,0.0,260.6428935355731,2391.5234145579416,45.99083489534503,15.990834895345031,0.0,184.0298123467251,0.0,-0.0,-0.0,-0.0
TD_TRANSITION__LOAD_HIGH,TD_TRANSITION,LOAD_HIGH,13,12.5,8690.0,4554.0,30.0,0.0,5053.832022133185,0.0,7795.2692767863755,0.0,1518.0,4554.0,0.0,-0.0,0.0,0.0,260.6428935355731,2641.1012989195606,50.790409594606935,20.790409594606935,0.0,204.82022194133202,0.0,-0.0,-0.0,-0.0
TD_TRANSITION__LOAD_HIGH,TD_TRANSITION,LOAD_HIGH,14,12.5,8800.0,4752.0,35.0,0.0,3757.97765748365,0.0,8712.359779937713,0.0,1584.0,4752.0,0.0,-0.0,-0.0,0.0,260.6428935355731,2086.337437421363,40.12187379656468,5.121873796564678,0.0,209.9420957378967,0.0,-0.0,-0.0,-0.0
TD_TRANSITION__LOAD_HIGH,TD_TRANSITION,LOAD_HIGH,15,12.5,9130.0,5148.0,40.0,0.0,2267.7451381366855,0.0,9629.45028308905,0.0,1716.0,5148.0,0.0,-0.0,274.3609405637612,0.0,521.2857870711462,776.8344806619743,14.939124628114891,0.0,25.06087537188511,184.88122036601158,0.0,-0.0,-0.0,-0.0
TD_TRANSITION__LOAD_HIGH,TD_TRANSITION,LOAD_HIGH,16,12.5,9460.0,5643.000000000001,50.0,254.63128939173146,777.5126187897207,0.0,10087.99553466472,0.0,1881.0000000000002,5643.000000000001,0.0,-0.0,0.0,220.8605571538277,288.800990067117,0.0,-0.0,0.0,50.0,134.88122036601158,0.0,-0.0,-0.0,164.97561239690282
TD_TRANSITION__LOAD_HIGH,TD_TRANSITION,LOAD_HIGH,17,12.5,9900.0,6336.000000000001,60.0,1106.601151506824,129.58543646495346,0.0,10775.813412028223,0.0,2112.0000000000005,6336.000000000001,0.0,-0.0,0.0,0.0,288.800990067117,0.0,-0.0,0.0,60.0,74.88122036601159,0.0,-0.0,-0.0,716.9668860612712
TD_TRANSITION__LOAD_HIGH,TD_TRANSITION,LOAD_HIGH,18,12.5,9680.0,6930.000000000001,50.0,252.0077700445113,-0.0,0.0,11463.631289391727,0.0,2310.0000000000005,6930.000000000001,0.0,-0.0,0.0,274.3609405637612,0.0,0.0,-0.0,0.0,50.0,24.881220366011593,0.0,-0.0,-0.0,163.27583421183888
TD_TRANSITION__LOAD_HIGH,TD_TRANSITION,LOAD_HIGH,19,12.5,9020.0,7128.000000000001,35.0,0.0,0.0,-0.0,11922.176540967397,0.0,2376.0000000000005,7128.000000000001,0.0,-0.0,0.0,0.0,-0.0,526.1765409673972,10.118779633988407,0.0,24.881220366011593,0.0,0.0,-0.0,-0.0,-0.0
TD_TRANSITION__LOAD_HIGH,TD_TRANSITION,LOAD_HIGH,20,12.5,8140.000000000001,6930.000000000001,25.0,0.0,0.0,-0.0,12609.994418330902,0.0,2310.0000000000005,6930.000000000001,0.0,-0.0,0.0,0.0,-0.0,2159.9944183309017,41.538354198671186,16.538354198671186,0.0,16.538354198671186,0.0,-0.0,-0.0,-0.0
TD_TRANSITION__LOAD_HIGH,TD_TRANSITION,LOAD_HIGH,21,12.5,7150.000000000001,6732.000000000001,20.0,0.0,0.0,-0.0,12304.970606626048,75.75118591701903,2244.0000000000005,6732.000000000001,0.0,-0.0,-0.0,0.0,0.0,2910.970606626047,55.98020397357783,35.98020397357783,0.0,52.518558172249016,0.0,-0.0,-0.0,-0.0
TD_TRANSITION__LOAD_HIGH,TD_TRANSITION,LOAD_HIGH,22,12.5,6380.000000000001,6435.000000000001,15.0,0.0,0.0,-0.0,11463.631289391727,0.0,2145.0000000000005,6435.000000000001,0.0,-0.0,-0.0,0.0,0.0,2938.6312893917275,56.512140180610146,41.512140180610146,0.0,94.03069835285916,0.0,-0.0,-0.0,-0.0
TD_TRANSITION__LOAD_HIGH,TD_TRANSITION,LOAD_HIGH,23,12.5,5940.000000000001,6237.000000000001,15.0,0.0,0.0,-0.0,10546.54078624039,0.0,2079.0000000000005,6237.000000000001,0.0,-0.0,274.3609405637612,0.0,260.6428935355731,2253.1798456766282,43.33038164762747,28.33038164762747,0.0,122.36108000048662,0.0,-0.0,-0.0,-0.0
TD_TRANSITION__H2_HIGH,TD_TRANSITION,H2_HIGH,0,10.0,5200.0,5580.0,19.5,0.0,0.0,-0.0,9629.45028308905,0.0,1860.0,5580.0,0.0,-0.0,0.0,0.0,260.6428935355731,2569.4502830890506,49.412505444020205,29.912505444020205,0.0,152.27358544450684,0.0,-0.0,-0.0,-0.0
TD_TRANSITION__H2_HIGH,TD_TRANSITION,H2_HIGH,1,10.0,5000.0,5490.0,19.5,0.0,0.0,-0.0,9545.177989117788,772.0901713347666,1830.0,5490.0,0.0,-0.0,0.0,0.0,260.6428935355731,2715.1779891177885,52.21496132918824,32.71496132918824,0.0,184.98854677369508,0.0,-0.0,-0.0,-0.0
TD_TRANSITION__H2_HIGH,TD_TRANSITION,H2_HIGH,2,10.0,4800.0,5400.0,19.5,0.0,0.0,-0.0,6600.0,4405.086037816058,1800.0,5400.0,0.0,-0.0,0.0,0.0,260.6428935355731,0.0,-0.0,0.0,19.5,165.48854677369508,0.0,-0.0,-0.0,-0.0
TD_TRANSITION__H2_HIGH,TD_TRANSITION,H2_HIGH,3,10.0,4700.0,5310.0,19.5,0.0,0.0,-0.0,9900.337223733028,1563.2940656586998,1770.0,5310.0,0.0,-0.0,0.0,0.0,260.6428935355731,3430.337223733028,65.96802353332747,46.46802353332747,0.0,211.95657030702256,0.0,-0.0,-0.0,-0.0
TD_TRANSITION__H2_HIGH,TD_TRANSITION,H2_HIGH,4,10.0,4800.0,5220.0,26.0,0.0,0.0,-0.0,6540.0,5382.176540967397,1740.0,5220.0,0.0,-0.0,0.0,0.0,260.6428935355731,0.0,-0.0,0.0,26.0,185.95657030702256,0.0,-0.0,-0.0,-0.0
TD_TRANSITION__H2_HIGH,TD_TRANSITION,H2_HIGH,5,10.0,5200.0,5400.0,32.5,0.0,0.0,129.58543646495346,10430.337223733028,1033.2940656586998,1800.0,5400.0,0.0,-0.0,0.0,0.0,260.6428935355731,3430.337223733028,65.96802353332747,33.46802353332747,0.0,219.42459384035,0.0,-0.0,-0.0,-0.0
TD_TRANSITION__H2_HIGH,TD_TRANSITION,H2_HIGH,6,10.0,6200.0,5850.0,52.0,0.0,777.5126187897207,0.0,10546.54078624039,0.0,1950.0,5850.0,0.0,-0.0,0.0,0.0,260.6428935355731,3174.0534050301108,61.039488558271366,9.039488558271366,0.0,228.46408239862137,0.0,-0.0,-0.0,-0.0
TD_TRANSITION__H2_HIGH,TD_TRANSITION,H2_HIGH,7,10.0,7000.0,6300.0,65.0,0.0,1943.7815469743018,0.0,9170.905031513383,0.0,2100.0,6300.0,0.0,-0.0,0.0,0.0,260.6428935355731,2014.6865784876845,38.7439726632247,0.0,26.256027336775297,202.20805506184607,0.0,-0.0,-0.0,-0.0
TD_TRANSITION__H2_HIGH,TD_TRANSITION,H2_HIGH,8,10.0,7600.0,6120.0,71.5,0.0,3563.5995027862205,0.0,8253.814528362043,0.0,2040.0,6120.0,0.0,-0.0,0.0,0.0,260.6428935355731,2177.414031148264,41.873346752851226,0.0,29.626653247148774,172.5814018146973,0.0,-0.0,-0.0,-0.0
TD_TRANSITION__H2_HIGH,TD_TRANSITION,H2_HIGH,9,10.0,8100.0,5400.0,71.5,0.0,4859.453867435755,0.0,7336.724025210706,0.0,1800.0,5400.0,0.0,-0.0,0.0,0.0,260.6428935355731,2296.1778926464604,44.15726716627809,0.0,27.34273283372191,145.2386689809754,0.0,-0.0,-0.0,-0.0
TD_TRANSITION__H2_HIGH,TD_TRANSITION,H2_HIGH,10,10.0,8300.0,4680.0,58.5,0.0,5701.759204457952,0.0,6878.178773635036,0.0,1560.0,4680.0,0.0,-0.0,0.0,0.0,260.6428935355731,2719.9379780929885,52.30649957871132,0.0,6.193500421288682,139.04516855968672,0.0,-0.0,-0.0,-0.0
TD_TRANSITION__H2_HIGH,TD_TRANSITION,H2_HIGH,11,10.0,8200.0,4320.0,45.5,0.0,6155.308232085289,0.0,6419.633522059368,0.0,1440.0,4320.0,0.0,-0.0,0.0,0.0,260.6428935355731,2934.9417541446574,56.44118757970495,10.941187579704952,0.0,149.98635613939166,0.0,-0.0,-0.0,-0.0
TD_TRANSITION__H2_HIGH,TD_TRANSITION,H2_HIGH,12,10.0,8000.0,4140.0,39.0,0.0,5831.3446409229055,0.0,6878.178773635036,0.0,1380.0,4140.0,0.0,-0.0,0.0,0.0,260.6428935355731,3329.5234145579416,64.02929643380658,25.02929643380658,0.0,175.01565257319822,0.0,-0.0,-0.0,-0.0
TD_TRANSITION__H2_HIGH,TD_TRANSITION,H2_HIGH,13,10.0,7900.0,4140.0,39.0,0.0,5053.832022133185,0.0,7656.505201599843,138.76407518653286,1380.0,4140.0,0.0,-0.0,0.0,0.0,260.6428935355731,3430.337223733028,65.96802353332747,26.968023533327468,0.0,201.9836761065257,0.0,-0.0,-0.0,-0.0
TD_TRANSITION__H2_HIGH,TD_TRANSITION,H2_HIGH,14,10.0,8000.0,4320.0,45.5,0.0,3757.97765748365,0.0,8712.359779937713,0.0,1440.0,4320.0,0.0,-0.0,0.0,0.0,260.6428935355731,3030.337437421363,58.27571995041083,12.775719950410831,0.0,214.75939605693654,0.0,-0.0,-0.0,-0.0
TD_TRANSITION__H2_HIGH,TD_TRANSITION,H2_HIGH,15,10.0,8300.0,4680.0,52.0,0.0,2267.7451381366855,0.0,9629.45028308905,0.0,1560.0,4680.0,0.0,-0.0,0.0,0.0,260.6428935355731,2037.195421225736,39.17683502357185,0.0,12.823164976428153,201.93623108050838,0.0,-0.0,-0.0,-0.0
TD_TRANSITION__H2_HIGH,TD_TRANSITION,H2_HIGH,16,10.0,8600.0,5130.0,65.0,0.0,777.5126187897207,0.0,10087.99553466472,0.0,1710.0,5130.0,0.0,-0.0,0.0,0.0,260.6428935355731,555.508153454441,10.682849104893096,0.0,54.317150895106906,147.61908018540146,0.0,-0.0,-0.0,-0.0
TD_TRANSITION__H2_HIGH,TD_TRANSITION,H2_HIGH,17,10.0,9000.0,5760.0,78.0,0.0,129.58543646495346,0.0,10775.813412028223,0.0,1920.0,5760.0,0.0,-0.0,0.0,14.601151506823584,245.27326037049562,0.0,-0.0,0.0,78.0,69.61908018540146,0.0,-0.0,-0.0,-0.0
TD_TRANSITION__H2_HIGH,TD_TRANSITION,H2_HIGH,18,10.0,8800.0,6300.0,65.0,0.0,0.0,-0.0,11463.631289391727,0.0,2100.0,6300.0,0.0,-0.0,0.0,0.0,245.27326037049562,563.6312893917275,10.83906325753322,0.0,54.16093674246678,15.45814344293467,0.0,-0.0,-0.0,-0.0
TD_TRANSITION__H2_HIGH,TD_TRANSITION,H2_HIGH,19,10.0,8200.0,6480.0,45.5,0.0,0.0,-0.0,11922.176540967397,0.0,2160.0,6480.0,0.0,-0.0,0.0,0.0,245.27326037049562,1562.1765409673972,30.04185655706533,0.0,15.45814344293467,0.0,0.0,-0.0,-0.0,-0.0
TD_TRANSITION__H2_HIGH,TD_TRANSITION,H2_HIGH,20,10.0,7400.0,6300.0,32.5,0.0,0.0,-0.0,12609.994418330902,0.0,2100.0,6300.0,0.0,-0.0,0.0,0.0,245.27326037049562,3109.9944183309017,59.80758496790196,27.30758496790196,0.0,27.30758496790196,0.0,-0.0,-0.0,-0.0
TD_TRANSITION__H2_HIGH,TD_TRANSITION,H2_HIGH,21,10.0,6500.0,6120.0,26.0,0.0,0.0,-0.0,11970.337223733028,410.3845688100391,2040.0,6120.0,0.0,-0.0,0.0,0.0,245.27326037049562,3430.337223733028,65.96802353332747,39.96802353332747,0.0,67.27560850122943,0.0,-0.0,-0.0,-0.0
TD_TRANSITION__H2_HIGH,TD_TRANSITION,H2_HIGH,22,10.0,5800.0,5850.0,19.5,0.0,0.0,-0.0,9402.082292947382,2061.548996444346,1950.0,5850.0,0.0,-0.0,0.0,0.0,245.27326037049562,1652.0822929473818,31.770813325911192,12.270813325911192,0.0,79.54642182714062,0.0,-0.0,-0.0,-0.0
TD_TRANSITION__H2_HIGH,TD_TRANSITION,H2_HIGH,23,10.0,5400.0,5670.0,19.5,0.0,0.0,-0.0,10546.54078624039,0.0,1890.0,5670.0,0.0,-0.0,16.178561226397328,0.0,260.6428935355731,3240.3622250139924,62.31465817334601,42.81465817334601,0.0,122.36108000048662,0.0,-0.0,-0.0,-0.0
TD_TRANSITION__EXTREME,TD_TRANSITION,EXTREME,0,10.0,5720.000000000001,6416.999999999999,19.5,4067.2495114162407,-0.0,0.0,7222.087712316788,0.0,2138.9999999999995,6416.999999999999,0.0,-0.0,0.0,0.0,260.6428935355731,3430.337223733028,65.96802353332747,46.46802353332747,0.0,168.82910353381408,0.0,-0.0,0.0,2635.1709584465825
TD_TRANSITION__EXTREME,TD_TRANSITION,EXTREME,1,10.0,5500.0,6313.499999999999,19.5,3296.8861033936105,-0.0,0.0,7737.951120339417,0.0,2104.4999999999995,6313.499999999999,0.0,-0.0,0.0,0.0,260.6428935355731,3430.337223733028,65.96802353332747,46.46802353332747,0.0,215.29712706714156,0.0,-0.0,0.0,2136.0525063887203
TD_TRANSITION__EXTREME,TD_TRANSITION,EXTREME,2,10.0,5280.0,6209.999999999999,19.5,2526.522695370984,-0.0,0.0,8253.814528362043,0.0,2069.9999999999995,6209.999999999999,0.0,-0.0,0.0,0.0,260.6428935355731,3430.337223733028,65.96802353332747,46.46802353332747,0.0,261.76515060046904,0.0,-0.0,0.0,1636.9340543308606
TD_TRANSITION__EXTREME,TD_TRANSITION,EXTREME,3,10.0,5170.0,6106.499999999999,19.5,2312.474697252993,-0.0,0.0,8597.723467043796,0.0,2035.4999999999998,6106.499999999999,0.0,-0.0,274.3609405637612,0.0,521.2857870711462,3430.337223733028,65.96802353332747,46.46802353332747,0.0,308.2331741337965,0.0,-0.0,0.0,1498.252356350214
TD_TRANSITION__EXTREME,TD_TRANSITION,EXTREME,4,10.0,5280.0,6002.999999999999,26.0,0.0,-0.0,0.0,8941.632405725548,0.0,2000.9999999999998,6002.999999999999,0.0,-0.0,0.0,-0.0,521.2857870711462,1660.6324057255479,31.935238571645154,5.935238571645154,0.0,314.16841270544165,0.0,-0.0,0.0,-0.0
TD_TRANSITION__EXTREME,TD_TRANSITION,EXTREME,5,10.0,5720.000000000001,6209.999999999999,32.5,2531.903951163766,90.7098055254674,0.0,8597.723467043796,0.0,2069.9999999999995,6209.999999999999,0.0,-0.0,-0.0,0.0,521.2857870711462,3430.337223733028,65.96802353332747,33.46802353332747,0.0,347.63643623876914,0.0,-0.0,0.0,1640.420569959004
TD_TRANSITION__EXTREME,TD_TRANSITION,EXTREME,6,10.0,6820.000000000001,6727.499999999999,52.0,333.97463660314224,544.2588331528044,0.0,7909.905589680293,0.0,2242.4999999999995,6727.499999999999,0.0,-0.0,0.0,274.3609405637612,232.48479700402913,0.0,-0.0,0.0,52.0,295.63643623876914,0.0,-0.0,0.0,216.38216705517587
TD_TRANSITION__EXTREME,TD_TRANSITION,EXTREME,7,10.0,7700.000000000001,7244.999999999999,65.0,1655.3135863291236,1360.6470828820113,0.0,6878.178773635038,0.0,2414.9999999999995,7244.999999999999,0.0,-0.0,0.0,220.8605571538277,0.0,0.0,-0.0,0.0,65.0,230.63643623876914,0.0,-0.0,0.0,1072.4776725826393
TD_TRANSITION__EXTREME,TD_TRANSITION,EXTREME,8,10.0,8360.0,7037.999999999999,71.5,2309.428690057135,2494.5196519503543,0.0,6190.360896271533,0.0,2345.9999999999995,7037.999999999999,0.0,-0.0,0.0,-0.0,0.0,288.309238279023,5.54440842844275,0.0,65.95559157155725,164.6808446672119,0.0,-0.0,0.0,1496.2788482880178
TD_TRANSITION__EXTREME,TD_TRANSITION,EXTREME,9,10.0,8910.0,6209.999999999999,71.5,2075.839273886943,3401.6177072050277,0.0,5502.543018908029,0.0,2069.9999999999995,6209.999999999999,0.0,-0.0,0.0,-0.0,0.0,0.0,-0.0,0.0,71.5,93.18084466721187,0.0,-0.0,0.0,1344.9362655513503
TD_TRANSITION__EXTREME,TD_TRANSITION,EXTREME,10,10.0,9130.0,5382.0,58.5,5204.471700386184,3991.2314431205664,0.0,5158.634080226277,0.0,1794.0,5382.0,0.0,-0.0,0.0,-0.0,0.0,3430.337223733028,65.96802353332747,7.468023533327468,0.0,100.64886820053934,0.0,-0.0,0.0,3371.977214680209
TD_TRANSITION__EXTREME,TD_TRANSITION,EXTREME,11,10.0,9020.0,4968.0,45.5,4982.896319728799,4308.715762459702,0.0,4814.725141544526,0.0,1656.0,4968.0,0.0,-0.0,0.0,0.0,-0.0,3430.337223733028,65.96802353332747,20.468023533327468,0.0,121.11689173386681,0.0,-0.0,0.0,3228.4185255522893
TD_TRANSITION__EXTREME,TD_TRANSITION,EXTREME,12,10.0,8800.0,4761.0,39.0,4576.761894860718,4081.9412486460337,0.0,5158.634080226277,0.0,1587.0,4761.0,0.0,-0.0,-0.0,0.0,0.0,3430.337223733028,65.96802353332747,26.968023533327468,0.0,148.08491526719428,0.0,-0.0,0.0,2965.2840316802594
TD_TRANSITION__EXTREME,TD_TRANSITION,EXTREME,13,10.0,8690.0,4761.0,39.0,4323.202850650017,3537.6824154932287,0.0,5846.451957589781,0.0,1587.0,4761.0,0.0,-0.0,-0.0,0.0,-0.0,3430.337223733028,65.96802353332747,26.968023533327468,0.0,175.05293880052176,0.0,-0.0,0.0,2801.0031269361466
TD_TRANSITION__EXTREME,TD_TRANSITION,EXTREME,14,10.0,8800.0,4968.0,45.5,4995.843969104949,2630.584360238555,0.0,6534.269834953286,0.0,1656.0,4968.0,0.0,-0.0,274.3609405637612,0.0,260.6428935355731,3430.337223733028,65.96802353332747,20.468023533327468,0.0,195.52096233384924,0.0,-0.0,0.0,3236.8073075830966
TD_TRANSITION__EXTREME,TD_TRANSITION,EXTREME,15,10.0,9130.0,5382.0,52.0,5819.188855284321,1587.4215966956797,0.0,7222.087712316788,0.0,1794.0,5382.0,0.0,-0.0,274.3609405637612,0.0,521.2857870711462,3430.337223733028,65.96802353332747,13.968023533327468,0.0,209.48898586717672,0.0,-0.0,0.0,3770.252459338712
TD_TRANSITION__EXTREME,TD_TRANSITION,EXTREME,16,10.0,9460.0,5899.499999999999,65.0,6746.581739581683,544.2588331528044,0.0,7565.996650998541,0.0,1966.4999999999998,5899.499999999999,0.0,-0.0,0.0,-0.0,521.2857870711462,3430.337223733028,65.96802353332747,0.968023533327468,0.0,210.4570094005042,0.0,-0.0,0.0,4371.110309074973
TD_TRANSITION__EXTREME,TD_TRANSITION,EXTREME,17,10.0,9900.0,6623.999999999999,78.0,7365.767359186393,90.7098055254674,0.0,8081.860059021167,0.0,2207.9999999999995,6623.999999999999,0.0,-0.0,0.0,-0.0,521.2857870711462,3430.337223733028,65.96802353332747,0.0,12.031976466672532,198.4250329338317,0.0,-0.0,0.0,4772.280672016865
TD_TRANSITION__EXTREME,TD_TRANSITION,EXTREME,18,10.0,9680.0,7244.999999999999,65.0,3276.415975802376,-0.0,0.0,8597.723467043796,0.0,2414.9999999999995,7244.999999999999,0.0,-0.0,0.0,220.8605571538277,288.800990067117,0.0,-0.0,0.0,65.0,133.4250329338317,0.0,-0.0,0.0,2122.7899107223598
TD_TRANSITION__EXTREME,TD_TRANSITION,EXTREME,19,10.0,9020.0,7451.999999999999,45.5,2288.00665371069,-0.0,0.0,8941.632405725548,0.0,2483.9999999999995,7451.999999999999,0.0,-0.0,0.0,274.3609405637612,0.0,0.0,-0.0,0.0,45.5,87.92503293383169,0.0,-0.0,0.0,1482.399510939156
TD_TRANSITION__EXTREME,TD_TRANSITION,EXTREME,20,10.0,8140.000000000001,7244.999999999999,32.5,1097.504186251825,-0.0,0.0,9457.495813748175,0.0,2414.9999999999995,7244.999999999999,0.0,-0.0,0.0,-0.0,0.0,0.0,-0.0,0.0,32.5,55.42503293383169,0.0,-0.0,0.0,711.0729622725576
TD_TRANSITION__EXTREME,TD_TRANSITION,EXTREME,21,10.0,7150.000000000001,7037.999999999999,26.0,210.45865559270032,-0.0,0.0,9285.5413444073,0.0,2345.9999999999995,7037.999999999999,0.0,-0.0,0.0,-0.0,0.0,0.0,-0.0,0.0,26.0,29.425032933831687,0.0,-0.0,0.0,136.35616295851054
TD_TRANSITION__EXTREME,TD_TRANSITION,EXTREME,22,10.0,6380.000000000001,6727.499999999999,19.5,3455.1137566892335,-0.0,0.0,8597.723467043796,0.0,2242.4999999999995,6727.499999999999,0.0,-0.0,-0.0,0.0,0.0,3430.337223733028,65.96802353332747,46.46802353332747,0.0,75.89305646715916,0.0,-0.0,0.0,2238.5682029589543
TD_TRANSITION__EXTREME,TD_TRANSITION,EXTREME,23,10.0,5940.000000000001,6520.499999999999,19.5,3908.2925746164974,-0.0,0.0,7909.905589680293,0.0,2173.4999999999995,6520.499999999999,0.0,-0.0,274.3609405637612,0.0,260.6428935355731,3430.337223733028,65.96802353332747,46.46802353332747,0.0,122.36108000048662,0.0,-0.0,0.0,2532.182759094029
