case_id,carbon_cap_ratio,typical_day_id,hour,weight_days,electric_load_kw,heat_load_kw,hydrogen_load_kg,grid_buy_kw,grid_sell_kw,pv_used_kw,pv_sold_kw,pv_curtail_kw,wind_used_kw,wind_sold_kw,wind_curtail_kw,heat_pump_power_kw,heat_pump_heat_kw,gas_boiler_heat_kw,gas_consumption_m3,battery_charge_kw,battery_discharge_kw,battery_soc_kwh,electrolyzer_power_kw,h2_production_kg,h2_charge_kg,h2_discharge_kg,h2_storage_kg,h2_external_supply_kg,h2_fuel_cell_kg,fuel_cell_power_kw,carbon_emission_kg
CARBON_CAP_100,1.0,TD_SUMMER,0,120,144526.94,67200.0,923.94,175052.49550121542,0.0,0.0,0.0,0.0,0.0,0.0,0.0,27113.173290296552,67200.0,0.0,0.0,3412.382210918877,0.0,116855.9454216047,0.0,0.0,0.0,923.9399999999996,6963.074255055982,0.0,-4.547473508864641e-13,0.0,119893.45416878244
CARBON_CAP_100,1.0,TD_SUMMER,1,120,144526.94,67200.0,923.94,175052.49550121542,0.0,0.0,0.0,0.0,0.0,0.0,0.0,27184.466019417476,67200.0,0.0,0.0,3341.0894817979424,0.0,120029.98042931275,0.0,0.0,0.0,923.9400000000005,6038.84412696202,0.0,4.547473508864641e-13,0.0,119893.45416878244
CARBON_CAP_100,1.0,TD_SUMMER,2,120,144526.94,67200.0,923.94,175052.49550121542,0.0,0.0,0.0,0.0,0.0,0.0,0.0,27300.42656916514,67200.0,0.0,0.0,3225.1289320502838,0.0,123093.85291476053,4.5470945606338214e-13,8.915871687517297e-15,0.0,923.9399999999987,5114.652508456731,0.0,0.0,0.0,119893.45416878244
CARBON_CAP_100,1.0,TD_SUMMER,3,120,144526.94,67200.0,923.94,175052.49550121542,0.0,0.0,0.0,0.0,0.0,0.0,0.0,27445.374719215844,67200.0,0.0,0.0,3080.180781999574,0.0,126020.02465766012,0.0,0.0,0.0,923.9399999999996,4190.499397935546,0.0,-4.547473508864641e-13,0.0,119893.45416878244
CARBON_CAP_100,1.0,TD_SUMMER,4,120,144526.94,67200.0,923.94,172289.79891344765,0.0,0.0,0.0,0.0,0.0,0.0,0.0,27762.858913447635,67200.0,0.0,0.0,0.0,0.0,126020.02465766012,0.0,0.0,0.0,923.94,3266.384793793965,0.0,0.0,0.0,118001.28327582029
CARBON_CAP_100,1.0,TD_SUMMER,5,120,155405.25,67200.0,923.94,175052.49550121542,0.0,0.0,0.0,0.0,-0.0,0.0,0.0,19647.245501215424,46839.03327489757,20360.96672510243,2164.176995455277,0.0,0.0,126020.02465766012,0.0,0.0,0.0,923.94,2342.3086944275565,0.0,0.0,0.0,124568.07647896584
CARBON_CAP_100,1.0,TD_SUMMER,6,120,155405.25,67200.0,923.94,81131.89950371631,0.0,0.0,0.0,0.0,-0.0,0.0,0.0,0.0,0.0,67200.0,7142.720483664215,0.0,74273.35049628369,47837.55045104567,0.0,0.0,0.0,923.94,1418.271098231955,0.0,0.0,0.0,70995.51421481
CARBON_CAP_100,1.0,TD_SUMMER,7,120,155405.25,67200.0,1078.94,56547.488692322775,-0.0,53412.08837918384,0.0,0.0,-0.0,0.0,0.0,0.0,0.0,67200.0,7142.720483664215,0.0,45445.67292849338,0.0,0.0,0.0,0.0,1078.9399999999994,339.2720036028624,0.0,-6.821210263296962e-13,0.0,54157.65125008658
CARBON_CAP_100,1.0,TD_SUMMER,8,120,166283.675,67200.0,1078.94,0.0,0.0,230059.02414918027,0.0,0.0,0.0,0.0,0.0,26051.56037991859,67200.0,0.0,0.0,0.0,0.0,-0.0,37723.78876926168,739.6821327306211,0.0,339.25786726937895,0.0,0.0,0.0,0.0,0.0
CARBON_CAP_100,1.0,TD_SUMMER,9,120,166283.675,65836.8,1078.94,0.0,0.0,372336.44217952795,0.0,0.0,0.0,0.0,0.0,24438.307349665927,65836.8,0.0,0.0,1.868772271432375e-09,0.0,1.775333657860756e-09,181614.45982986013,3331.324380012424,2252.384380012424,0.0,2252.384380012424,0.0,-1.7053025658242404e-13,0.0,0.0
CARBON_CAP_100,1.0,TD_SUMMER,10,120,166283.675,62633.399999999994,1078.94,0.0,0.0,461821.04242059536,0.0,0.0,0.0,0.0,0.0,22043.14774406982,62633.399999999994,0.0,0.0,73494.2196765255,0.0,69819.508692701,200000.0,3637.750049514755,2558.810049514755,0.0,4811.100580178012,0.0,5.684341886080802e-14,0.0,0.0
CARBON_CAP_100,1.0,TD_SUMMER,11,120,166283.675,59099.399999999994,1078.94,0.0,-0.0,453306.0718094211,0.0,0.0,-0.0,0.0,0.0,19521.50360044923,59099.399999999994,0.0,0.0,67500.89320897189,0.0,133945.3572412243,200000.0,3637.750049514755,2558.8100495147546,0.0,7369.710167168592,0.0,0.0,0.0,0.0
CARBON_CAP_100,1.0,TD_SUMMER,12,120,166283.675,57606.0,1078.94,0.0,35585.60257704661,460295.32228824566,35585.60257704661,0.0,-0.0,0.0,0.0,18546.68383773342,57606.0,0.0,0.0,75464.96345051224,0.0,205637.07251921092,200000.0,3637.750049514755,2558.8100495147555,0.0,9928.213145426382,0.0,-3.979039320256561e-13,0.0,0.0
CARBON_CAP_100,1.0,TD_SUMMER,13,120,166283.675,56990.4,1078.94,0.0,-0.0,407170.41286160436,0.0,0.0,-0.0,0.0,0.0,18159.06194239103,56990.4,0.0,0.0,22727.675919213332,0.0,227228.36464246354,200000.0,3637.750049514755,2558.8100495147555,0.0,12486.60951939341,0.0,-4.547473508864641e-13,0.0,0.0
CARBON_CAP_100,1.0,TD_SUMMER,14,120,166283.675,57184.2,1078.94,87714.33028967632,0.0,274801.32426971395,-0.0,0.0,-0.0,0.0,0.0,18280.22504954926,57184.2,0.0,0.0,-0.0,0.0,227228.36464246354,177951.754509841,3270.2792913454387,2191.3392913454427,0.0,14677.428535342211,0.0,-4.035882739117369e-12,0.0,60075.544815399306
CARBON_CAP_100,1.0,TD_SUMMER,15,120,166283.675,59202.0,1078.94,175052.49550121542,-0.0,132523.90623936628,0.0,0.0,-0.0,0.0,0.0,19590.337524818002,59202.0,0.0,0.0,0.0,0.0,227228.36464246354,121702.38921576369,2305.066217074095,1226.1262170740956,0.0,15902.943192894,0.0,-4.547473508864641e-13,0.0,119893.45416878244
CARBON_CAP_100,1.0,TD_SUMMER,16,120,166283.675,63089.399999999994,1078.94,175052.49550121542,0.0,13623.95297787877,0.0,0.0,-0.0,-0.0,0.0,22392.773479094198,63089.399999999994,0.0,0.0,0.0,0.0,227228.36464246354,0.0,0.0,0.0,1078.9400000000005,14823.340570260962,0.0,4.547473508864641e-13,0.0,119893.45416878244
CARBON_CAP_100,1.0,TD_SUMMER,17,120,166283.675,64172.399999999994,1078.94,175052.49550121542,0.0,0.0,0.0,0.0,-0.0,0.0,0.0,8768.820501215436,24263.32632686311,39909.07367313688,4241.954732279451,0.0,0.0,227228.36464246354,0.0,0.0,0.0,1078.94,13743.782931070533,0.0,0.0,0.0,129056.07639050606
CARBON_CAP_100,1.0,TD_SUMMER,18,120,160067.34999999998,64902.0,1078.94,114621.67707150726,0.0,0.0,0.0,0.0,-0.0,0.0,0.0,0.0,0.0,64902.0,6898.464952838912,0.0,45445.67292849271,179390.81419141858,0.0,0.0,0.0,1078.9400000000005,12664.270273448405,0.0,4.547473508864641e-13,0.0,93405.07092440737
CARBON_CAP_100,1.0,TD_SUMMER,19,120,160067.34999999998,65380.799999999996,1078.94,143025.2226518152,0.0,0.0,0.0,0.0,-0.0,0.0,0.0,0.0,0.0,65380.799999999996,6949.356836285019,0.0,17042.12734818479,161451.7327722767,0.0,0.0,0.0,1078.94,11584.802595520343,0.0,0.0,0.0,112968.58576060386
CARBON_CAP_100,1.0,TD_SUMMER,20,120,160067.34999999998,65779.8,923.94,160067.34999999998,0.0,0.0,0.0,0.0,-0.0,0.0,0.0,0.0,0.0,65779.8,6991.766739156777,0.0,0.0,161451.7327722767,0.0,0.0,0.0,923.9400000000005,10660.379895412196,0.0,0.0,0.0,124732.34417157862
CARBON_CAP_100,1.0,TD_SUMMER,21,120,160067.34999999998,66235.8,923.94,114621.67707150726,0.0,0.0,0.0,0.0,-0.0,0.0,0.0,0.0,0.0,66235.8,7040.235199581641,0.0,45445.67292849271,113614.18232123177,0.0,0.0,0.0,923.94,9735.995712916552,0.0,0.0,0.0,93711.29465737166
CARBON_CAP_100,1.0,TD_SUMMER,22,120,160067.34999999998,66566.4,923.94,175052.49550121542,0.0,0.0,0.0,0.0,-0.0,0.0,0.0,14985.145501215447,39890.45732423552,26675.942675764476,2835.398841833859,0.0,0.0,113614.18232123177,0.0,0.0,0.0,923.9400000000005,8811.650046428513,0.0,4.547473508864641e-13,0.0,126017.91566714358
CARBON_CAP_100,1.0,TD_SUMMER,23,120,155405.25,66908.4,923.94,175052.49550121542,0.0,0.0,0.0,0.0,-0.0,0.0,0.0,19647.245501215424,52006.25884171722,14902.141158282771,1583.9557872280047,0.0,0.0,113614.18232123177,0.0,0.0,0.0,923.9399999999987,7887.342894343246,0.0,-1.3642420526593924e-12,0.0,123314.79866919493
CARBON_CAP_100,1.0,TD_WINTER,0,120,131959.38,151200.0,923.94,175052.49550121542,0.0,0.0,0.0,0.0,0.0,0.0,0.0,37466.52051621443,92860.77109943745,58339.22890056255,6200.904840315826,5626.594985000993,0.0,118959.44755698272,-4.54766299482276e-13,-8.916986264358352e-15,0.0,923.9400000000005,6963.074255055981,0.0,4.4583036462210575e-13,0.0,133287.40862386464
CARBON_CAP_100,1.0,TD_WINTER,1,120,131959.38,151200.0,923.94,175052.49550121542,0.0,0.0,0.0,0.0,0.0,0.0,0.0,37466.52051621442,92617.23871608205,58582.76128391795,6226.790015063269,5626.594985000993,0.0,124304.71279273366,4.547094544843655e-13,7.92513668644458e-15,0.0,923.9399999999996,6038.84412696202,0.0,-4.4682221420001956e-13,0.0,133343.3206013191
CARBON_CAP_100,1.0,TD_WINTER,2,120,131959.38,151200.0,923.94,175052.49550121542,0.0,0.0,0.0,0.0,0.0,0.0,0.0,37466.52051621443,92223.84025066181,58976.159749338185,6268.604528116828,5626.594985000993,0.0,129649.97802848459,-4.5474735088646407e-13,-8.421247238638222e-15,0.0,923.9400000000005,5114.652508456729,0.0,4.463261036478259e-13,0.0,133433.6399495148
CARBON_CAP_100,1.0,TD_WINTER,3,120,131959.38,151200.0,923.94,175052.49550121542,0.0,0.0,0.0,0.0,0.0,0.0,0.0,37466.52051621443,91736.77548395103,59463.22451604897,6320.374877611713,5626.594985000993,0.0,134995.24326423553,1.8470321568505205e-13,3.62163168009906e-15,0.0,923.9400000000014,4190.499397935542,0.0,1.3678636843394914e-12,0.0,133545.46390442376
CARBON_CAP_100,1.0,TD_WINTER,4,120,131959.38,151200.0,923.94,169425.90051621443,0.0,0.0,0.0,0.0,0.0,0.0,0.0,37466.52051621443,90687.71290949703,60512.28709050297,6431.880245754542,-0.0,0.0,134995.24326423553,0.0,0.0,0.0,923.94,3266.3847937939613,0.0,0.0,0.0,129932.66059438506
CARBON_CAP_100,1.0,TD_WINTER,5,120,141891.75,151200.0,923.94,175052.49550121542,0.0,0.0,0.0,0.0,-0.0,0.0,0.0,33160.745501215424,79055.21727489757,72144.78272510243,7668.303829763294,-0.0,0.0,134995.24326423553,0.0,0.0,0.0,923.94,2342.308694427553,0.0,0.0,0.0,136456.99044107116
CARBON_CAP_100,1.0,TD_WINTER,6,120,141891.75,151200.0,923.94,75366.27632389215,0.0,0.0,0.0,0.0,-0.0,0.0,0.0,8939.489774404385,21200.0,130000.0,13817.762840421845,0.0,75464.96345051224,55558.43963211731,0.0,0.0,0.0,923.94,1418.2710982319513,0.0,0.0,0.0,81464.73038954491
CARBON_CAP_100,1.0,TD_WINTER,7,120,141891.75,151200.0,1078.94,44466.72047981671,-0.0,53412.08837918384,0.0,0.0,-0.0,0.0,0.0,8767.576509511993,21200.0,130000.0,13817.762840421845,0.0,52780.51765051145,-0.0,0.0,0.0,0.0,1078.94,339.27200360285815,0.0,0.0,0.0,60301.62459193765
CARBON_CAP_100,1.0,TD_WINTER,8,120,151824.225,151200.0,1078.94,3567.24905092209,0.0,230059.02414918027,0.0,0.0,0.0,0.0,0.0,44078.259430840495,113699.87020185306,37500.12979814694,3985.9069233525443,0.0,0.0,0.0,37723.78876926185,739.6821327306245,0.0,339.2578672693747,0.0,0.0,-8.526512829121202e-13,0.0,11052.767829418037
CARBON_CAP_100,1.0,TD_WINTER,9,120,151824.225,148132.80000000002,1078.94,0.0,0.0,372336.44217952795,0.0,0.0,0.0,0.0,0.0,44078.2594308405,118746.8309066843,29385.96909331571,3123.448859749251,5929.45076078925,0.0,5632.978222749787,170504.50698789817,3146.158499313058,2067.2184993130577,0.0,2067.2184993130577,0.0,4.547473508864641e-13,0.0,6746.649537058387
CARBON_CAP_100,1.0,TD_WINTER,10,120,151824.225,140925.15000000002,1078.94,0.0,0.0,461821.04242059536,0.0,0.0,0.0,0.0,0.0,44078.2594308405,125243.96634679021,15681.18365320981,1666.7605905934845,65918.55798975483,0.0,68255.60831301687,200000.0,3637.750049514755,2558.8100495147555,0.0,4625.942414723675,0.0,-3.979039320256561e-13,0.0,3600.2028756819273
CARBON_CAP_100,1.0,TD_WINTER,11,120,151824.225,132973.65000000002,1078.94,0.0,-0.0,453306.0718094211,0.0,0.0,-0.0,0.0,0.0,43923.383101010775,132973.65000000002,0.0,0.0,57558.46370841033,0.0,122936.14883600667,200000.0,3637.750049514755,2558.8100495147546,0.0,7184.559716637816,0.0,4.547473508864641e-13,0.0,0.0
CARBON_CAP_100,1.0,TD_WINTER,12,120,151824.225,129613.50000000001,1078.94,0.0,26861.69777987979,469019.2270854125,26861.69777987979,0.0,-0.0,0.0,0.0,41730.0386349002,129613.50000000001,0.0,0.0,75464.96345051224,0.0,194627.8641139933,200000.0,3637.750049514755,2558.8100495147546,0.0,9743.07040949771,0.0,3.979039320256561e-13,0.0,0.0
CARBON_CAP_100,1.0,TD_WINTER,13,120,151824.225,128228.40000000001,1078.94,19828.017854533682,-0.0,407170.41286160436,0.0,0.0,-0.0,0.0,0.0,40857.88937037982,128228.40000000001,0.0,0.0,34316.316345758205,0.0,227228.36464246354,200000.0,3637.750049514755,2558.8100495147555,0.0,12301.474497745403,0.0,-3.979039320256561e-13,0.0,13580.209428570119
CARBON_CAP_100,1.0,TD_WINTER,14,120,151824.225,128664.45000000001,1078.94,118153.4070917719,0.0,274801.32426971395,-0.0,0.0,-0.0,0.0,0.0,41130.506361485845,128664.45000000001,0.0,0.0,-0.0,0.0,227228.36464246354,200000.0,3637.750049514755,2558.8100495147555,0.0,14859.771985822752,0.0,0.0,0.0,80923.26851715456
CARBON_CAP_100,1.0,TD_WINTER,15,120,151824.225,133204.5,1078.94,175052.49550121542,-0.0,132523.90623936628,0.0,0.0,-0.0,0.0,0.0,44078.2594308405,133204.5,0.0,0.0,0.0,0.0,227228.36464246354,111673.91730974117,2122.730364237322,1043.790364237324,0.0,15902.943192894,0.0,-1.9895196601282805e-12,0.0,119893.45416878244
CARBON_CAP_100,1.0,TD_WINTER,16,120,151824.225,141951.15000000002,1078.94,175052.49550121542,0.0,13623.952977878778,0.0,0.0,-0.0,-0.0,0.0,36852.22347909419,103827.45442999997,38123.695570000054,4052.186030666936,0.0,-0.0,227228.36464246354,0.0,0.0,0.0,1078.9400000000005,14823.340570260962,0.0,4.547473508864641e-13,0.0,128646.17599502302
CARBON_CAP_100,1.0,TD_WINTER,17,120,151824.225,144387.90000000002,1078.94,175052.49550121542,0.0,0.0,0.0,0.0,-0.0,0.0,0.0,23228.27050121542,64272.62447686306,80115.27552313697,8515.491362105844,0.0,-0.0,227228.36464246354,0.0,0.0,0.0,1078.94,13743.782931070533,0.0,0.0,0.0,138286.91551093105
CARBON_CAP_100,1.0,TD_WINTER,18,120,146148.45,146029.5,1078.94,152009.32751371118,0.0,0.0,0.0,0.0,-0.0,0.0,0.0,5860.877513711152,16029.5,130000.0,13817.762840421845,0.0,-0.0,227228.36464246354,0.0,0.0,0.0,1078.9400000000005,12664.270273448405,0.0,4.547473508864641e-13,0.0,133957.55614945196
CARBON_CAP_100,1.0,TD_WINTER,19,120,146148.45,147106.80000000002,1078.94,107005.94582611305,0.0,0.0,0.0,0.0,-0.0,0.0,0.0,6303.168754605755,17106.800000000017,130000.0,13817.762840421845,0.0,45445.67292849271,179390.81419141858,0.0,0.0,0.0,1078.94,11584.802595520343,0.0,0.0,0.0,103134.740031616
CARBON_CAP_100,1.0,TD_WINTER,20,120,146148.45,148004.55000000002,923.94,135783.32988341176,0.0,0.0,0.0,0.0,-0.0,0.0,0.0,6677.007231596521,18004.550000000017,130000.0,13817.762840421845,0.0,17042.12734818476,161451.73277227674,0.0,0.0,0.0,923.9400000000005,10660.379895412196,0.0,4.547473508864641e-13,0.0,122844.37037245989
CARBON_CAP_100,1.0,TD_WINTER,21,120,146148.45,149030.55000000002,923.94,107813.01432164741,0.0,0.0,0.0,0.0,-0.0,0.0,0.0,7110.237250140115,19030.550000000017,130000.0,13817.762840421845,0.0,45445.67292849271,113614.18232123177,0.0,0.0,0.0,923.94,9735.995712916552,0.0,0.0,0.0,103687.5012442075
CARBON_CAP_100,1.0,TD_WINTER,22,120,146148.45,149774.40000000002,923.94,175052.49550121542,0.0,0.0,0.0,0.0,-0.0,0.0,0.0,28904.045501215413,76942.56912423542,72831.8308757646,7741.330509807912,0.0,0.0,113614.18232123177,0.0,0.0,0.0,923.9400000000005,8811.650046428513,0.0,4.547473508864641e-13,0.0,136614.72806996753
CARBON_CAP_100,1.0,TD_WINTER,23,120,141891.75,150543.90000000002,923.94,175052.49550121542,0.0,0.0,0.0,0.0,-0.0,0.0,0.0,33160.745501215424,87776.49334171723,62767.406658282795,6671.577994711282,0.0,0.0,113614.18232123177,0.0,0.0,0.0,923.94,7887.342894343246,0.0,0.0,0.0,134304.06263735882
CARBON_CAP_100,1.0,TD_TRANSITION,0,125,125675.6,100800.0,923.94,175052.49550121542,0.0,0.0,0.0,0.0,0.0,0.0,0.0,37466.52051621443,92860.77109943745,7939.22890056255,843.8644775676645,11910.374985000992,0.0,124929.0385569827,-9.095631864361813e-13,-1.783457228306238e-14,0.0,923.9400000000005,6963.074255055981,0.0,4.3691277860340175e-13,0.0,121716.20144032859
CARBON_CAP_100,1.0,TD_TRANSITION,1,125,125675.6,100800.0,923.94,175052.49550121542,0.0,0.0,0.0,0.0,0.0,0.0,0.0,37466.52051621442,92617.23871608205,8182.761283917949,869.7496523151076,11910.374985000992,0.0,136243.89479273366,0.0,0.0,0.0,923.9399999999996,6038.84412696202,0.0,-4.547473508864641e-13,0.0,121772.11341778307
CARBON_CAP_100,1.0,TD_TRANSITION,2,125,125675.6,100800.0,923.94,175052.49550121542,0.0,0.0,0.0,0.0,0.0,0.0,0.0,37466.52051621443,92223.84025066181,8576.159749338185,911.5641653686669,11910.374985001119,0.0,147558.75102848472,-1.2732925824820995e-10,-2.4966521225139207e-12,0.0,923.9400000000023,5114.652508456727,0.0,-2.2291536808160007e-13,0.0,121862.43276597877
CARBON_CAP_100,1.0,TD_TRANSITION,3,125,125675.6,100800.0,923.94,175052.49550121542,0.0,0.0,0.0,0.0,0.0,0.0,0.0,37466.52051621443,91736.77548395103,9063.22451604897,963.3345148635516,11910.374985000992,0.0,158873.60726423567,0.0,0.0,0.0,923.9399999999996,4190.499397935542,0.0,-4.547473508864641e-13,0.0,121974.2567208877
CARBON_CAP_100,1.0,TD_TRANSITION,4,125,125675.6,100800.0,923.94,163142.12051621443,0.0,0.0,0.0,0.0,0.0,0.0,0.0,37466.52051621443,90687.71290949703,10112.28709050297,1074.8398830063807,-0.0,0.0,158873.60726423567,0.0,0.0,0.0,923.94,3266.3847937939613,0.0,0.0,0.0,114057.69248884905
CARBON_CAP_100,1.0,TD_TRANSITION,5,125,135135.0,100800.0,923.94,172601.52051621443,0.0,0.0,0.0,0.0,-0.0,0.0,0.0,37466.52051621443,89320.1849106552,11479.815089344804,1220.1950950497123,0.0,0.0,158873.60726423567,0.0,0.0,0.0,923.94,2342.308694427553,0.0,0.0,0.0,120850.40280686264
CARBON_CAP_100,1.0,TD_TRANSITION,6,125,135135.0,100800.0,923.94,59670.03654948776,0.0,0.0,0.0,0.0,-0.0,0.0,0.0,0.0,0.0,100800.0,10714.080725496324,0.0,75464.96345051224,79436.80363211814,0.0,0.0,0.0,923.94,1418.2710982319513,0.0,0.0,0.0,64010.42239981623
CARBON_CAP_100,1.0,TD_TRANSITION,7,125,135135.0,100800.0,1078.94,6257.94817030392,-0.0,53412.08837918384,0.0,0.0,-0.0,0.0,0.0,0.0,0.0,100800.0,10714.080725496324,0.0,75464.96345051224,0.0,0.0,0.0,0.0,1078.94,339.27200360285815,0.0,0.0,0.0,27428.483068913214
CARBON_CAP_100,1.0,TD_TRANSITION,8,125,144594.5,100800.0,1078.94,0.0,0.0,230059.02414918027,0.0,0.0,0.0,0.0,0.0,39077.34056987789,100800.0,0.0,0.0,-0.0,-0.0,-0.0,46387.18357930239,909.5526192020077,0.0,169.38738079799288,169.8704864713818,0.0,0.0,0.0,0.0
CARBON_CAP_100,1.0,TD_TRANSITION,9,125,144594.5,98755.2,1078.94,0.0,0.0,372336.44217952795,0.0,0.0,0.0,0.0,0.0,36657.46102449889,98755.2,0.0,0.0,0.0,0.0,0.0,191084.48115502903,3489.158068765239,2410.218068765239,0.0,2580.0814772996846,0.0,5.684341886080802e-14,0.0,0.0
CARBON_CAP_100,1.0,TD_TRANSITION,10,125,144594.5,93950.1,1078.94,0.0,8696.857353978383,453124.185066617,8696.857353978383,0.0,0.0,0.0,0.0,33064.72161610474,93950.1,0.0,0.0,75464.96345051224,0.0,71691.71527798662,200000.0,3637.750049514755,2558.810049514755,0.0,5138.784023419552,0.0,0.0,0.0,0.0
CARBON_CAP_100,1.0,TD_TRANSITION,11,125,144594.5,88649.1,1078.94,0.0,24510.246660744655,428795.82514867646,24510.246660744655,0.0,-0.0,0.0,0.0,29282.255400673846,88649.1,0.0,0.0,54919.06974800265,0.0,123864.83153858913,200000.0,3637.750049514755,2558.8100495147555,0.0,7697.379956933331,0.0,-3.979039320256561e-13,0.0,0.0
CARBON_CAP_100,1.0,TD_TRANSITION,12,125,144594.5,86409.0,1078.94,0.0,50000.0,445880.92486529227,50000.0,0.0,0.0,-0.0,0.0,27820.02575660013,86409.0,0.0,0.0,73466.39910869213,0.0,193657.91069184666,200000.0,3637.750049514755,2558.8100495147555,0.0,10255.869282283214,0.0,-4.547473508864641e-13,0.0,0.0
CARBON_CAP_100,1.0,TD_TRANSITION,13,125,144594.5,85485.6,1078.94,0.0,-0.0,407170.41286160436,0.0,0.0,-0.0,0.0,0.0,27238.592913586544,85485.6,0.0,0.0,35337.31994801783,0.0,227228.36464246354,200000.0,3637.750049514755,2558.8100495147555,0.0,12814.252003911208,0.0,-5.115907697472721e-13,0.0,0.0
CARBON_CAP_100,1.0,TD_TRANSITION,14,125,144594.5,85776.3,1078.94,42531.717658502486,0.0,274801.32426971395,-0.0,0.0,-0.0,0.0,0.0,27420.337574323894,85776.3,0.0,0.0,0.0,2.9103830456733704e-11,227228.36464246354,145318.2043538926,2726.3867887462984,1647.446788746298,0.0,14461.164865490675,0.0,4.547473508864641e-13,0.0,29129.97342430835
CARBON_CAP_100,1.0,TD_TRANSITION,15,125,144594.5,88803.0,1078.94,175052.49550121542,-0.0,132523.90623936628,0.0,0.0,-0.0,0.0,0.0,29385.506287227003,88803.0,0.0,0.0,0.0,-0.0,227228.36464246354,133596.39545335472,2521.3208759393865,1442.380875939387,0.0,15902.943192894,0.0,0.0,0.0,119893.45416878244
CARBON_CAP_100,1.0,TD_TRANSITION,16,125,144594.5,94634.1,1078.94,164559.70724076254,0.0,13623.952977878778,0.0,0.0,-0.0,-0.0,0.0,33589.1602186413,94634.1,0.0,0.0,0.0,-0.0,227228.36464246354,0.0,0.0,0.0,1078.9400000000005,14823.340570260962,0.0,4.547473508864641e-13,0.0,112706.94348919825
CARBON_CAP_100,1.0,TD_TRANSITION,17,125,144594.5,96258.6,1078.94,175052.49550121542,0.0,0.0,0.0,0.0,-0.0,0.0,0.0,30457.99550121543,84277.2735518631,11981.326448136911,1273.5009798002282,0.0,7.275957614183426e-12,227228.36464246354,0.0,0.0,0.0,1078.94,13743.782931070533,0.0,0.0,0.0,122644.21628515093
CARBON_CAP_100,1.0,TD_TRANSITION,18,125,139189.0,97353.0,1078.94,93743.32707150729,0.0,0.0,0.0,0.0,-0.0,0.0,0.0,0.0,0.0,97353.0,10347.697429258369,0.0,45445.67292849271,179390.81419141858,0.0,0.0,0.0,1078.9400000000005,12664.270273448405,0.0,4.547473508864641e-13,0.0,86555.83115847342
CARBON_CAP_100,1.0,TD_TRANSITION,19,125,139189.0,98071.2,1078.94,139189.0,0.0,0.0,0.0,0.0,-0.0,0.0,0.0,0.0,0.0,98071.2,10424.03525442753,0.0,0.0,179390.81419141858,0.0,0.0,0.0,1078.94,11584.802595520343,0.0,0.0,0.0,117846.46224956345
CARBON_CAP_100,1.0,TD_TRANSITION,20,125,139189.0,98669.7,923.94,122146.87265181524,0.0,0.0,0.0,0.0,-0.0,0.0,0.0,0.0,0.0,98669.7,10487.650108735164,0.0,17042.12734818476,161451.73277227674,0.0,0.0,0.0,923.9400000000005,10660.379895412196,0.0,4.547473508864641e-13,0.0,106311.7173140962
CARBON_CAP_100,1.0,TD_TRANSITION,21,125,139189.0,99353.7,923.94,93743.32707150729,0.0,0.0,0.0,0.0,-0.0,0.0,0.0,0.0,0.0,99353.7,10560.35279937246,0.0,45445.67292849271,113614.18232123177,0.0,0.0,0.0,923.94,9735.995712916552,0.0,0.0,0.0,87015.16675791985
CARBON_CAP_100,1.0,TD_TRANSITION,22,125,139189.0,99849.6,923.94,175052.49550121542,0.0,0.0,0.0,0.0,-0.0,0.0,0.0,35863.495501215424,95468.62502423546,4380.974975764548,465.6559478841335,0.0,0.0,113614.18232123177,0.0,0.0,0.0,923.9400000000005,8811.650046428513,0.0,4.547473508864641e-13,0.0,120899.27101621217
CARBON_CAP_100,1.0,TD_TRANSITION,23,125,135135.0,100362.6,923.94,173050.60256894596,0.0,0.0,0.0,0.0,-0.0,0.0,0.0,37915.60256894598,100362.6,0.0,0.0,0.0,0.0,113614.18232123177,0.0,0.0,0.0,923.94,7887.342894343246,0.0,0.0,0.0,118522.35769947109
CARBON_CAP_090,0.9,TD_SUMMER,0,120,144526.94,67200.0,923.94,186368.700586949,0.0,0.0,0.0,0.0,0.0,0.0,0.0,27113.173290296552,67200.0,0.0,0.0,14728.587296652475,0.0,266107.1081932581,0.0,0.0,0.0,923.9400000000005,6623.703280624286,0.0,4.547473508864641e-13,0.0,127643.92303200137
CARBON_CAP_090,0.9,TD_SUMMER,1,120,144526.94,67200.0,923.94,186368.700586949,0.0,0.0,0.0,0.0,0.0,0.0,0.0,27184.466019417476,67200.0,0.0,0.0,14657.294567531566,0.0,280031.53803241305,0.0,0.0,0.0,923.9400000000014,5699.487292987592,0.0,1.3642420526593924e-12,0.0,127643.92303200137
CARBON_CAP_090,0.9,TD_SUMMER,2,120,144526.94,67200.0,923.94,186368.700586949,0.0,0.0,0.0,0.0,0.0,0.0,0.0,27300.42656916514,67200.0,0.0,0.0,14541.334017783882,0.0,293845.8053493077,0.0,0.0,0.0,923.9399999999996,4775.309814350384,0.0,0.0,0.0,127643.92303200137
CARBON_CAP_090,0.9,TD_SUMMER,3,120,144526.94,67200.0,923.94,186368.700586949,0.0,0.0,0.0,0.0,0.0,0.0,0.0,27445.374719215844,67200.0,0.0,0.0,14396.385867733172,0.0,307522.3719236542,0.0,0.0,0.0,923.94,3851.1708431081192,0.0,0.0,0.0,127643.92303200137
CARBON_CAP_090,0.9,TD_SUMMER,4,120,144526.94,67200.0,923.94,172289.79891344765,0.0,0.0,0.0,0.0,0.0,0.0,0.0,27762.858913447635,67200.0,0.0,0.0,0.0,0.0,307522.3719236542,0.0,0.0,0.0,923.94,2927.070377656323,0.0,0.0,0.0,118001.28327582029
CARBON_CAP_090,0.9,TD_SUMMER,5,120,155405.25,67200.0,923.94,178680.98808173355,0.0,0.0,0.0,0.0,-0.0,0.0,0.0,28187.919463087248,67200.0,0.0,0.0,0.0,4912.181381353699,302351.654680124,0.0,0.0,0.0,923.9399999999996,2003.0084163905876,0.0,-4.547473508864641e-13,0.0,122378.6087371793
CARBON_CAP_090,0.9,TD_SUMMER,6,120,155405.25,67200.0,923.94,0.0,0.0,0.0,0.0,0.0,-0.0,0.0,0.0,7645.069566556187,18130.282477088,49069.717522912004,5215.643995216078,0.0,163050.3195665562,130719.73934690701,0.0,0.0,0.0,923.94,1078.9849577065713,0.0,0.0,0.0,11265.791029666729
CARBON_CAP_090,0.9,TD_SUMMER,7,120,155405.25,67200.0,1078.94,0.0,-0.0,59013.06089587258,0.0,0.0,-0.0,0.0,0.0,27791.56327543424,67200.0,0.0,0.0,0.0,124183.75237956167,0.0,0.0,0.0,0.0,1078.94,0.0,0.0,0.0,0.0,0.0
CARBON_CAP_090,0.9,TD_SUMMER,8,120,166283.675,67200.0,1078.94,0.0,0.0,254183.79272830914,0.0,0.0,0.0,0.0,0.0,26051.56037991859,67200.0,0.0,0.0,0.0,0.0,-0.0,61848.557348390554,1210.703131724008,131.7631317240079,0.0,131.7631317240079,0.0,5.684341886080802e-14,0.0,0.0
CARBON_CAP_090,0.9,TD_SUMMER,9,120,166283.675,65836.8,1078.94,0.0,0.0,411380.9027668798,0.0,0.0,0.0,0.0,0.0,24438.307349665927,65836.8,0.0,0.0,65334.610098926,0.0,62067.8795939797,155324.31031828793,2893.1552214862204,1814.2152214862203,0.0,1945.9728630797397,0.0,2.842170943040401e-14,0.0,0.0
CARBON_CAP_090,0.9,TD_SUMMER,10,120,166283.675,62633.399999999994,1078.94,0.0,0.0,510249.1613112693,0.0,0.0,0.0,0.0,0.0,22043.14774406982,62633.399999999994,0.0,0.0,121922.33856719948,0.0,177894.1012328192,200000.0,3637.750049514755,2558.8100495147555,0.0,4504.701830391867,0.0,-5.115907697472721e-13,0.0,0.0
CARBON_CAP_090,0.9,TD_SUMMER,11,120,166283.675,59099.399999999994,1078.94,0.0,-0.0,500841.2820380142,0.0,0.0,-0.0,0.0,0.0,19521.50360044923,59099.399999999994,0.0,0.0,115036.10343756498,0.0,287178.3994985059,200000.0,3637.750049514755,2558.8100495147546,0.0,7063.3241839970215,0.0,0.0,0.0,0.0
CARBON_CAP_090,0.9,TD_SUMMER,12,120,166283.675,57606.0,1078.94,0.0,-0.0,547880.6784042895,0.0,0.0,-0.0,0.0,0.0,18546.68383773342,57606.0,0.0,0.0,163050.3195665562,0.0,442076.2030867343,200000.0,3637.750049514755,2558.8100495147555,0.0,9621.839928337444,0.0,-5.115907697472721e-13,0.0,0.0
CARBON_CAP_090,0.9,TD_SUMMER,13,120,166283.675,56990.4,1078.94,0.0,-0.0,449867.68161201413,0.0,0.0,-0.0,0.0,0.0,18159.06194239103,56990.4,0.0,0.0,65424.94466962366,0.0,504229.9005228765,200000.0,3637.750049514755,2558.8100495147537,0.0,12180.249067855182,0.0,1.3642420526593924e-12,0.0,0.0
CARBON_CAP_090,0.9,TD_SUMMER,14,120,166283.675,57184.2,1078.94,30030.199192569242,0.0,303617.9220005038,0.0,0.0,-0.0,-0.0,0.0,18280.22504954926,57184.2,0.0,0.0,-0.0,0.0,504229.9005228765,149084.2211435238,2789.153735240152,1710.2137352401514,0.0,13889.955292717506,0.0,2.8421709430404007e-13,0.0,20567.683426990672
CARBON_CAP_090,0.9,TD_SUMMER,15,120,166283.675,59202.0,1078.94,186368.7005869471,-0.0,146420.8119619331,0.0,0.0,-0.0,0.0,0.0,19590.337524818002,59202.0,0.0,0.0,-0.0,0.0,504229.9005228765,146915.50002406223,2753.008383249126,1674.068383249176,0.0,15563.444927829485,0.0,-5.002220859751105e-11,0.0,127643.92303200005
CARBON_CAP_090,0.9,TD_SUMMER,16,120,166283.675,63089.399999999994,1078.94,173623.84164188613,0.0,15052.606837208077,0.0,0.0,-0.0,-0.0,0.0,22392.773479094198,63089.399999999994,0.0,0.0,0.0,-2.9103830456733704e-11,504229.9005228765,0.0,0.0,0.0,1078.9400000000005,14483.856450957492,0.0,4.547473508864641e-13,0.0,118914.9691405278
CARBON_CAP_090,0.9,TD_SUMMER,17,120,166283.675,64172.399999999994,1078.94,186368.700586949,0.0,0.0,0.0,0.0,-0.0,0.0,0.0,23192.049150704734,64172.399999999994,0.0,0.0,0.0,3107.0235637556907,500959.3494031336,0.0,0.0,0.0,1078.94,13404.3129569387,0.0,0.0,0.0,127643.92303200137
CARBON_CAP_090,0.9,TD_SUMMER,18,120,160067.34999999998,64902.0,1078.94,183797.51453382082,0.0,0.0,0.0,0.0,-0.0,0.0,0.0,23730.164533820844,64902.0,0.0,0.0,0.0,-0.0,500959.3494031336,0.0,0.0,0.0,1078.9400000000005,12324.814443898826,0.0,4.547473508864641e-13,0.0,125882.91770421388
CARBON_CAP_090,0.9,TD_SUMMER,19,120,160067.34999999998,65380.799999999996,1078.94,83311.56886373712,0.0,0.0,0.0,0.0,-0.0,0.0,0.0,24090.198968312452,65380.799999999996,0.0,0.0,0.0,100845.9801045753,394805.68613515963,0.0,0.0,0.0,1078.94,11245.360909963661,0.0,0.0,0.0,57060.09351477355
CARBON_CAP_090,0.9,TD_SUMMER,20,120,160067.34999999998,65779.8,923.94,143450.77368626828,0.0,0.0,0.0,0.0,-0.0,0.0,0.0,24394.51140367143,65779.8,0.0,0.0,0.0,41011.087717403156,351636.1201168405,0.0,0.0,0.0,923.9400000000005,10320.95235325908,0.0,0.0,0.0,98249.43489772514
CARBON_CAP_090,0.9,TD_SUMMER,21,120,160067.34999999998,66235.8,923.94,83968.53970674543,0.0,0.0,0.0,0.0,-0.0,0.0,0.0,24747.169811320757,66235.8,0.0,0.0,0.0,100845.9801045753,245482.45684886654,0.0,0.0,0.0,923.94,9396.582313577692,0.0,0.0,0.0,57510.05284514994
CARBON_CAP_090,0.9,TD_SUMMER,22,120,160067.34999999998,66566.4,923.94,186368.700586949,0.0,0.0,0.0,0.0,-0.0,0.0,0.0,25006.16078136739,66566.4,0.0,0.0,1295.1898055816564,0.0,246712.8871641691,0.0,0.0,0.0,923.9400000000005,8472.250789314625,0.0,4.547473508864641e-13,0.0,127643.92303200137
CARBON_CAP_090,0.9,TD_SUMMER,23,120,155405.25,66908.4,923.94,186368.700586949,0.0,0.0,0.0,0.0,-0.0,0.0,0.0,25277.068379297318,66908.4,0.0,0.0,5686.382207651695,0.0,252114.95026143824,0.0,0.0,0.0,923.9399999999969,7547.957778865073,0.0,-3.183231456205249e-12,0.0,127643.92303200137
CARBON_CAP_090,0.9,TD_WINTER,0,120,131959.38,151200.0,923.94,186368.700586949,0.0,0.0,0.0,0.0,0.0,0.0,0.0,42157.52006053354,104487.41347003238,46712.58652996762,4965.103402567513,12251.800526415478,0.0,263754.16076153296,0.0,0.0,0.0,923.9400000000005,6623.703280624286,0.0,4.547473508864641e-13,0.0,138368.5463815472
CARBON_CAP_090,0.9,TD_WINTER,1,120,131959.38,151200.0,923.94,186368.700586949,0.0,0.0,0.0,0.0,0.0,0.0,0.0,42157.52006053354,104213.38958963891,46986.610410361085,4994.229533274351,12251.800526415294,0.0,275393.3712616274,0.0,0.0,0.0,923.9400000000005,5699.487292987593,0.0,4.547473508864641e-13,0.0,138431.45882387398
CARBON_CAP_090,0.9,TD_WINTER,2,120,131959.38,151200.0,923.94,186368.700586949,0.0,0.0,0.0,0.0,0.0,0.0,0.0,42157.52006053354,103770.7356290033,47429.264370996694,5041.27943672386,12251.800526415478,0.0,287032.5817617221,0.0,0.0,0.0,923.9400000000005,4775.309814350384,0.0,4.547473508864641e-13,0.0,138533.08661532492
CARBON_CAP_090,0.9,TD_WINTER,3,120,131959.38,151200.0,923.94,186368.700586949,0.0,0.0,0.0,0.0,0.0,0.0,0.0,42157.52006053354,103222.68786821638,47977.31213178362,5099.531698137537,12251.800526415478,0.0,298671.7922618168,0.0,0.0,0.0,923.9399999999982,3851.170843108121,0.0,-1.8189894035458565e-12,0.0,138658.91149997845
CARBON_CAP_090,0.9,TD_WINTER,4,120,131959.38,151200.0,923.94,174116.90006053355,0.0,0.0,0.0,0.0,0.0,0.0,0.0,42157.52006053354,102042.27730652144,49157.72269347856,5224.998107336228,-0.0,0.0,298671.7922618168,0.0,0.0,0.0,923.94,2927.0703776563246,0.0,0.0,0.0,130538.66076330567
CARBON_CAP_090,0.9,TD_WINTER,5,120,141891.75,151200.0,923.94,184049.27006053354,0.0,0.0,0.0,0.0,-0.0,0.0,0.0,42157.52006053355,100503.52782431197,50696.47217568803,5388.552533613093,0.0,0.0,298671.7922618168,0.0,0.0,0.0,923.94,2003.0084163905885,0.0,0.0,0.0,137694.6185370637
CARBON_CAP_090,0.9,TD_WINTER,6,120,141891.75,151200.0,923.94,0.0,0.0,0.0,0.0,0.0,-0.0,0.0,0.0,16810.243484065297,39865.492422460855,111334.50757753915,11833.798628166036,0.0,158701.9934840653,131617.06227859017,0.0,0.0,0.0,923.94,1078.984957706572,0.0,0.0,0.0,25561.005036838644
CARBON_CAP_090,0.9,TD_WINTER,7,120,141891.75,151200.0,1078.94,0.0,-0.0,59013.06089587258,0.0,0.0,-0.0,0.0,0.0,42157.520060533265,101936.88350636944,49263.11649363056,5236.200465300468,0.0,125036.20916466069,0.0,0.0,0.0,0.0,1078.94,6.821210263296962e-13,0.0,0.0,0.0,11310.193005049012
CARBON_CAP_090,0.9,TD_WINTER,8,120,151824.225,151200.0,1078.94,2263.4546958478963,0.0,254183.79272830914,0.0,0.0,0.0,0.0,0.0,49597.08242415711,127935.67411311326,23264.32588688674,2472.7764442099046,-0.0,-0.0,0.0,55025.939999999944,1078.939999999999,0.0,6.820926046202657e-13,0.0,0.0,-4.547757725958946e-13,0.0,6891.437240679622
CARBON_CAP_090,0.9,TD_WINTER,9,120,151824.225,148132.80000000002,1078.94,0.0,0.0,411380.9027668798,0.0,0.0,0.0,0.0,0.0,49597.0824241571,133614.54005067924,14518.259949320782,1543.1528679639187,69959.59534272272,0.0,66461.61557558658,140000.0,2637.750049514755,1558.810049514755,0.0,1558.810049514755,0.0,0.0,0.0,3333.210194802068
CARBON_CAP_090,0.9,TD_WINTER,10,120,151824.225,140925.15000000002,1078.94,0.0,0.0,510249.1613112693,0.0,0.0,0.0,0.0,0.0,49597.08242415711,140925.15000000002,0.0,0.0,108827.85388711217,0.0,169848.07676834313,200000.0,3637.750049514755,2558.8100495147546,0.0,4117.55514861078,0.0,5.115907697472721e-13,0.0,0.0
CARBON_CAP_090,0.9,TD_WINTER,11,120,151824.225,132973.65000000002,1078.94,0.0,-0.0,500841.2820380143,0.0,0.0,-0.0,0.0,0.0,43923.383101010775,132973.65000000002,0.0,0.0,105093.67393700354,0.0,269687.0670084965,200000.0,3637.750049514755,2558.8100495147546,0.0,6676.193633327675,0.0,4.547473508864641e-13,0.0,0.0
CARBON_CAP_090,0.9,TD_WINTER,12,120,151824.225,129613.50000000001,1078.94,0.0,-0.0,547880.6784042894,0.0,0.0,-0.0,0.0,0.0,41730.0386349002,129613.50000000001,0.0,0.0,154326.4147693892,0.0,416297.1610394162,200000.0,3637.750049514755,2558.8100495147546,0.0,9234.725508107707,0.0,3.979039320256561e-13,0.0,0.0
CARBON_CAP_090,0.9,TD_WINTER,13,120,151824.225,128228.40000000001,1078.94,0.0,-0.0,449867.68161201413,0.0,0.0,-0.0,0.0,0.0,40857.88937037982,128228.40000000001,0.0,0.0,74565.2415569029,0.0,487134.1405184739,182620.32568473142,3348.0888109269454,2269.148810926945,0.0,11503.489538805146,0.0,2.8421709430404007e-13,0.0,0.0
CARBON_CAP_090,0.9,TD_WINTER,14,120,151824.225,128664.45000000001,1078.94,107332.34620772132,0.0,303617.9220005038,0.0,0.0,-0.0,-0.0,0.0,41130.506361485845,128664.45000000001,0.0,0.0,17995.53684673983,0.0,504229.9005228765,200000.0,3637.750049514755,2558.8100495147555,0.0,14061.820276255785,0.0,0.0,0.0,73511.92391766833
CARBON_CAP_090,0.9,TD_WINTER,15,120,151824.225,133204.5,1078.94,186368.700586949,-0.0,146420.8119619331,0.0,0.0,-0.0,0.0,0.0,44078.2594308405,133204.5,0.0,0.0,0.0,0.0,504229.9005228765,136887.02811804158,2581.1505607518748,1502.2105607518788,0.0,15563.444927829485,0.0,-4.035882739117369e-12,0.0,127643.92303200137
CARBON_CAP_090,0.9,TD_WINTER,16,120,151824.225,141951.15000000002,1078.94,186368.70058694904,0.0,15052.606837208077,0.0,0.0,-0.0,-0.0,0.0,49597.08242415711,139734.82002182025,2216.3299781797687,235.57478472773357,0.0,0.0,504229.9005228765,0.0,0.0,0.0,1078.9400000000005,14483.856450957492,0.0,4.547473508864641e-13,0.0,128152.76456701329
CARBON_CAP_090,0.9,TD_WINTER,17,120,151824.225,144387.90000000002,1078.94,186368.700586949,0.0,0.0,0.0,0.0,-0.0,0.0,0.0,49597.08242415711,137235.12706764272,7152.7729323573,760.2716925438608,0.0,15052.606837208092,488385.0512205522,0.0,0.0,0.0,1078.94,13404.3129569387,0.0,0.0,0.0,129286.10988789612
CARBON_CAP_090,0.9,TD_WINTER,18,120,146148.45,146029.5,1078.94,186368.700586949,0.0,0.0,0.0,0.0,-0.0,0.0,0.0,49597.08242415712,135648.0204300697,10381.479569930292,1103.4524817690874,0.0,9376.831837208098,478514.7019182279,0.0,0.0,0.0,1078.9400000000005,12324.814443898826,0.0,4.547473508864641e-13,0.0,130027.38039262261
CARBON_CAP_090,0.9,TD_WINTER,19,120,146148.45,147106.80000000002,1078.94,94899.55231958184,0.0,0.0,0.0,0.0,-0.0,0.0,0.0,49597.08242415711,134606.4816991624,12500.318300837622,1328.664874698148,0.0,100845.9801045753,372361.0386502539,0.0,0.0,0.0,1078.94,11245.360909963661,0.0,0.0,0.0,67866.6195130296
CARBON_CAP_090,0.9,TD_WINTER,20,120,146148.45,148004.55000000002,923.94,182357.72855935758,0.0,0.0,0.0,0.0,-0.0,0.0,0.0,49597.08242415711,133738.53275673965,14266.017243260372,1516.3418688056959,0.0,13387.803864799556,358268.61352941225,0.0,0.0,0.0,923.9400000000005,10320.95235325908,0.0,4.547473508864641e-13,0.0,128172.1067269243
CARBON_CAP_090,0.9,TD_WINTER,21,120,146148.45,149030.55000000002,923.94,94899.55231958181,0.0,0.0,0.0,0.0,-0.0,0.0,0.0,49597.08242415712,132746.5911082565,16283.958891743503,1730.8298620714636,0.0,100845.9801045753,252114.95026143824,0.0,0.0,0.0,923.94,9396.582313577692,0.0,0.0,0.0,68735.29588575594
CARBON_CAP_090,0.9,TD_WINTER,22,120,146148.45,149774.40000000002,923.94,186368.700586949,0.0,0.0,0.0,0.0,-0.0,0.0,0.0,40220.250586949,107066.30706245823,42708.09293754179,4539.463842904982,0.0,0.0,252114.95026143824,0.0,0.0,0.0,923.9400000000005,8472.250789314625,0.0,4.547473508864641e-13,0.0,137449.16493267613
CARBON_CAP_090,0.9,TD_WINTER,23,120,141891.75,150543.90000000002,923.94,186368.700586949,0.0,0.0,0.0,0.0,-0.0,0.0,0.0,44476.95058694901,117730.48820365402,32813.411796346,3487.7534014385355,0.0,0.0,252114.95026143824,0.0,0.0,0.0,923.94,7547.957778865073,0.0,0.0,0.0,135177.47037910862
CARBON_CAP_090,0.9,TD_TRANSITION,0,125,125675.6,100800.0,923.94,186368.700586949,0.0,0.0,0.0,0.0,0.0,0.0,0.0,40669.759935444825,100800.0,0.0,0.0,20023.34065150417,0.0,271137.1238803672,0.0,0.0,0.0,923.9400000000005,6623.703280624286,0.0,4.547473508864641e-13,0.0,127643.92303200137
CARBON_CAP_090,0.9,TD_TRANSITION,1,125,125675.6,100800.0,923.94,186368.700586949,0.0,0.0,0.0,0.0,0.0,0.0,0.0,40776.69902912621,100800.0,0.0,0.0,19916.40155782277,0.0,290057.70536029886,0.0,0.0,0.0,923.9400000000005,5699.487292987593,0.0,4.547473508864641e-13,0.0,127643.92303200137
CARBON_CAP_090,0.9,TD_TRANSITION,2,125,125675.6,100800.0,923.94,186368.700586949,0.0,0.0,0.0,0.0,0.0,0.0,0.0,40950.639853747714,100800.0,0.0,0.0,19742.460733201475,0.0,308813.04305684025,-1.7462298274040222e-10,-3.423980053733377e-12,0.0,923.9400000000005,4775.309814350384,0.0,-2.9692327028469127e-12,0.0,127643.92303200137
CARBON_CAP_090,0.9,TD_TRANSITION,3,125,125675.6,100800.0,923.94,186368.700586949,0.0,0.0,0.0,0.0,0.0,0.0,0.0,41168.062078823765,100800.0,0.0,0.0,19525.038508125246,0.0,327361.82963955926,0.0,0.0,0.0,923.94,3851.1708431081192,0.0,0.0,0.0,127643.92303200137
CARBON_CAP_090,0.9,TD_TRANSITION,4,125,125675.6,100800.0,923.94,137185.75379642515,0.0,0.0,0.0,0.0,0.0,0.0,0.0,41644.28837017145,100800.0,0.0,0.0,0.0,30134.134573746298,295641.6879829841,0.0,0.0,0.0,923.94,2927.070377656323,0.0,0.0,0.0,93958.52277517159
CARBON_CAP_090,0.9,TD_TRANSITION,5,125,135135.0,100800.0,923.94,177292.52006053354,0.0,0.0,0.0,0.0,-0.0,0.0,0.0,42157.52006053355,100503.52782431197,296.4721756880317,31.512170864931548,0.0,0.0,295641.6879829841,0.0,0.0,0.0,923.9399999999996,2003.0084163905876,0.0,-4.547473508864641e-13,0.0,121495.71327852766
CARBON_CAP_090,0.9,TD_TRANSITION,6,125,135135.0,100800.0,923.94,0.0,0.0,0.0,0.0,0.0,-0.0,0.0,0.0,27915.319566556187,66201.180352088,34598.819647911994,3677.525265025966,0.0,163050.3195665562,124009.77264976711,0.0,0.0,0.0,923.94,1078.9849577065713,0.0,0.0,0.0,7943.454572456087
CARBON_CAP_090,0.9,TD_TRANSITION,7,125,135135.0,100800.0,1078.94,0.0,-0.0,59013.06089587258,0.0,0.0,-0.0,0.0,0.0,41687.34491315136,100800.0,0.0,0.0,0.0,117809.28401727877,0.0,0.0,0.0,0.0,1078.94,0.0,0.0,0.0,0.0,0.0
CARBON_CAP_090,0.9,TD_TRANSITION,8,125,144594.5,100800.0,1078.94,0.0,0.0,254183.79272830914,0.0,0.0,0.0,0.0,0.0,39077.34056987789,100800.0,0.0,0.0,0.0,2.1927759738878157e-12,0.0,70511.95215843126,1371.136368946984,292.1963689469841,0.0,292.1963689469841,0.0,0.0,0.0,0.0
CARBON_CAP_090,0.9,TD_TRANSITION,9,125,144594.5,98755.2,1078.94,0.0,0.0,411380.9027668798,0.0,0.0,0.0,0.0,0.0,36657.46102449889,98755.2,0.0,0.0,30128.941742381525,0.0,28622.494655262442,200000.0,3637.750049514755,2558.8100495147546,0.0,2850.9942436130327,0.0,5.115907697472721e-13,0.0,0.0
CARBON_CAP_090,0.9,TD_TRANSITION,10,125,144594.5,93950.1,1078.94,0.0,0.0,510249.1613112693,0.0,0.0,0.0,0.0,0.0,33064.72161610474,93950.1,0.0,0.0,132589.9396951645,0.0,154582.9373656687,200000.0,3637.750049514755,2558.810049514755,0.0,5409.68550170097,0.0,0.0,0.0,0.0
CARBON_CAP_090,0.9,TD_TRANSITION,11,125,144594.5,88649.1,1078.94,0.0,-0.0,500841.2820380142,0.0,0.0,-0.0,0.0,0.0,29282.255400673846,88649.1,0.0,0.0,126964.52663734037,0.0,275199.23767114204,200000.0,3637.750049514755,2558.8100495147555,0.0,7968.270147653155,0.0,-5.115907697472721e-13,0.0,0.0
CARBON_CAP_090,0.9,TD_TRANSITION,12,125,144594.5,86409.0,1078.94,0.0,12415.833081133082,535464.8453231563,12415.833081133082,0.0,-0.0,0.0,0.0,27820.02575660013,86409.0,0.0,0.0,163050.3195665562,0.0,430097.0412593704,200000.0,3637.750049514755,2558.8100495147555,0.0,10526.748185911758,0.0,-4.547473508864641e-13,0.0,0.0
CARBON_CAP_090,0.9,TD_TRANSITION,13,125,144594.5,85485.6,1078.94,0.0,-0.0,449867.68161201413,0.0,0.0,-0.0,0.0,0.0,27238.592913586544,85485.6,0.0,0.0,78034.5886984276,0.0,504229.9005228765,200000.0,3637.750049514755,2558.8100495147555,0.0,13085.119620918767,0.0,-3.979039320256561e-13,0.0,0.0
CARBON_CAP_090,0.9,TD_TRANSITION,14,125,144594.5,85776.3,1078.94,0.0,0.0,303617.9220005038,0.0,0.0,-0.0,-0.0,0.0,27420.337574323894,85776.3,0.0,0.0,-0.0,0.0,504229.9005228765,131603.0844261799,2485.078857263481,1406.138857263477,0.0,14490.713264864706,0.0,4.092726157978177e-12,0.0,0.0
CARBON_CAP_090,0.9,TD_TRANSITION,15,125,144594.5,88803.0,1078.94,140858.0909496107,-0.0,146420.8119619331,0.0,0.0,-0.0,0.0,0.0,29385.506287227003,88803.0,0.0,0.0,-1.0407550955901528e-13,1.0407550955901528e-13,504229.9005228765,113298.89662431678,2152.275442684151,1073.3354426841488,0.0,15563.444927829485,0.0,0.0,0.0,96473.70649138835
CARBON_CAP_090,0.9,TD_TRANSITION,16,125,144594.5,94634.1,1078.94,163131.05338143322,0.0,15052.606837208077,0.0,0.0,-0.0,-0.0,0.0,33589.1602186413,94634.1,0.0,0.0,0.0,2.9103830456733704e-11,504229.9005228765,0.0,0.0,0.0,1078.9400000000005,14483.856450957492,0.0,4.547473508864641e-13,0.0,111728.4584609436
CARBON_CAP_090,0.9,TD_TRANSITION,17,125,144594.5,96258.6,1078.94,179382.5737260571,0.0,0.0,0.0,0.0,-0.0,0.0,0.0,34788.073726057104,96258.6,0.0,0.0,0.0,-0.0,504229.9005228765,0.0,0.0,0.0,1078.94,13404.3129569387,0.0,0.0,0.0,122859.1247449765
CARBON_CAP_090,0.9,TD_TRANSITION,18,125,139189.0,97353.0,1078.94,73938.26669615596,0.0,0.0,0.0,0.0,-0.0,0.0,0.0,35595.246800731264,97353.0,0.0,0.0,0.0,100845.9801045753,398076.2372549025,0.0,0.0,0.0,1078.9400000000005,12324.814443898826,0.0,4.547473508864641e-13,0.0,50640.318860197214
CARBON_CAP_090,0.9,TD_TRANSITION,19,125,139189.0,98071.2,1078.94,116759.8828300598,0.0,0.0,0.0,0.0,-0.0,0.0,0.0,36135.29845246868,98071.2,0.0,0.0,0.0,58564.41562240888,336429.4839681563,0.0,0.0,0.0,1078.94,11245.360909963661,0.0,0.0,0.0,79968.84375030795
CARBON_CAP_090,0.9,TD_TRANSITION,20,125,139189.0,98669.7,923.94,74934.78700093184,0.0,0.0,0.0,0.0,-0.0,0.0,0.0,36591.76710550714,98669.7,0.0,0.0,0.0,100845.9801045753,230275.8207001823,0.0,0.0,0.0,923.9400000000005,10320.95235325908,0.0,4.547473508864641e-13,0.0,51322.83561693822
CARBON_CAP_090,0.9,TD_TRANSITION,21,125,139189.0,99353.7,923.94,176309.75471698114,0.0,0.0,0.0,0.0,-0.0,0.0,0.0,37120.75471698113,99353.7,0.0,0.0,0.0,-0.0,230275.8207001823,0.0,0.0,0.0,923.94,9396.582313577692,0.0,0.0,0.0,120754.55100566038
CARBON_CAP_090,0.9,TD_TRANSITION,22,125,139189.0,99849.6,923.94,186368.700586949,0.0,0.0,0.0,0.0,-0.0,0.0,0.0,37509.24117205109,99849.6,0.0,0.0,9670.459414897923,0.0,239462.7571443353,0.0,0.0,0.0,923.9399999999969,8472.250789314628,0.0,-3.183231456205249e-12,0.0,127643.92303200137
CARBON_CAP_090,0.9,TD_TRANSITION,23,125,135135.0,100362.6,923.94,186368.700586949,0.0,0.0,0.0,0.0,-0.0,0.0,0.0,37915.60256894598,100362.6,0.0,0.0,13318.098018003046,0.0,252114.95026143824,0.0,0.0,0.0,923.9400000000005,7547.957778865073,0.0,4.547473508864641e-13,0.0,127643.92303200137
CARBON_CAP_080,0.8,TD_SUMMER,0,120,144526.94,67200.0,923.94,179382.5737260571,0.0,0.0,0.0,0.0,0.0,0.0,0.0,27113.173290296552,67200.0,0.0,0.0,7742.460435760557,0.0,369578.5217284122,0.0,0.0,0.0,923.9400000000005,6623.703280624284,0.0,4.547473508864641e-13,0.0,122859.1247449765
CARBON_CAP_080,0.8,TD_SUMMER,1,120,144526.94,67200.0,923.94,179382.5737260571,0.0,0.0,0.0,0.0,0.0,0.0,0.0,27184.466019417476,67200.0,0.0,0.0,7671.167706639596,0.0,376866.1310497198,0.0,0.0,0.0,923.9399999999996,5699.487292987592,0.0,-4.547473508864641e-13,0.0,122859.1247449765
CARBON_CAP_080,0.8,TD_SUMMER,2,120,144526.94,67200.0,923.94,179382.5737260571,0.0,0.0,0.0,0.0,0.0,0.0,0.0,27300.42656916514,67200.0,0.0,0.0,7555.207156891938,0.0,384043.57784876716,0.0,0.0,0.0,923.9399999999996,4775.309814350384,0.0,0.0,0.0,122859.1247449765
CARBON_CAP_080,0.8,TD_SUMMER,3,120,144526.94,67200.0,923.94,179382.5737260571,0.0,0.0,0.0,0.0,0.0,0.0,0.0,27445.374719215844,67200.0,0.0,0.0,7410.259006841263,0.0,391083.32390526636,-8.636468039794451e-12,-1.6934251058420492e-13,0.0,923.94,3851.1708431081192,0.0,-1.6934251058420492e-13,0.0,122859.1247449765
CARBON_CAP_080,0.8,TD_SUMMER,4,120,144526.94,67200.0,923.94,107031.79096539109,0.0,0.0,0.0,0.0,0.0,0.0,0.0,27762.858913447635,67200.0,0.0,0.0,0.0,65258.00794805656,322390.6839599437,0.0,0.0,0.0,923.94,2927.070377656323,0.0,0.0,0.0,73306.07363219635
CARBON_CAP_080,0.8,TD_SUMMER,5,120,155405.25,67200.0,923.94,179382.5737260571,0.0,0.0,0.0,0.0,-0.0,0.0,0.0,28187.919463087248,67200.0,0.0,0.0,0.0,4210.595737030148,317958.4779209646,0.0,0.0,0.0,923.9399999999996,2003.0084163905876,0.0,-4.547473508864641e-13,0.0,122859.1247449765
CARBON_CAP_080,0.8,TD_SUMMER,6,120,155405.25,67200.0,923.94,0.0,0.0,0.0,0.0,0.0,-0.0,0.0,0.0,28336.49588867805,67200.0,0.0,0.0,0.0,183741.74588867807,124546.11382761927,0.0,0.0,0.0,923.94,1078.9849577065713,0.0,0.0,0.0,0.0
CARBON_CAP_080,0.8,TD_SUMMER,7,120,155405.25,67200.0,1078.94,0.0,-0.0,64878.00513919591,0.0,0.0,-0.0,0.0,0.0,27791.56327543424,67200.0,0.0,0.0,0.0,118318.80813623834,0.0,0.0,0.0,0.0,1078.94,0.0,0.0,0.0,0.0,0.0
CARBON_CAP_080,0.8,TD_SUMMER,8,120,166283.675,67200.0,1078.94,0.0,0.0,279445.5525705656,0.0,0.0,0.0,0.0,0.0,26051.56037991859,67200.0,0.0,0.0,0.0,0.0,-0.0,87110.31719064701,1676.1194529810646,597.1794529810645,0.0,597.1794529810645,0.0,0.0,0.0,0.0
CARBON_CAP_080,0.8,TD_SUMMER,9,120,166283.675,65836.8,1078.94,0.0,0.0,452265.5140862787,0.0,0.0,0.0,0.0,0.0,24438.307349665927,65836.8,0.0,0.0,106219.22141832313,0.0,100908.26034740696,155324.31031828962,2893.1552214862486,1814.2152214862485,0.0,2411.3697919901056,0.0,1.7053025658242404e-13,0.0,0.0
CARBON_CAP_080,0.8,TD_SUMMER,10,120,166283.675,62633.399999999994,1078.94,0.0,0.0,560959.679218033,0.0,0.0,0.0,0.0,0.0,22043.14774406982,62633.399999999994,0.0,0.0,172632.85647396318,0.0,264909.473997672,200000.0,3637.750049514755,2558.810049514755,0.0,4970.079367763527,0.0,-5.684341886080802e-14,0.0,0.0
CARBON_CAP_080,0.8,TD_SUMMER,11,120,166283.675,59099.399999999994,1078.94,0.0,-0.0,550616.8088335235,0.0,0.0,-0.0,0.0,0.0,19521.50360044923,59099.399999999994,0.0,0.0,164811.6302330743,0.0,421480.52271909255,200000.0,3637.750049514755,2558.8100495147555,0.0,7528.682330637959,0.0,0.0,0.0,0.0
CARBON_CAP_080,0.8,TD_SUMMER,12,120,166283.675,57606.0,1078.94,0.0,8723.904797165655,593607.2559589053,8723.904797165655,0.0,-0.0,0.0,0.0,18546.68383773342,57606.0,0.0,0.0,208776.89712117193,0.0,619818.5749842059,200000.0,3637.750049514755,2558.8100495147546,0.0,10087.178685055604,0.0,3.979039320256561e-13,0.0,0.0
CARBON_CAP_080,0.8,TD_SUMMER,13,120,166283.675,56990.4,1078.94,0.0,-0.0,494577.256568363,0.0,0.0,-0.0,0.0,0.0,18159.06194239103,56990.4,0.0,0.0,110134.51962597197,0.0,724446.3686288793,200000.0,3637.750049514755,2558.8100495147555,0.0,12645.568435458481,0.0,-4.547473508864641e-13,0.0,0.0
CARBON_CAP_080,0.8,TD_SUMMER,14,120,166283.675,57184.2,1078.94,0.0,0.0,333792.63513644267,0.0,0.0,-0.0,-0.0,0.0,18280.22504954926,57184.2,0.0,0.0,0.0,0.0,724446.3686288793,149228.73508689343,2791.562300962979,1712.6223009629775,0.0,14357.663837736647,0.0,1.4210854715202004e-12,0.0,0.0
CARBON_CAP_080,0.8,TD_SUMMER,15,120,166283.675,59202.0,1078.94,145517.64911551107,-0.0,160972.67362072953,0.0,0.0,-0.0,0.0,0.0,19590.337524818002,59202.0,0.0,0.0,0.0,0.0,724446.3686288793,120616.31021142259,2285.3193260860753,1206.3793260860766,0.0,15563.444927829483,0.0,-1.3642420526593924e-12,0.0,99665.03787921353
CARBON_CAP_080,0.8,TD_SUMMER,16,120,166283.675,63089.399999999994,1078.94,172127.85586387903,0.0,16548.592615215188,0.0,0.0,-0.0,-0.0,0.0,22392.773479094198,63089.399999999994,0.0,0.0,0.0,-2.1827872842550278e-11,724446.3686288793,0.0,0.0,0.0,1078.9400000000005,14483.85645095749,0.0,4.547473508864641e-13,0.0,117890.36848117074
CARBON_CAP_080,0.8,TD_SUMMER,17,120,166283.675,64172.399999999994,1078.94,179382.5737260571,0.0,0.0,0.0,0.0,-0.0,0.0,0.0,23192.049150704734,64172.399999999994,0.0,0.0,0.0,10093.15042464761,713821.9997608291,0.0,0.0,0.0,1078.94,13404.312956938698,0.0,0.0,0.0,122859.1247449765
CARBON_CAP_080,0.8,TD_SUMMER,18,120,160067.34999999998,64902.0,1078.94,179382.5737260571,0.0,0.0,0.0,0.0,-0.0,0.0,0.0,23730.164533820844,64902.0,0.0,0.0,0.0,4414.94080776372,709174.6936473936,0.0,0.0,0.0,1078.9399999999987,12324.814443898826,0.0,-1.3642420526593924e-12,0.0,122859.1247449765
CARBON_CAP_080,0.8,TD_SUMMER,19,120,160067.34999999998,65380.799999999996,1078.94,144332.16255355772,0.0,0.0,0.0,0.0,-0.0,0.0,0.0,24090.198968312452,65380.799999999996,0.0,0.0,0.0,39825.3864147547,667253.2342634414,0.0,0.0,0.0,1078.94,11245.36090996366,0.0,0.0,0.0,98853.09813293167
CARBON_CAP_080,0.8,TD_SUMMER,20,120,160067.34999999998,65779.8,923.94,39572.58767789556,0.0,0.0,0.0,0.0,-0.0,0.0,0.0,24394.51140367143,65779.8,0.0,0.0,0.0,144889.27372577586,514738.20928894053,0.0,0.0,0.0,923.9399999999987,10320.95235325908,0.0,0.0,0.0,27103.265300590665
CARBON_CAP_080,0.8,TD_SUMMER,21,120,160067.34999999998,66235.8,923.94,15178.07627422412,0.0,0.0,0.0,0.0,-0.0,0.0,0.0,0.0,0.0,66235.8,7040.235199581641,0.0,144889.27372577586,362223.18431443966,0.0,0.0,0.0,923.94,9396.582313577694,0.0,0.0,0.0,25602.372471312447
CARBON_CAP_080,0.8,TD_SUMMER,22,120,160067.34999999998,66566.4,923.94,179382.5737260571,0.0,0.0,0.0,0.0,-0.0,0.0,0.0,19315.223726057127,51417.12555876407,15149.274441235924,1610.2237033343242,0.0,0.0,362223.18431443966,0.0,0.0,0.0,923.9400000000023,8472.250789314625,0.0,2.2737367544323206e-12,0.0,126337.20794417865
CARBON_CAP_080,0.8,TD_SUMMER,23,120,155405.25,66908.4,923.94,179382.5737260571,0.0,0.0,0.0,0.0,-0.0,0.0,0.0,23977.323726057104,63467.97590287315,3440.4240971268446,365.6843403428553,0.0,0.0,362223.18431443966,0.0,0.0,0.0,923.9399999999987,7547.957778865071,0.0,-1.3642420526593924e-12,0.0,123649.00292011707
CARBON_CAP_080,0.8,TD_WINTER,0,120,131959.38,151200.0,923.94,179382.5737260571,0.0,0.0,0.0,0.0,0.0,0.0,0.0,46072.50552689757,114190.70494841562,37009.295051584384,3933.7358608768523,1350.6881991595355,0.0,363506.33810364123,-3.865352482534945e-13,-7.15806015284249e-15,0.0,923.9400000000014,6623.703280624283,0.0,1.3570839925065498e-12,0.0,131355.9942044705
CARBON_CAP_080,0.8,TD_WINTER,1,120,131959.38,151200.0,923.94,179382.5737260571,0.0,0.0,0.0,0.0,0.0,0.0,0.0,46072.50552689757,113891.23366249079,37308.76633750921,3965.566808618586,1350.6881991595358,0.0,364789.4918928428,-1.9326762412674725e-13,-3.579030076421245e-15,0.0,923.9399999999996,5699.487292987591,0.0,-4.583263809628854e-13,0.0,131424.74905159266
CARBON_CAP_080,0.8,TD_WINTER,2,120,131959.38,151200.0,923.94,179382.5737260571,0.0,0.0,0.0,0.0,0.0,0.0,0.0,46072.50552689757,113407.47235445837,37792.52764554163,4016.986031893696,1350.6881991595355,0.0,366072.6456820444,0.0,0.0,0.0,923.9400000000005,4775.309814350382,0.0,4.547473508864641e-13,0.0,131535.8145738669
CARBON_CAP_080,0.8,TD_WINTER,3,120,131959.38,151200.0,923.94,179382.5737260571,0.0,0.0,0.0,0.0,0.0,0.0,0.0,46072.50552689757,112808.5297826087,38391.470217391296,4080.6479273771647,1350.6881991595365,0.0,367355.79947124596,0.0,0.0,0.0,923.94,3851.1708431081174,0.0,0.0,0.0,131673.32426811117
CARBON_CAP_080,0.8,TD_WINTER,4,120,131959.38,151200.0,923.94,178031.88552689756,0.0,0.0,0.0,0.0,0.0,0.0,0.0,46072.50552689757,111518.49962785558,39681.50037214442,4217.765856110791,0.0,0.0,367355.79947124596,0.0,0.0,0.0,923.94,2927.070377656321,0.0,0.0,0.0,131044.41264657144
CARBON_CAP_080,0.8,TD_WINTER,5,120,141891.75,151200.0,923.94,150026.75194381337,0.0,0.0,0.0,0.0,-0.0,0.0,0.0,46072.50552689758,109836.85317612381,41363.14682387619,4396.508870352841,0.0,37937.50358308418,327421.5851732623,0.0,0.0,0.0,923.94,2003.0084163905854,0.0,0.0,0.0,112249.78156627991
CARBON_CAP_080,0.8,TD_WINTER,6,120,141891.75,151200.0,923.94,0.0,0.0,0.0,0.0,0.0,-0.0,0.0,0.0,46072.50552689757,109260.94685703759,41939.05314296241,4457.722231394639,0.0,187964.25552689756,129564.47409231748,0.0,0.0,0.0,923.94,1078.9849577065688,0.0,0.0,0.0,9628.680019812422
CARBON_CAP_080,0.8,TD_WINTER,7,120,141891.75,151200.0,1078.94,0.0,-0.0,64878.00513919591,0.0,0.0,-0.0,0.0,0.0,46072.50552689757,111403.31836403834,39796.681635961664,4230.00852831915,0.0,123086.25038770164,-0.0,0.0,0.0,0.0,1078.94,-2.4513724383723456e-12,0.0,0.0,0.0,9136.818421169366
CARBON_CAP_080,0.8,TD_WINTER,8,120,151824.225,151200.0,1078.94,0.0,0.0,279445.5525705656,0.0,0.0,0.0,0.0,0.0,54202.94767870302,139816.50353721445,11383.496462785552,1209.9573416734747,0.0,0.0,0.0,73418.37989186257,1424.9591047512677,346.01910475126755,0.0,346.0191047512651,0.0,2.842170943040401e-14,0.0,2613.5078580147056
CARBON_CAP_080,0.8,TD_WINTER,9,120,151824.225,148132.80000000002,1078.94,0.0,0.0,452265.5140862787,0.0,0.0,0.0,0.0,0.0,54202.94767870302,146022.74104642594,2110.058953574073,224.27918615227097,106238.34140757564,0.0,100926.42433719686,140000.0,2637.750049514755,1558.810049514755,0.0,1904.8147368033221,0.0,0.0,0.0,484.44304208891117
CARBON_CAP_080,0.8,TD_WINTER,10,120,151824.225,140925.15000000002,1078.94,0.0,0.0,560959.679218033,0.0,0.0,0.0,0.0,0.0,49597.08242415711,140925.15000000002,0.0,0.0,159538.37179387588,0.0,252487.87754137893,200000.0,3637.750049514755,2558.8100495147546,0.0,4463.545419037377,0.0,3.979039320256561e-13,0.0,0.0
CARBON_CAP_080,0.8,TD_WINTER,11,120,151824.225,132973.65000000002,1078.94,0.0,-0.0,550616.8088335235,0.0,0.0,-0.0,0.0,0.0,43923.383101010775,132973.65000000002,0.0,0.0,154869.20073251275,0.0,399613.618237266,200000.0,3637.750049514755,2558.8100495147555,0.0,7022.169487493005,0.0,-4.547473508864641e-13,0.0,0.0
CARBON_CAP_080,0.8,TD_WINTER,12,120,151824.225,129613.50000000001,1078.94,0.0,-0.0,602331.160756071,0.0,0.0,-0.0,0.0,0.0,41730.0386349002,129613.50000000001,0.0,0.0,208776.89712117193,0.0,597951.6705023793,200000.0,3637.750049514755,2558.8100495147555,0.0,9580.686946612448,0.0,-5.115907697472721e-13,0.0,0.0
CARBON_CAP_080,0.8,TD_WINTER,13,120,151824.225,128228.40000000001,1078.94,0.0,-0.0,494577.256568363,0.0,0.0,-0.0,0.0,0.0,40857.88937037982,128228.40000000001,0.0,0.0,133152.31381736833,0.0,724446.3686288793,168742.8283806148,3116.7971891916686,2037.8571891916672,0.0,11618.144940514672,0.0,1.4210854715202004e-12,0.0,0.0
CARBON_CAP_080,0.8,TD_WINTER,14,120,151824.225,128664.45000000001,1078.94,44433.999475119606,0.0,333792.63513644267,-0.0,0.0,0.0,-0.0,0.0,41130.506361485845,128664.45000000001,0.0,0.0,-0.0,0.0,724446.3686288793,185271.90325007655,3392.2817703493643,2313.3417703493687,0.0,13931.00262149152,0.0,0.0,0.0,30432.846240509418
CARBON_CAP_080,0.8,TD_WINTER,15,120,151824.225,133204.5,1078.94,179382.5737260571,-0.0,160972.67362072953,0.0,0.0,-0.0,0.0,0.0,44078.2594308405,133204.5,0.0,0.0,-0.0,0.0,724446.3686288793,144452.76291594616,2711.9627647805246,1633.022764780526,0.0,15563.444927829483,0.0,-1.3642420526593924e-12,0.0,122859.1247449765
CARBON_CAP_080,0.8,TD_WINTER,16,120,151824.225,141951.15000000002,1078.94,179382.5737260571,0.0,16548.592615215188,0.0,0.0,-0.0,-0.0,0.0,50383.740327961954,141951.15000000002,0.0,0.0,0.0,6276.7989866896605,717839.2118007849,0.0,0.0,0.0,1078.9400000000005,14483.85645095749,0.0,4.547473508864641e-13,0.0,122859.1247449765
CARBON_CAP_080,0.8,TD_WINTER,17,120,151824.225,144387.90000000002,1078.94,179382.5737260571,0.0,0.0,0.0,0.0,-0.0,0.0,0.0,52182.11058908566,144387.90000000002,0.0,0.0,0.0,24623.76186302858,691919.4624712812,0.0,0.0,0.0,1078.94,13404.312956938698,0.0,0.0,0.0,122859.1247449765
CARBON_CAP_080,0.8,TD_WINTER,18,120,146148.45,146029.5,1078.94,179382.5737260571,0.0,0.0,0.0,0.0,-0.0,0.0,0.0,53392.87020109689,146029.5,0.0,0.0,0.0,20158.746475039814,670699.7293396604,0.0,0.0,0.0,1078.94,12324.814443898826,0.0,0.0,0.0,122859.1247449765
CARBON_CAP_080,0.8,TD_WINTER,19,120,146148.45,147106.80000000002,1078.94,55462.12395292721,0.0,0.0,0.0,0.0,-0.0,0.0,0.0,54202.94767870303,147106.80000000002,0.0,0.0,0.0,144889.27372577586,518184.7043651594,0.0,0.0,0.0,1078.94,11245.36090996366,0.0,0.0,0.0,37986.008695359844
CARBON_CAP_080,0.8,TD_WINTER,20,120,146148.45,148004.55000000002,923.94,55462.12395292721,0.0,0.0,0.0,0.0,-0.0,0.0,0.0,54202.94767870303,146158.24841562271,1846.3015843773028,196.24428788323593,0.0,144889.27372577586,365669.6793906585,0.0,0.0,0.0,923.9399999999987,10320.95235325908,0.0,-1.3642420526593924e-12,0.0,38409.89635718763
CARBON_CAP_080,0.8,TD_WINTER,21,120,146148.45,149030.55000000002,923.94,149984.5169277322,0.0,0.0,0.0,0.0,-0.0,0.0,0.0,7110.237250140115,19030.550000000017,130000.0,13817.762840421845,0.0,3274.17032240791,362223.18431443966,0.0,0.0,0.0,923.94,9396.582313577694,0.0,0.0,0.0,132570.76337911497
CARBON_CAP_080,0.8,TD_WINTER,22,120,146148.45,149774.40000000002,923.94,179382.5737260571,0.0,0.0,0.0,0.0,-0.0,0.0,0.0,33234.12372605709,88469.23735876397,61305.16264123605,6516.155371308377,0.0,-0.0,362223.18431443966,0.0,0.0,0.0,923.9400000000023,8472.250789314625,0.0,2.2737367544323206e-12,0.0,136934.0203470026
CARBON_CAP_080,0.8,TD_WINTER,23,120,141891.75,150543.90000000002,923.94,179382.5737260571,0.0,0.0,0.0,0.0,-0.0,0.0,0.0,37490.823726057104,99238.21040287316,51305.68959712687,5453.306547826132,0.0,0.0,362223.18431443966,0.0,0.0,0.0,923.94,7547.957778865071,0.0,0.0,0.0,134638.26688828095
CARBON_CAP_080,0.8,TD_TRANSITION,0,125,125675.6,100800.0,923.94,179382.5737260571,0.0,0.0,0.0,0.0,0.0,0.0,0.0,40669.759935444825,100800.0,0.0,0.0,13037.213790612266,0.0,374608.53741552134,0.0,0.0,0.0,923.9399999999996,6623.703280624285,0.0,-4.547473508864641e-13,0.0,122859.1247449765
CARBON_CAP_080,0.8,TD_TRANSITION,1,125,125675.6,100800.0,923.94,179382.5737260571,0.0,0.0,0.0,0.0,0.0,0.0,0.0,40776.69902912621,100800.0,0.0,0.0,12930.274696930865,0.0,386892.2983776057,0.0,0.0,0.0,923.9399999999996,5699.487292987593,0.0,-4.547473508864641e-13,0.0,122859.1247449765
CARBON_CAP_080,0.8,TD_TRANSITION,2,125,125675.6,100800.0,923.94,179382.5737260571,0.0,0.0,0.0,0.0,0.0,0.0,0.0,40950.639853747714,100800.0,0.0,0.0,12756.333872309391,0.0,399010.8155562996,0.0,0.0,0.0,923.9400000000005,4775.309814350384,0.0,4.547473508864641e-13,0.0,122859.1247449765
CARBON_CAP_080,0.8,TD_TRANSITION,3,125,125675.6,100800.0,923.94,179382.5737260571,0.0,0.0,0.0,0.0,0.0,0.0,0.0,41168.062078823765,100800.0,0.0,0.0,12538.911647233326,0.0,410922.7816211712,0.0,0.0,0.0,923.94,3851.1708431081192,0.0,0.0,0.0,122859.1247449765
CARBON_CAP_080,0.8,TD_TRANSITION,4,125,125675.6,100800.0,923.94,167319.88837017145,0.0,0.0,0.0,0.0,0.0,0.0,0.0,41644.28837017145,100800.0,0.0,0.0,0.0,-0.0,410922.7816211712,0.0,0.0,0.0,923.94,2927.070377656323,0.0,0.0,0.0,114597.39154473042
CARBON_CAP_080,0.8,TD_TRANSITION,5,125,135135.0,100800.0,923.94,76624.3202614908,0.0,0.0,0.0,0.0,-0.0,0.0,0.0,42281.87919463088,100800.0,0.0,0.0,0.0,100792.55893314007,304825.3511652342,0.0,0.0,0.0,923.9399999999996,2003.0084163905876,0.0,-4.547473508864641e-13,0.0,52479.99694709504
CARBON_CAP_080,0.8,TD_TRANSITION,6,125,135135.0,100800.0,923.94,0.0,0.0,0.0,0.0,0.0,-0.0,0.0,0.0,42504.74383301708,100800.0,0.0,0.0,0.0,177639.74383301707,117836.14713047942,0.0,0.0,0.0,923.94,1078.9849577065713,0.0,0.0,0.0,0.0
CARBON_CAP_080,0.8,TD_TRANSITION,7,125,135135.0,100800.0,1078.94,0.0,-0.0,64878.00513919591,0.0,0.0,-0.0,0.0,0.0,41687.34491315136,100800.0,0.0,0.0,0.0,111944.33977395543,0.0,0.0,0.0,0.0,1078.94,0.0,0.0,0.0,0.0,0.0
CARBON_CAP_080,0.8,TD_TRANSITION,8,125,144594.5,100800.0,1078.94,0.0,0.0,279445.5525705656,0.0,0.0,0.0,0.0,0.0,39077.34056987789,100800.0,0.0,0.0,-0.0,0.0,0.0,95773.71200068772,1833.635722254532,754.695722254532,0.0,754.695722254532,0.0,0.0,0.0,0.0
CARBON_CAP_080,0.8,TD_TRANSITION,9,125,144594.5,98755.2,1078.94,0.0,0.0,452265.5140862787,0.0,0.0,0.0,0.0,0.0,36657.46102449889,98755.2,0.0,0.0,71013.55306177976,0.0,67462.87540869077,200000.0,3637.750049514755,2558.8100495147555,0.0,3313.4743261141934,0.0,-3.979039320256561e-13,0.0,0.0
CARBON_CAP_080,0.8,TD_TRANSITION,10,125,144594.5,93950.1,1078.94,0.0,0.0,560959.679218033,0.0,0.0,0.0,0.0,0.0,33064.72161610474,93950.1,0.0,0.0,183300.4576019282,0.0,241598.31013052256,200000.0,3637.750049514755,2558.8100495147546,0.0,5872.146314198693,0.0,4.547473508864641e-13,0.0,0.0
CARBON_CAP_080,0.8,TD_TRANSITION,11,125,144594.5,88649.1,1078.94,0.0,-0.0,550616.8088335235,0.0,0.0,-0.0,0.0,0.0,29282.255400673846,88649.1,0.0,0.0,176740.0534328497,0.0,409501.36089172977,200000.0,3637.750049514755,2558.8100495147555,0.0,8430.711690950357,0.0,-5.115907697472721e-13,0.0,0.0
CARBON_CAP_080,0.8,TD_TRANSITION,12,125,144594.5,86409.0,1078.94,0.0,21139.73787829897,581191.422877772,21139.73787829897,0.0,-0.0,0.0,0.0,27820.02575660013,86409.0,0.0,0.0,208776.89712117193,0.0,607839.413156843,200000.0,3637.750049514755,2558.8100495147555,0.0,10989.170460811321,0.0,-4.547473508864641e-13,0.0,0.0
CARBON_CAP_080,0.8,TD_TRANSITION,13,125,144594.5,85485.6,1078.94,0.0,-0.0,494577.256568363,0.0,0.0,-0.0,0.0,0.0,27238.592913586544,85485.6,0.0,0.0,122744.16365477646,0.0,724446.3686288793,200000.0,3637.750049514755,2558.8100495147555,0.0,13547.522628223542,0.0,-3.979039320256561e-13,0.0,0.0
CARBON_CAP_080,0.8,TD_TRANSITION,14,125,144594.5,85776.3,1078.94,0.0,0.0,333792.63513644267,0.0,0.0,-0.0,-0.0,0.0,27420.337574323894,85776.3,0.0,0.0,0.0,0.0,724446.3686288793,161777.7975621188,3000.7133422167353,1921.7733422167403,0.0,15468.731490330772,0.0,-5.002220859751105e-12,0.0,0.0
CARBON_CAP_080,0.8,TD_TRANSITION,15,125,144594.5,88803.0,1078.94,72896.52903334878,-0.0,160972.67362072953,0.0,0.0,-0.0,0.0,0.0,29385.506287227003,88803.0,0.0,0.0,-0.0,0.0,724446.3686288793,59889.196366851145,1174.2979679774735,95.35796797747571,0.0,15563.444927829483,0.0,0.0,0.0,49926.83273494057
CARBON_CAP_080,0.8,TD_TRANSITION,16,125,144594.5,94634.1,1078.94,161635.0676034261,0.0,16548.592615215188,0.0,0.0,-0.0,-0.0,0.0,33589.1602186413,94634.1,0.0,0.0,0.0,-0.0,724446.3686288793,0.0,0.0,0.0,1078.9400000000005,14483.85645095749,0.0,4.547473508864641e-13,0.0,110703.85780158654
CARBON_CAP_080,0.8,TD_TRANSITION,17,125,144594.5,96258.6,1078.94,179382.5737260571,0.0,0.0,0.0,0.0,-0.0,0.0,0.0,34788.073726057104,96258.6,0.0,0.0,0.0,4.547473508864641e-13,724446.3686288793,0.0,0.0,0.0,1078.94,13404.312956938698,0.0,0.0,0.0,122859.1247449765
CARBON_CAP_080,0.8,TD_TRANSITION,18,125,139189.0,97353.0,1078.94,174784.2468007312,0.0,0.0,0.0,0.0,-0.0,0.0,0.0,35595.246800731264,97353.0,0.0,0.0,0.0,5.820766091346741e-11,724446.3686288793,0.0,0.0,0.0,1078.9399999999987,12324.814443898826,0.0,-1.3642420526593924e-12,0.0,119709.73063382079
CARBON_CAP_080,0.8,TD_TRANSITION,19,125,139189.0,98071.2,1078.94,112853.60670601943,0.0,0.0,0.0,0.0,-0.0,0.0,0.0,36135.29845246868,98071.2,0.0,0.0,0.0,62470.69174644924,658687.7457378801,0.0,0.0,0.0,1078.94,11245.36090996366,0.0,0.0,0.0,77293.4352329527
CARBON_CAP_080,0.8,TD_TRANSITION,20,125,139189.0,98669.7,923.94,30891.493379731284,0.0,0.0,0.0,0.0,-0.0,0.0,0.0,36591.76710550714,98669.7,0.0,0.0,0.0,144889.27372577586,506172.72076337924,0.0,0.0,0.0,923.94,10320.95235325908,0.0,0.0,0.0,21157.583815777954
CARBON_CAP_080,0.8,TD_TRANSITION,21,125,139189.0,99353.7,923.94,31420.480991205288,0.0,0.0,0.0,0.0,-0.0,0.0,0.0,37120.75471698113,99353.7,0.0,0.0,0.0,144889.27372577586,353657.69578887837,0.0,0.0,0.0,923.94,9396.582313577694,0.0,0.0,0.0,21519.8874308765
CARBON_CAP_080,0.8,TD_TRANSITION,22,125,139189.0,99849.6,923.94,179382.5737260571,0.0,0.0,0.0,0.0,-0.0,0.0,0.0,37509.24117205109,99849.6,0.0,0.0,2684.3325540060177,0.0,356207.81171518407,0.0,0.0,0.0,923.9400000000023,8472.250789314625,0.0,2.2737367544323206e-12,0.0,122859.1247449765
CARBON_CAP_080,0.8,TD_TRANSITION,23,125,135135.0,100362.6,923.94,179382.5737260571,0.0,0.0,0.0,0.0,-0.0,0.0,0.0,37915.60256894598,100362.6,0.0,0.0,6331.97115711114,0.0,362223.18431443966,0.0,0.0,0.0,923.94,7547.957778865071,0.0,0.0,0.0,122859.1247449765
CARBON_CAP_070,0.7,TD_SUMMER,0,120,144526.94,67200.0,923.94,176698.2411720511,0.0,0.0,0.0,0.0,0.0,0.0,0.0,27113.173290296552,67200.0,0.0,0.0,5058.127881754528,0.0,476287.82541778224,3.637978807091713e-12,7.133291778611202e-14,0.0,923.9400000000005,5255.519083340319,0.0,5.260802686725761e-13,0.0,121020.62537873778
CARBON_CAP_070,0.7,TD_SUMMER,1,120,144526.94,67200.0,923.94,176698.2411720511,0.0,0.0,0.0,0.0,0.0,0.0,0.0,27184.466019417476,67200.0,0.0,0.0,4986.835152633614,0.0,481025.31881278416,0.0,0.0,0.0,923.9400000000005,4331.360103378513,0.0,4.547473508864641e-13,0.0,121020.62537873778
CARBON_CAP_070,0.7,TD_SUMMER,2,120,144526.94,67200.0,923.94,176698.2411720511,0.0,0.0,0.0,0.0,0.0,0.0,0.0,27300.42656916514,67200.0,0.0,0.0,4870.874602885951,0.0,485652.64968552586,-5.4569682106375694e-12,-1.0699937667916803e-13,0.0,923.94,3407.2396300408714,0.0,0.0,0.0,121020.62537873778
CARBON_CAP_070,0.7,TD_SUMMER,3,120,144526.94,67200.0,923.94,176698.2411720511,0.0,0.0,0.0,0.0,0.0,0.0,0.0,27445.374719215844,67200.0,0.0,0.0,4725.926452835247,0.0,490142.2798157193,-1.0913936421275139e-11,-2.1399875335833605e-13,0.0,923.94,2483.157661722953,0.0,-2.1399875335833605e-13,0.0,121020.62537873778
CARBON_CAP_070,0.7,TD_SUMMER,4,120,144526.94,67200.0,923.94,11488.120543662753,0.0,0.0,0.0,0.0,0.0,0.0,0.0,27762.858913447635,67200.0,0.0,0.0,0.0,160801.6783697849,320877.35521594575,0.0,0.0,0.0,923.94,1559.114196820381,0.0,0.0,0.0,7868.213760354619
CARBON_CAP_070,0.7,TD_SUMMER,5,120,155405.25,67200.0,923.94,176698.2411720511,0.0,0.0,0.0,0.0,-0.0,0.0,0.0,28187.919463087248,67200.0,0.0,0.0,0.0,6894.928291036165,313619.5359622235,0.0,0.0,0.0,923.94,635.1092337288467,0.0,0.0,0.0,121020.62537873778
CARBON_CAP_070,0.7,TD_SUMMER,6,120,155405.25,67200.0,923.94,0.0,0.0,0.0,0.0,0.0,-0.0,0.0,0.0,28336.49588867805,67200.0,0.0,0.0,0.0,183741.74588867807,120207.17186887815,0.0,0.0,0.0,635.0827708441079,0.0,288.8572291558921,0.0,0.0,0.0
CARBON_CAP_070,0.7,TD_SUMMER,7,120,155405.25,67200.0,1078.94,0.0,-0.0,69000.0,0.0,0.0,-0.0,0.0,0.0,27791.56327543424,67200.0,0.0,0.0,0.0,114196.81327543425,0.0,0.0,0.0,0.0,0.0,0.0,1078.94,0.0,0.0,0.0
CARBON_CAP_070,0.7,TD_SUMMER,8,120,166283.675,67200.0,1078.94,0.0,0.0,297200.0,0.0,0.0,0.0,0.0,0.0,26051.56037991859,67200.0,0.0,0.0,0.0,0.0,-0.0,104864.7646200814,1998.9275880616897,919.9875880616896,0.0,919.9875880616896,0.0,0.0,0.0,0.0
CARBON_CAP_070,0.7,TD_SUMMER,9,120,166283.675,65836.8,1078.94,0.0,0.0,481000.0,0.0,0.0,0.0,0.0,0.0,24438.307349665927,65836.8,0.0,0.0,150278.0176503341,0.0,142764.11676781738,140000.0,2637.750049514755,1558.810049514755,0.0,2478.7593047602754,0.0,5.684341886080802e-14,0.0,0.0
CARBON_CAP_070,0.7,TD_SUMMER,10,120,166283.675,62633.399999999994,1078.94,0.0,0.0,596600.0,0.0,0.0,0.0,0.0,0.0,22043.14774406982,62633.399999999994,0.0,0.0,208273.1772559302,0.0,340623.63516095106,200000.0,3637.750049514755,2558.810049514755,0.0,5037.466072637332,0.0,-5.684341886080802e-14,0.0,0.0
CARBON_CAP_070,0.7,TD_SUMMER,11,120,166283.675,59099.399999999994,1078.94,0.0,-0.0,585600.0,0.0,0.0,-0.0,0.0,0.0,19521.50360044923,59099.399999999994,0.0,0.0,199794.82139955077,0.0,530428.7154905243,200000.0,3637.750049514755,2558.8100495147546,0.0,7596.066227732394,0.0,0.0,0.0,0.0
CARBON_CAP_070,0.7,TD_SUMMER,12,120,166283.675,57606.0,1078.94,0.0,-0.0,640600.0,-0.0,0.0,-0.0,0.0,0.0,18546.68383773342,57606.0,0.0,0.0,255769.64116226655,0.0,773409.8745946775,200000.0,3637.750049514755,2558.8100495147555,0.0,10154.55977448766,0.0,-3.979039320256561e-13,0.0,0.0
CARBON_CAP_070,0.7,TD_SUMMER,13,120,166283.675,56990.4,1078.94,0.0,-0.0,526000.0,0.0,0.0,-0.0,0.0,0.0,18159.06194239103,56990.4,0.0,0.0,178479.2981742668,0.0,942965.2078602309,163077.96488334218,3022.382797570458,1943.4427975704584,0.0,12097.579465400848,0.0,-4.547473508864641e-13,0.0,0.0
CARBON_CAP_070,0.7,TD_SUMMER,14,120,166283.675,57184.2,1078.94,0.0,0.0,355000.0,0.0,0.0,-0.0,-0.0,0.0,18280.22504954926,57184.2,0.0,0.0,-0.0,0.0,942965.2078602309,170436.09995045076,3145.018382022268,2066.0783820222678,0.0,14163.153781612056,0.0,5.684341886080802e-14,0.0,0.0
CARBON_CAP_070,0.7,TD_SUMMER,15,120,166283.675,59202.0,1078.94,71341.33164724533,-0.0,171200.0,0.0,0.0,-0.0,0.0,0.0,19590.337524818002,59202.0,0.0,0.0,0.0,0.0,942965.2078602309,56667.31912242735,1111.1239043613205,32.183904361323584,0.0,14194.747554565813,0.0,-3.183231456205249e-12,0.0,48861.67804519832
CARBON_CAP_070,0.7,TD_SUMMER,16,120,166283.675,63089.399999999994,1078.94,171076.4484790942,-0.0,17600.0,-0.0,0.0,-0.0,0.0,0.0,22392.773479094198,63089.399999999994,0.0,0.0,-0.0,0.0,942965.2078602309,0.0,0.0,0.0,1078.9399999999987,13115.216106751039,0.0,-1.3642420526593924e-12,0.0,117170.25956333161
CARBON_CAP_070,0.7,TD_SUMMER,17,120,166283.675,64172.399999999994,1078.94,176698.2411720511,0.0,0.0,0.0,0.0,-0.0,0.0,0.0,23192.049150704734,64172.399999999994,0.0,0.0,0.0,12777.482978653628,929515.2257774377,0.0,0.0,0.0,1078.9400000000023,12035.729639413254,0.0,2.2737367544323206e-12,0.0,121020.62537873778
CARBON_CAP_070,0.7,TD_SUMMER,18,120,160067.34999999998,64902.0,1078.94,0.0,0.0,0.0,0.0,0.0,-0.0,0.0,0.0,23730.164533820844,64902.0,0.0,0.0,0.0,183797.51453382082,736044.1578470999,0.0,0.0,0.0,1078.9400000000005,10956.288150678278,0.0,4.547473508864641e-13,0.0,0.0
CARBON_CAP_070,0.7,TD_SUMMER,19,120,160067.34999999998,65380.799999999996,1078.94,176698.2411720511,0.0,0.0,0.0,0.0,-0.0,0.0,0.0,24090.198968312452,65380.799999999996,0.0,0.0,0.0,7459.3077962613315,728192.254903667,0.0,0.0,0.0,1078.9399999999987,9876.891638672001,0.0,-1.3642420526593924e-12,0.0,121020.62537873778
CARBON_CAP_070,0.7,TD_SUMMER,20,120,160067.34999999998,65779.8,923.94,76260.53157512595,0.0,0.0,0.0,0.0,-0.0,0.0,0.0,0.0,0.0,65779.8,6991.766739156777,0.0,83806.81842487403,639974.5512985365,0.0,0.0,0.0,923.9399999999987,8952.54010152039,0.0,0.0,0.0,67333.0542323824
CARBON_CAP_070,0.7,TD_SUMMER,21,120,160067.34999999998,66235.8,923.94,0.0,0.0,0.0,0.0,0.0,-0.0,0.0,0.0,0.0,0.0,66235.8,7040.235199581641,0.0,160067.34999999998,471482.60393011547,0.0,0.0,0.0,923.9399999999996,8028.227079016159,0.0,-4.547473508864641e-13,0.0,15206.908031096345
CARBON_CAP_070,0.7,TD_SUMMER,22,120,160067.34999999998,66566.4,923.94,176698.2411720511,0.0,0.0,0.0,0.0,-0.0,0.0,0.0,16630.89117205111,44271.43230000005,22294.967699999943,2369.7428939497267,0.0,-0.0,471482.60393011547,0.0,0.0,0.0,923.9400000000005,7103.952569554533,0.0,4.547473508864641e-13,0.0,126139.27002966919
CARBON_CAP_070,0.7,TD_SUMMER,23,120,155405.25,66908.4,923.94,176698.2411720511,0.0,0.0,0.0,0.0,-0.0,0.0,0.0,21292.991172051086,56362.54763241922,10545.852367580774,1120.923745887172,0.0,0.0,471482.60393011547,0.0,0.0,0.0,923.9399999999996,6179.716571530801,0.0,-4.547473508864641e-13,0.0,123441.82066985407
CARBON_CAP_070,0.7,TD_WINTER,0,120,131959.38,151200.0,923.94,176698.2411720511,0.0,0.0,0.0,0.0,0.0,0.0,0.0,42826.17927876766,106144.68534242564,45055.31465757436,4788.951174145728,1912.6818932834253,0.0,473299.6517287347,0.0,0.0,0.0,923.9400000000005,5255.519083340319,0.0,4.547473508864641e-13,0.0,131364.75991489255
CARBON_CAP_070,0.7,TD_WINTER,1,120,131959.38,151200.0,923.94,176698.2411720511,0.0,0.0,0.0,0.0,0.0,0.0,0.0,42826.17927876766,105866.31517711365,45333.68482288635,4818.5392735774985,1912.681893283414,0.0,475116.699527354,0.0,0.0,0.0,923.9400000000005,4331.360103378513,0.0,4.547473508864641e-13,0.0,131428.67020966517
CARBON_CAP_070,0.7,TD_WINTER,2,120,131959.38,151200.0,923.94,176698.2411720511,0.0,0.0,0.0,0.0,0.0,0.0,0.0,42826.17927876766,105416.6402946866,45783.3597053134,4866.3354341980485,1912.6818932834253,0.0,476933.74732597324,0.0,0.0,0.0,923.94,3407.2396300408714,0.0,0.0,0.0,131531.90991660557
CARBON_CAP_070,0.7,TD_WINTER,3,120,131959.38,151200.0,923.94,176698.2411720511,0.0,0.0,0.0,0.0,0.0,0.0,0.0,42826.17927876766,104859.89996406263,46340.10003593737,4925.511633061587,1912.6818932834253,0.0,478750.7951245925,0.0,0.0,0.0,923.94,2483.157661722953,0.0,0.0,0.0,131659.7305061508
CARBON_CAP_070,0.7,TD_WINTER,4,120,131959.38,151200.0,923.94,174785.55927876767,0.0,0.0,0.0,0.0,0.0,0.0,0.0,42826.17927876766,103660.76694425712,47539.23305574288,5052.96806138306,0.0,-0.0,478750.7951245925,0.0,0.0,0.0,923.94,1559.114196820381,0.0,0.0,0.0,130625.04056261538
CARBON_CAP_070,0.7,TD_WINTER,5,120,141891.75,151200.0,923.94,30340.532467940095,0.0,0.0,0.0,0.0,-0.0,0.0,0.0,42826.17927876766,102097.6114005821,49102.3885994179,5219.116619730691,0.0,154377.39681082757,316248.27216582664,0.0,0.0,0.0,923.94,635.1092337288467,0.0,0.0,0.0,32053.522585910465
CARBON_CAP_070,0.7,TD_WINTER,6,120,141891.75,151200.0,923.94,0.0,0.0,0.0,0.0,0.0,-0.0,0.0,0.0,42826.17927876766,101562.28415959752,49637.71584040248,5276.016810945633,0.0,184717.92927876767,121808.3466092291,0.0,0.0,0.0,635.0827708441079,0.0,288.8572291558921,0.0,0.0,11396.196311642569
CARBON_CAP_070,0.7,TD_WINTER,7,120,141891.75,151200.0,1078.94,0.0,-0.0,69000.0,0.0,0.0,-0.0,0.0,0.0,42826.17927876766,103553.70149606021,47646.29850393979,5064.348099626048,0.0,115717.92927876765,0.0,0.0,0.0,0.0,0.0,0.0,1078.94,0.0,0.0,10938.991895192266
CARBON_CAP_070,0.7,TD_WINTER,8,120,151824.225,151200.0,1078.94,0.0,0.0,297200.0,0.0,0.0,0.0,0.0,0.0,50383.740327961954,129964.85817597786,21235.14182402214,2257.0934892850837,-0.0,0.0,0.0,94992.03467203803,1819.4234071881742,740.4834071881739,0.0,740.4834071881739,0.0,1.1368683772161603e-13,0.0,4875.321936855784
CARBON_CAP_070,0.7,TD_WINTER,9,120,151824.225,148132.80000000002,1078.94,0.0,0.0,481000.0,0.0,0.0,0.0,0.0,0.0,50383.74032796196,135733.7964435295,12399.003556470503,1317.8960815450494,138792.03467203805,0.0,131852.43293843613,140000.0,2637.750049514755,1558.810049514755,0.0,2299.2626032276294,0.0,0.0,0.0,2846.6555361373103
CARBON_CAP_070,0.7,TD_WINTER,10,120,151824.225,140925.15000000002,1078.94,0.0,0.0,596600.0,0.0,0.0,0.0,0.0,0.0,49597.08242415711,140925.15000000002,0.0,0.0,206266.4824956609,0.0,327805.591309314,188912.21008018195,3452.953550851121,2374.013550851121,0.0,4673.180351470282,0.0,-2.8421709430404007e-13,0.0,0.0
CARBON_CAP_070,0.7,TD_WINTER,11,120,151824.225,132973.65000000002,1078.94,0.0,0.0,585600.0,-0.0,0.0,-0.0,0.0,0.0,43923.383101010775,132973.65000000002,0.0,0.0,189852.39189898924,0.0,508165.3636133538,200000.0,3637.750049514755,2558.810049514752,0.0,7231.795685137056,0.0,3.183231456205249e-12,0.0,0.0
CARBON_CAP_070,0.7,TD_WINTER,12,120,151824.225,129613.50000000001,1078.94,0.0,-0.0,640600.0,0.0,0.0,-0.0,0.0,0.0,41730.0386349002,129613.50000000001,0.0,0.0,247045.7363650998,0.0,742858.8131601986,200000.0,3637.750049514755,2558.8100495147546,0.0,9790.304409831597,0.0,3.979039320256561e-13,0.0,0.0
CARBON_CAP_070,0.7,TD_WINTER,13,120,151824.225,128228.40000000001,1078.94,0.0,-0.0,526000.0,0.0,0.0,-0.0,0.0,0.0,40857.88937037982,128228.40000000001,0.0,0.0,188593.0415720462,0.0,922022.2026536425,144724.84405757397,2716.4974504743213,1637.5574504743217,0.0,11427.453930955508,0.0,-5.258016244624741e-13,0.0,0.0
CARBON_CAP_070,0.7,TD_WINTER,14,120,151824.225,128664.45000000001,1078.94,0.0,0.0,355000.0,-0.0,0.0,-0.0,0.0,0.0,41130.506361485845,128664.45000000001,0.0,0.0,22045.268638514157,0.0,942965.2078602309,140000.0,2637.750049514755,1558.8100495147555,0.0,12985.787836556472,0.0,0.0,0.0,0.0
CARBON_CAP_070,0.7,TD_WINTER,15,120,151824.225,133204.5,1078.94,145490.4752951685,-0.0,171200.0,0.0,0.0,-0.0,0.0,0.0,44078.2594308405,133204.5,0.0,0.0,0.0,0.0,942965.2078602309,120787.99086432796,2288.4407925025366,1209.500792502533,0.0,14194.747554565814,0.0,3.467448550509289e-12,0.0,99646.4265296609
CARBON_CAP_070,0.7,TD_WINTER,16,120,151824.225,141951.15000000002,1078.94,176698.2411720511,-0.0,17600.0,-0.0,0.0,-0.0,0.0,0.0,50383.740327961954,141951.15000000002,0.0,0.0,0.0,7909.724155910866,934639.1824329563,0.0,0.0,0.0,1078.9400000000005,13115.216106751039,0.0,4.547473508864641e-13,0.0,121020.62537873778
CARBON_CAP_070,0.7,TD_WINTER,17,120,151824.225,144387.90000000002,1078.94,176698.2411720511,0.0,0.0,0.0,0.0,-0.0,0.0,0.0,50383.74032796196,139411.80948747075,4976.0905125292775,528.9110659584826,0.0,25509.724155910866,907786.8412162081,0.0,0.0,0.0,1078.9400000000005,12035.729639413255,0.0,4.547473508864641e-13,0.0,122163.07328120811
CARBON_CAP_070,0.7,TD_WINTER,18,120,146148.45,146029.5,1078.94,176698.2411720511,0.0,0.0,0.0,0.0,-0.0,0.0,0.0,50383.74032796196,137799.52979697596,8229.970203024044,874.7675111471128,0.0,19833.949155910872,886908.9999994598,0.0,0.0,0.0,1078.9400000000005,10956.28815067828,0.0,4.547473508864641e-13,0.0,122910.12320281554
CARBON_CAP_070,0.7,TD_WINTER,19,120,146148.45,147106.80000000002,1078.94,7939.148755915783,0.0,0.0,0.0,0.0,-0.0,0.0,0.0,50383.74032796196,136741.47125008877,10365.328749911248,1101.7358033021528,0.0,188593.0415720462,688390.0088709901,0.0,0.0,0.0,1078.9400000000005,9876.891638672001,0.0,4.547473508864641e-13,0.0,7817.272318059375
CARBON_CAP_070,0.7,TD_WINTER,20,120,146148.45,148004.55000000002,923.94,100022.10978790562,0.0,0.0,0.0,0.0,-0.0,0.0,0.0,6677.007231596521,18004.550000000017,130000.0,13817.762840421845,0.0,52803.3474436909,632807.5378776314,0.0,0.0,0.0,923.9400000000005,8952.540101520388,0.0,4.547473508864641e-13,0.0,98351.51072904773
CARBON_CAP_070,0.7,TD_WINTER,21,120,146148.45,149030.55000000002,923.94,0.0,0.0,0.0,0.0,0.0,-0.0,0.0,0.0,7110.237250140115,19030.550000000017,130000.0,13817.762840421845,0.0,153258.68725014012,471482.60393011547,0.0,0.0,0.0,923.9400000000005,8028.2270790161565,0.0,4.547473508864641e-13,0.0,29846.367735311185
CARBON_CAP_070,0.7,TD_WINTER,22,120,146148.45,149774.40000000002,923.94,176698.2411720511,0.0,0.0,0.0,0.0,-0.0,0.0,0.0,30549.791172051075,81323.54409999996,68450.85590000007,7275.67456192378,0.0,0.0,471482.60393011547,0.0,0.0,0.0,923.9399999999996,7103.952569554531,0.0,-4.547473508864641e-13,0.0,136736.08243249316
CARBON_CAP_070,0.7,TD_WINTER,23,120,141891.75,150543.90000000002,923.94,176698.2411720511,0.0,0.0,0.0,0.0,-0.0,0.0,0.0,34806.491172051086,92132.78213241922,58411.117867580804,6208.54595337045,0.0,0.0,471482.60393011547,0.0,0.0,0.0,923.9399999999978,6179.716571530801,0.0,0.0,0.0,134431.08463801796
CARBON_CAP_070,0.7,TD_TRANSITION,0,125,125675.6,100800.0,923.94,176698.2411720511,0.0,0.0,0.0,0.0,0.0,0.0,0.0,40669.759935444825,100800.0,0.0,0.0,10352.881236606248,0.0,481317.8411048914,0.0,0.0,0.0,923.9400000000005,5255.519083340319,0.0,4.547473508864641e-13,0.0,121020.62537873778
CARBON_CAP_070,0.7,TD_TRANSITION,1,125,125675.6,100800.0,923.94,176698.2411720511,0.0,0.0,0.0,0.0,0.0,0.0,0.0,40776.69902912621,100800.0,0.0,0.0,10245.942142924847,0.0,491051.48614066996,0.0,0.0,0.0,923.9400000000005,4331.360103378513,0.0,4.547473508864641e-13,0.0,121020.62537873778
CARBON_CAP_070,0.7,TD_TRANSITION,2,125,125675.6,100800.0,923.94,176698.2411720511,0.0,0.0,0.0,0.0,0.0,0.0,0.0,40950.639853747714,100800.0,0.0,0.0,10072.001318303373,0.0,500619.88739305816,0.0,0.0,0.0,923.94,3407.2396300408714,0.0,0.0,0.0,121020.62537873778
CARBON_CAP_070,0.7,TD_TRANSITION,3,125,125675.6,100800.0,923.94,176698.2411720511,0.0,0.0,0.0,0.0,0.0,0.0,0.0,41168.062078823765,100800.0,0.0,0.0,9854.579093227308,0.0,509981.7375316244,0.0,0.0,0.0,923.94,2483.157661722953,0.0,0.0,0.0,121020.62537873778
CARBON_CAP_070,0.7,TD_TRANSITION,4,125,125675.6,100800.0,923.94,145716.2056559275,0.0,0.0,0.0,0.0,0.0,0.0,0.0,41644.28837017145,100800.0,0.0,0.0,0.0,21603.682714243943,487241.01888505183,0.0,0.0,0.0,923.94,1559.114196820381,0.0,0.0,0.0,99801.02925374474
CARBON_CAP_070,0.7,TD_TRANSITION,5,125,135135.0,100800.0,923.94,0.0,0.0,0.0,0.0,0.0,-0.0,0.0,0.0,42281.87919463088,100800.0,0.0,0.0,0.0,177416.87919463086,300486.40920649306,0.0,0.0,0.0,923.94,635.1092337288467,0.0,0.0,0.0,0.0
CARBON_CAP_070,0.7,TD_TRANSITION,6,125,135135.0,100800.0,923.94,0.0,0.0,0.0,0.0,0.0,-0.0,0.0,0.0,42504.74383301708,100800.0,0.0,0.0,0.0,177639.74383301707,113497.20517173826,0.0,0.0,0.0,635.0827708441079,0.0,288.8572291558921,0.0,0.0,0.0
CARBON_CAP_070,0.7,TD_TRANSITION,7,125,135135.0,100800.0,1078.94,0.0,-0.0,69000.0,0.0,0.0,-0.0,0.0,0.0,41687.34491315136,100800.0,0.0,0.0,0.0,107822.34491315135,0.0,0.0,0.0,0.0,0.0,0.0,1078.94,0.0,0.0,0.0
CARBON_CAP_070,0.7,TD_TRANSITION,8,125,144594.5,100800.0,1078.94,0.0,0.0,297200.0,0.0,0.0,0.0,0.0,0.0,39077.34056987789,100800.0,0.0,0.0,-0.0,0.0,-0.0,113528.15943012212,2156.4438573351576,1077.5038573351574,0.0,1077.5038573351574,0.0,0.0,0.0,0.0
CARBON_CAP_070,0.7,TD_TRANSITION,9,125,144594.5,98755.2,1078.94,0.0,0.0,481000.0,0.0,0.0,0.0,0.0,0.0,36657.46102449889,98755.2,0.0,0.0,151994.38441044692,0.0,144394.66518992456,147753.6545650542,2766.977625598992,1688.0376255989918,0.0,2765.4965869400935,0.0,2.842170943040401e-14,0.0,0.0
CARBON_CAP_070,0.7,TD_TRANSITION,10,125,144594.5,93950.1,1078.94,0.0,0.0,596600.0,0.0,0.0,0.0,0.0,0.0,33064.72161610474,93950.1,0.0,0.0,218940.7783838953,0.0,352388.4046546251,200000.0,3637.750049514755,2558.8100495147546,0.0,5324.191407430392,0.0,4.547473508864641e-13,0.0,0.0
CARBON_CAP_070,0.7,TD_TRANSITION,11,125,144594.5,88649.1,1078.94,0.0,-0.0,585600.0,0.0,0.0,-0.0,0.0,0.0,29282.255400673846,88649.1,0.0,0.0,211723.24459932616,0.0,553525.4870239849,200000.0,3637.750049514755,2558.8100495147537,0.0,7882.779615636503,0.0,1.3073986337985843e-12,0.0,0.0
CARBON_CAP_070,0.7,TD_TRANSITION,12,125,144594.5,86409.0,1078.94,0.0,12415.833081133314,628184.1669188667,12415.833081133314,0.0,0.0,-0.0,0.0,27820.02575660013,86409.0,0.0,0.0,255769.64116226655,0.0,796506.6461281382,200000.0,3637.750049514755,2558.8100495147555,0.0,10441.261216000607,0.0,-4.547473508864641e-13,0.0,0.0
CARBON_CAP_070,0.7,TD_TRANSITION,13,125,144594.5,85485.6,1078.94,0.0,-0.0,526000.0,0.0,0.0,-0.0,0.0,0.0,27238.592913586544,85485.6,0.0,0.0,154166.9070864134,0.0,942965.2078602309,200000.0,3637.750049514755,2558.8100495147555,0.0,12999.636212964695,0.0,-3.979039320256561e-13,0.0,0.0
CARBON_CAP_070,0.7,TD_TRANSITION,14,125,144594.5,85776.3,1078.94,0.0,0.0,355000.0,0.0,0.0,-0.0,-0.0,0.0,27420.337574323894,85776.3,0.0,0.0,0.0,0.0,942965.2078602309,182985.16242567613,3354.1694232760237,2275.229423276023,0.0,15274.323984731844,0.0,4.547473508864641e-13,0.0,0.0
CARBON_CAP_070,0.7,TD_TRANSITION,15,125,144594.5,88803.0,1078.94,2780.006287226968,-0.0,171200.0,0.0,0.0,-0.0,0.0,0.0,29385.506287227003,88803.0,0.0,0.0,-3.8198777474462986e-11,0.0,942965.2078602309,0.0,0.0,0.0,1078.9400000000005,14194.747554565813,0.0,0.0,0.0,1904.0263061217504
CARBON_CAP_070,0.7,TD_TRANSITION,16,125,144594.5,94634.1,1078.94,160583.66021864134,0.0,17600.0,0.0,0.0,-0.0,-0.0,0.0,33589.1602186413,94634.1,0.0,0.0,0.0,-2.9103830456733704e-11,942965.2078602309,0.0,0.0,0.0,1078.9400000000005,13115.216106751037,0.0,4.547473508864641e-13,0.0,109983.74888374744
CARBON_CAP_070,0.7,TD_TRANSITION,17,125,144594.5,96258.6,1078.94,176698.2411720511,0.0,0.0,0.0,0.0,-0.0,0.0,0.0,34788.073726057104,96258.6,0.0,0.0,0.0,2684.3325540060177,940139.5946454877,0.0,0.0,0.0,1078.9400000000005,12035.729639413254,0.0,0.0,0.0,121020.62537873778
CARBON_CAP_070,0.7,TD_TRANSITION,18,125,139189.0,97353.0,1078.94,78358.63360431338,0.0,0.0,0.0,0.0,-0.0,0.0,0.0,35595.246800731264,97353.0,0.0,0.0,0.0,96425.61319641788,838638.9491755741,0.0,0.0,0.0,1078.9400000000005,10956.288150678278,0.0,4.547473508864641e-13,0.0,53667.82815559423
CARBON_CAP_070,0.7,TD_TRANSITION,19,125,139189.0,98071.2,1078.94,175324.29845246868,0.0,0.0,0.0,0.0,-0.0,0.0,0.0,36135.29845246868,98071.2,0.0,0.0,0.0,0.0,838638.9491755741,0.0,0.0,0.0,1078.9400000000005,9876.891638672,0.0,4.547473508864641e-13,0.0,120079.61201009579
CARBON_CAP_070,0.7,TD_TRANSITION,20,125,139189.0,98669.7,923.94,0.0,0.0,0.0,0.0,0.0,-0.0,0.0,0.0,36591.76710550714,98669.7,0.0,0.0,0.0,175780.76710550714,653606.5627487245,0.0,0.0,0.0,923.9400000000005,8952.540101520386,0.0,4.547473508864641e-13,0.0,0.0
CARBON_CAP_070,0.7,TD_TRANSITION,21,125,139189.0,99353.7,923.94,0.0,0.0,0.0,0.0,0.0,-0.0,0.0,0.0,37120.75471698113,99353.7,0.0,0.0,0.0,176309.75471698114,468017.34725716535,0.0,0.0,0.0,923.9400000000005,8028.227079016155,0.0,4.547473508864641e-13,0.0,0.0
CARBON_CAP_070,0.7,TD_TRANSITION,22,125,139189.0,99849.6,923.94,176698.2411720511,0.0,0.0,0.0,0.0,-0.0,0.0,0.0,37509.24117205109,99849.6,0.0,0.0,0.0,0.0,468017.3472571654,0.0,0.0,0.0,923.939999999996,7103.952569554533,0.0,-4.092726157978177e-12,0.0,121020.62537873778
CARBON_CAP_070,0.7,TD_TRANSITION,23,125,135135.0,100362.6,923.94,176698.2411720511,0.0,0.0,0.0,0.0,-0.0,0.0,0.0,37915.60256894598,100362.6,0.0,0.0,3647.6386031051225,0.0,471482.60393011547,0.0,0.0,0.0,923.9399999999996,6179.716571530801,0.0,-4.547473508864641e-13,0.0,121020.62537873778
CARBON_CAP_060,0.6,TD_SUMMER,0,120,144526.94,67200.0,923.94,166843.66207882378,0.0,0.0,0.0,0.0,0.0,0.0,0.0,27113.173290296552,67200.0,0.0,0.0,0.0,4796.4512114727695,494951.1039879234,0.0,0.0,0.0,923.9400000000014,4676.517740487969,0.0,1.3642420526593924e-12,0.0,114271.2241577864
CARBON_CAP_060,0.6,TD_SUMMER,1,120,144526.94,67200.0,923.94,166843.66207882378,0.0,0.0,0.0,0.0,0.0,0.0,0.0,27184.466019417476,67200.0,0.0,0.0,0.0,4867.743940593704,489827.1629978248,0.0,0.0,0.0,923.94,3752.3828855821143,0.0,0.0,0.0,114271.2241577864
CARBON_CAP_060,0.6,TD_SUMMER,2,120,144526.94,67200.0,923.94,166843.66207882378,0.0,0.0,0.0,0.0,0.0,0.0,0.0,27300.42656916514,67200.0,0.0,0.0,0.0,4983.7044903413625,484581.1582711497,0.0,0.0,0.0,923.94,2828.286536295215,0.0,0.0,0.0,114271.2241577864
CARBON_CAP_060,0.6,TD_SUMMER,3,120,144526.94,67200.0,923.94,166843.66207882378,0.0,0.0,0.0,0.0,0.0,0.0,0.0,27445.374719215844,67200.0,0.0,0.0,0.0,5128.6526403920725,479182.5765444212,0.0,0.0,0.0,923.94,1904.228691022869,0.0,0.0,0.0,114271.2241577864
CARBON_CAP_060,0.6,TD_SUMMER,4,120,144526.94,67200.0,923.94,0.0,0.0,0.0,0.0,0.0,0.0,0.0,0.0,0.0,0.0,67200.0,7142.720483664215,0.0,144526.94,327048.9554917896,0.0,0.0,0.0,923.94,980.2093481607441,0.0,0.0,0.0,15428.276244714707
CARBON_CAP_060,0.6,TD_SUMMER,5,120,155405.25,67200.0,923.94,84557.98156378388,0.0,0.0,0.0,0.0,499.56640956067605,0.0,0.0,0.0,0.0,67200.0,7142.720483664215,0.0,70347.70202665546,252998.7428321523,0.0,0.0,0.0,923.94,56.22850610457057,0.0,0.0,0.0,73342.03781775029
CARBON_CAP_060,0.6,TD_SUMMER,6,120,155405.25,67200.0,923.94,0.0,0.0,0.0,0.0,0.0,1091.645117188144,0.0,0.0,0.0,0.0,67200.0,7142.720483664215,0.0,154313.60488281187,90563.36927129772,0.0,0.0,0.0,56.22616325014955,0.0,867.7138367498505,3.552713678800501e-14,0.0,15428.276244714707
CARBON_CAP_060,0.6,TD_SUMMER,7,120,155405.25,67200.0,1078.94,0.0,-0.0,69000.0,0.0,0.0,370.0491922671674,0.0,0.0,0.0,0.0,67200.0,7142.720483664215,0.0,86035.20080773284,0.0,0.0,0.0,0.0,0.0,0.0,1078.94,0.0,0.0,15428.276244714707
CARBON_CAP_060,0.6,TD_SUMMER,8,120,166283.675,67200.0,1078.94,0.0,0.0,297200.0,0.0,0.0,0.0,0.0,0.0,26051.56037991859,67200.0,0.0,0.0,-0.0,0.0,0.0,104864.7646200814,1998.9275880616901,919.9875880616898,0.0,919.9875880616898,0.0,2.2737367544323206e-13,0.0,0.0
CARBON_CAP_060,0.6,TD_SUMMER,9,120,166283.675,65836.8,1078.94,0.0,0.0,481000.0,0.0,0.0,0.0,0.0,0.0,24438.307349665927,65836.8,0.0,0.0,150278.0176503341,0.0,142764.11676781738,140000.00000000003,2637.750049514756,1558.8100495147557,0.0,2478.7593047602763,0.0,5.684341886080802e-14,0.0,0.0
CARBON_CAP_060,0.6,TD_SUMMER,10,120,166283.675,62633.399999999994,1078.94,0.0,0.0,596600.0,-0.0,0.0,0.0,0.0,0.0,22043.14774406982,62633.399999999994,0.0,0.0,208273.17725593018,0.0,340623.635160951,200000.00000000003,3637.7500495147556,2558.810049514756,0.0,5037.466072637334,0.0,-3.979039320256561e-13,0.0,0.0
CARBON_CAP_060,0.6,TD_SUMMER,11,120,166283.675,59099.399999999994,1078.94,0.0,0.0,585600.0,-0.0,0.0,4385.082928365934,0.0,0.0,19521.50360044923,59099.399999999994,0.0,0.0,204179.90432791668,0.0,534594.5442724718,200000.00000000003,3637.7500495147556,2558.8100495147555,0.0,7596.066227732396,0.0,0.0,0.0,0.0
CARBON_CAP_060,0.6,TD_SUMMER,12,120,166283.675,57606.0,1078.94,0.0,8723.904797166935,631876.0952028331,8723.904797166935,0.0,5717.260020527738,0.0,0.0,18546.68383773342,57606.0,0.0,0.0,252762.99638562743,0.0,774719.3908388178,200000.00000000003,3637.7500495147556,2558.8100495147564,0.0,10154.559774487663,0.0,-8.526512829121202e-13,0.0,0.0
CARBON_CAP_060,0.6,TD_SUMMER,13,120,166283.675,56990.4,1078.94,0.0,-0.0,526000.0,0.0,0.0,6309.338728155205,0.0,0.0,18159.06194239103,56990.4,0.0,0.0,200000.0,0.0,964719.3908388178,147866.60178576387,2768.8600792774864,1689.9200792774864,0.0,11844.05674710788,0.0,0.0,0.0,0.0
CARBON_CAP_060,0.6,TD_SUMMER,14,120,166283.675,57184.2,1078.94,0.0,0.0,355000.0,-0.0,0.0,8289.10190678455,0.0,0.0,18280.22504954926,57184.2,0.0,0.0,37137.483327560265,0.0,1000000.0,141587.71852967504,2664.2120250093394,1585.272025009339,0.0,13428.835269752755,0.0,4.511946372076636e-13,0.0,0.0
CARBON_CAP_060,0.6,TD_SUMMER,15,120,166283.675,59202.0,1078.94,2591.906397294966,-0.0,171200.0,0.0,0.0,12082.106127523017,0.0,0.0,19590.337524818002,59202.0,0.0,0.0,0.0,-0.0,1000000.0,0.0,0.0,0.0,1078.9400000000005,12349.335734949847,0.0,4.547473508864641e-13,0.0,1775.1966915073222
CARBON_CAP_060,0.6,TD_SUMMER,16,120,166283.675,63089.399999999994,1078.94,153499.11184640374,0.0,17600.0,0.0,0.0,17577.336632690454,-0.0,0.0,22392.773479094198,63089.399999999994,0.0,0.0,0.0,-0.0,1000000.0,0.0,0.0,0.0,1078.9400000000005,11269.881179294223,0.0,4.547473508864641e-13,0.0,105131.54170360192
CARBON_CAP_060,0.6,TD_SUMMER,17,120,166283.675,64172.399999999994,1078.94,166843.66207882378,0.0,0.0,0.0,0.0,20315.70065546749,0.0,0.0,20875.68773429128,57763.02796078397,6409.372039216025,681.2552522609075,0.0,-0.0,1000000.0,0.0,0.0,0.0,1078.94,10190.471600911762,0.0,0.0,0.0,115742.73550266997
CARBON_CAP_060,0.6,TD_SUMMER,18,120,160067.34999999998,64902.0,1078.94,0.0,0.0,0.0,0.0,0.0,17373.80957694351,0.0,0.0,0.0,0.0,64902.0,6898.464952838912,0.0,142693.5404230564,849796.273238888,0.0,0.0,0.0,1078.9400000000005,9111.10699792839,0.0,4.547473508864641e-13,0.0,14900.684298132051
CARBON_CAP_060,0.6,TD_SUMMER,19,120,160067.34999999998,65380.799999999996,1078.94,0.0,0.0,0.0,0.0,0.0,13488.293058138255,0.0,0.0,0.0,0.0,65380.799999999996,6949.356836285019,0.0,146579.05694186172,695502.5290895598,0.0,0.0,0.0,1078.94,8031.787368470141,0.0,0.0,0.0,15010.610766375643
CARBON_CAP_060,0.6,TD_SUMMER,20,120,160067.34999999998,65779.8,923.94,0.0,0.0,0.0,0.0,0.0,12248.628264043242,0.0,0.0,0.0,0.0,65779.8,6991.766739156777,0.0,147818.72173595673,539903.8746306581,0.0,0.0,0.0,923.9399999999996,7107.512710663121,0.0,0.0,0.0,15102.21615657864
CARBON_CAP_060,0.6,TD_SUMMER,21,120,160067.34999999998,66235.8,923.94,108226.31701201599,0.0,0.0,0.0,0.0,13932.352088858855,0.0,0.0,0.0,0.0,66235.8,7040.235199581641,0.0,37908.68089912513,500000.0,0.0,0.0,0.0,923.94,6183.276564300177,0.0,0.0,0.0,89331.1125526261
CARBON_CAP_060,0.6,TD_SUMMER,22,120,160067.34999999998,66566.4,923.94,166843.66207882378,0.0,0.0,0.0,0.0,17891.878446117546,0.0,0.0,24668.19052494135,65666.72317739387,899.6768226061249,95.6270843676593,0.0,0.0,500000.0,0.0,0.0,0.0,923.9400000000005,5259.0789277766635,0.0,4.547473508864641e-13,0.0,114477.77866002054
CARBON_CAP_060,0.6,TD_SUMMER,23,120,155405.25,66908.4,923.94,158849.41603553446,0.0,0.0,0.0,0.0,21832.90234376288,0.0,0.0,25277.068379297318,66908.4,0.0,0.0,-0.0,0.0,500000.0,0.0,0.0,341.83130312924095,0.0,5600.6911026172465,1265.7713031292406,-4.547473508864641e-13,0.0,108795.96504273755
CARBON_CAP_060,0.6,TD_WINTER,0,120,131959.38,151200.0,923.94,166843.66207882378,0.0,0.0,0.0,0.0,0.0,0.0,0.0,42667.257654787085,105750.7980973898,45449.201902610206,4830.817639820901,0.0,7782.975575963319,491807.39413056494,0.0,0.0,0.0,923.9400000000014,4676.517740487969,0.0,1.3642420526593924e-12,0.0,124705.79025979956
CARBON_CAP_060,0.6,TD_WINTER,1,120,131959.38,151200.0,923.94,166843.66207882378,0.0,0.0,0.0,0.0,0.0,0.0,0.0,42667.25765478709,105473.46092263369,45726.53907736631,4860.295942187151,0.0,7782.975575963319,483614.78826112987,0.0,0.0,0.0,923.94,3752.3828855821143,0.0,0.0,0.0,124769.46339291065
CARBON_CAP_060,0.6,TD_WINTER,2,120,131959.38,151200.0,923.94,166843.66207882378,0.0,0.0,0.0,0.0,0.0,0.0,0.0,42667.25765478709,105025.45471725843,46174.54528274157,4907.9147383172485,0.0,7782.975575963319,475422.1823916948,0.0,0.0,0.0,923.94,2828.286536295215,0.0,0.0,0.0,124872.31999255167
CARBON_CAP_060,0.6,TD_WINTER,3,120,131959.38,151200.0,923.94,166843.66207882378,0.0,0.0,0.0,0.0,0.0,0.0,0.0,42667.25765478709,104470.7803677462,46729.21963225379,4966.871343049749,0.0,7782.975575963319,467229.57652225974,0.0,0.0,0.0,923.9399999999996,1904.2286910228695,0.0,-4.547473508864641e-13,0.0,124999.66625877387
CARBON_CAP_060,0.6,TD_WINTER,4,120,131959.38,151200.0,923.94,0.0,0.0,0.0,0.0,0.0,0.0,0.0,0.0,8758.520966742408,21200.0,130000.0,13817.762840421845,0.0,140717.90096674243,319105.47024147824,0.0,0.0,0.0,923.94,980.2093481607441,0.0,0.0,0.0,29846.36773531119
CARBON_CAP_060,0.6,TD_WINTER,5,120,141891.75,151200.0,923.94,78163.47628516037,0.0,0.0,0.0,0.0,499.56640956067605,0.0,0.0,8892.61744966443,21200.0,130000.0,13817.762840421845,0.0,72121.32475494337,243188.28628890627,0.0,0.0,0.0,923.94,56.22850610457057,0.0,0.0,0.0,83380.53264301752
CARBON_CAP_060,0.6,TD_WINTER,6,120,141891.75,151200.0,923.94,0.0,0.0,0.0,0.0,0.0,1091.645117188144,0.0,0.0,8939.489774404385,21200.0,130000.0,13817.762840421845,0.0,149739.59465721625,85567.66033394192,0.0,0.0,0.0,56.22616325014955,0.0,867.7138367498505,3.552713678800501e-14,0.0,29846.36773531119
CARBON_CAP_060,0.6,TD_WINTER,7,120,141891.75,151200.0,1078.94,0.0,-0.0,69000.0,0.0,0.0,370.0491922671674,0.0,0.0,8767.576509511993,21200.0,130000.0,13817.762840421845,0.0,81289.27731724484,0.0,0.0,0.0,0.0,0.0,0.0,1078.94,0.0,0.0,29846.36773531119
CARBON_CAP_060,0.6,TD_WINTER,8,120,151824.225,151200.0,1078.94,0.0,0.0,297200.0,0.0,0.0,0.0,0.0,0.0,50196.77371151423,129482.57778885095,21717.422211149053,2308.3553047612877,0.0,0.0,-0.0,95179.00128848577,1822.8228002144965,743.8828002144963,0.0,743.8828002144963,0.0,5.684341886080802e-14,0.0,4986.047458284385
CARBON_CAP_060,0.6,TD_WINTER,9,120,151824.225,148132.80000000002,1078.94,0.0,0.0,481000.0,0.0,0.0,0.0,0.0,0.0,50196.77371151423,135230.10837881934,12902.691621180682,1371.4333294197902,138979.00128848577,0.0,132030.05122406146,140000.0,2637.750049514755,1558.8100495147548,0.0,2302.6618546125756,0.0,2.2737367544323206e-13,0.0,2962.295991546751
CARBON_CAP_060,0.6,TD_WINTER,10,120,151824.225,140925.15000000002,1078.94,0.0,0.0,596600.0,0.0,0.0,0.0,0.0,0.0,49597.08242415711,140925.15000000002,0.0,0.0,230927.98637018105,0.0,351411.63827573345,164250.70620566187,3041.928486275787,1962.9884862757867,0.0,4265.55439664442,0.0,-1.7053025658242404e-13,0.0,0.0
CARBON_CAP_060,0.6,TD_WINTER,11,120,151824.225,132973.65000000002,1078.94,0.0,0.0,585600.0,-0.0,0.0,4385.082928365934,0.0,0.0,43923.383101010775,132973.65000000002,0.0,0.0,200000.0,0.0,541411.6382757335,194237.47482735515,3541.707963304008,2462.767963304008,0.0,6728.144628515234,0.0,0.0,0.0,0.0
CARBON_CAP_060,0.6,TD_WINTER,12,120,151824.225,129613.50000000001,1078.94,0.0,-0.0,640600.0,0.0,0.0,5717.260020527737,0.0,0.0,41730.0386349002,129613.50000000001,0.0,0.0,252762.99638562748,0.0,781536.4848420796,200000.00000000003,3637.7500495147556,2558.8100495147555,0.0,9286.674338670467,0.0,5.684341886080802e-14,0.0,0.0
CARBON_CAP_060,0.6,TD_WINTER,13,120,151824.225,128228.40000000001,1078.94,0.0,-0.0,526000.0,0.0,0.0,6309.338728155205,0.0,0.0,40857.88937037982,128228.40000000001,0.0,0.0,199627.22435777538,0.0,971182.3479819662,140000.00000000003,2637.7500495147556,1558.8100495147555,0.0,10845.097443421111,0.0,5.684341886080802e-14,0.0,0.0
CARBON_CAP_060,0.6,TD_WINTER,14,120,151824.225,128664.45000000001,1078.94,0.0,0.0,355000.0,-0.0,0.0,8289.10190678455,0.0,0.0,41130.506361485845,128664.45000000001,0.0,0.0,30334.370545298698,0.0,1000000.0,140000.00000000003,2637.7500495147556,1558.8100495147555,0.0,12403.455613875723,0.0,0.0,0.0,0.0
CARBON_CAP_060,0.6,TD_WINTER,15,120,151824.225,133204.5,1078.94,12620.378303317484,-0.0,171200.0,0.0,0.0,12082.106127523017,0.0,0.0,44078.2594308405,133204.5,0.0,0.0,-0.0,0.0,1000000.0,0.0,0.0,0.0,1078.9400000000005,11323.998803225144,0.0,4.547473508864641e-13,0.0,8643.697099942145
CARBON_CAP_060,0.6,TD_WINTER,16,120,151824.225,141951.15000000002,1078.94,166843.66207882378,0.0,17600.0,0.0,0.0,17577.336632690454,-0.0,0.0,50196.77371151423,141424.3902548202,526.759745179821,55.98954794442932,0.0,0.0,1000000.0,0.0,0.0,0.0,1078.9400000000005,10244.586969941674,0.0,4.547473508864641e-13,0.0,114392.16158134637
CARBON_CAP_060,0.6,TD_WINTER,17,120,151824.225,144387.90000000002,1078.94,166843.66207882378,0.0,0.0,0.0,0.0,20315.70065546749,0.0,0.0,35335.13773429126,97772.3261107839,46615.57388921612,4954.791882087302,0.0,-0.0,1000000.0,0.0,0.0,0.0,1078.94,9165.220112151257,0.0,0.0,0.0,124973.57462309499
CARBON_CAP_060,0.6,TD_WINTER,18,120,146148.45,146029.5,1078.94,78502.0077620697,0.0,0.0,0.0,0.0,17373.80957694351,0.0,0.0,5860.877513711152,16029.5,130000.0,13817.762840421845,0.0,56133.51017469797,940912.0945529495,0.0,0.0,0.0,1078.9400000000005,8085.898227979917,0.0,4.547473508864641e-13,0.0,83612.39285155272
CARBON_CAP_060,0.6,TD_WINTER,19,120,146148.45,147106.80000000002,1078.94,0.0,0.0,0.0,0.0,0.0,13488.293058138255,0.0,0.0,6303.168754605755,17106.800000000017,130000.0,13817.762840421845,0.0,138963.3256964675,794634.9096092995,0.0,0.0,0.0,1078.94,7006.621315553751,0.0,0.0,0.0,29846.367735311193
CARBON_CAP_060,0.6,TD_WINTER,20,120,146148.45,148004.55000000002,923.94,0.0,0.0,0.0,0.0,0.0,12248.628264043242,0.0,0.0,6677.007231596521,18004.550000000017,130000.0,13817.762840421845,0.0,140576.82896755327,646659.3001697697,0.0,0.0,0.0,923.9400000000014,6082.389372998934,0.0,1.3642420526593924e-12,0.0,29846.367735311185
CARBON_CAP_060,0.6,TD_WINTER,21,120,146148.45,149030.55000000002,923.94,0.0,0.0,0.0,0.0,0.0,13932.352088858855,0.0,0.0,7110.237250140115,19030.550000000017,130000.0,13817.762840421845,0.0,139326.33516128125,500000.0,0.0,0.0,0.0,923.94,5158.195940108393,0.0,0.0,0.0,29846.367735311185
CARBON_CAP_060,0.6,TD_WINTER,22,120,146148.45,149774.40000000002,923.94,166843.66207882378,0.0,0.0,0.0,0.0,17891.878446117546,0.0,0.0,38587.09052494131,102718.83497739377,47055.56502260626,5001.5587523417125,0.0,0.0,500000.0,0.0,0.0,0.0,923.9400000000005,4234.041015277555,0.0,4.547473508864641e-13,0.0,125074.5910628445
CARBON_CAP_060,0.6,TD_WINTER,23,120,141891.75,150543.90000000002,923.94,166843.66207882378,0.0,0.0,0.0,0.0,21832.90234376288,0.0,0.0,46784.814422586656,123839.40377658687,26704.496223413153,2838.433812215875,0.0,-0.0,500000.0,0.0,0.0,1366.8265057153285,0.0,5600.6911026172465,2290.7665057153285,0.0,0.0,120402.24119217269
CARBON_CAP_060,0.6,TD_TRANSITION,0,125,125675.6,100800.0,923.94,166345.35993544484,0.0,0.0,0.0,0.0,0.0,0.0,0.0,40669.759935444825,100800.0,0.0,0.0,0.0,0.0,500000.0,0.0,0.0,0.0,923.9399999999996,4676.5177404879705,0.0,-4.547473508864641e-13,0.0,113929.93701978616
CARBON_CAP_060,0.6,TD_TRANSITION,1,125,125675.6,100800.0,923.94,166452.29902912624,0.0,0.0,0.0,0.0,0.0,0.0,0.0,40776.69902912621,100800.0,0.0,0.0,0.0,0.0,500000.0,0.0,0.0,0.0,923.9400000000005,3752.3828855821157,0.0,4.547473508864641e-13,0.0,114003.17960504856
CARBON_CAP_060,0.6,TD_TRANSITION,2,125,125675.6,100800.0,923.94,166626.2398537477,0.0,0.0,0.0,0.0,0.0,0.0,0.0,40950.639853747714,100800.0,0.0,0.0,0.0,0.0,500000.0,0.0,0.0,0.0,923.94,2828.286536295216,0.0,0.0,0.0,114122.3116758318
CARBON_CAP_060,0.6,TD_TRANSITION,3,125,125675.6,100800.0,923.94,166843.66207882378,0.0,0.0,0.0,0.0,0.0,0.0,0.0,41168.062078823765,100800.0,0.0,0.0,0.0,0.0,500000.0,0.0,0.0,0.0,923.94,1904.2286910228704,0.0,0.0,0.0,114271.2241577864
CARBON_CAP_060,0.6,TD_TRANSITION,4,125,125675.6,100800.0,923.94,0.0,0.0,0.0,0.0,0.0,0.0,0.0,0.0,41644.28837017145,100800.0,0.0,0.0,0.0,167319.88837017145,323873.80171560904,0.0,0.0,0.0,923.94,980.2093481607444,0.0,0.0,0.0,0.0
CARBON_CAP_060,0.6,TD_TRANSITION,5,125,135135.0,100800.0,923.94,68450.9725643068,0.0,0.0,0.0,0.0,499.56640956067605,0.0,0.0,0.0,0.0,100800.0,10714.080725496324,0.0,66184.46102613253,254205.94800389055,0.0,0.0,0.0,923.9400000000006,56.22850610457033,0.0,5.684341886080801e-13,0.0,70024.48547636578
CARBON_CAP_060,0.6,TD_TRANSITION,6,125,135135.0,100800.0,923.94,0.0,0.0,0.0,0.0,0.0,1091.645117188144,0.0,0.0,0.0,0.0,100800.0,10714.080725496324,0.0,134043.35488281187,113107.67970619387,0.0,0.0,0.0,56.22616325014951,0.0,867.7138367498505,0.0,0.0,23142.41436707206
CARBON_CAP_060,0.6,TD_TRANSITION,7,125,135135.0,100800.0,1078.94,0.0,-0.0,69000.0,0.0,0.0,370.0491922671674,0.0,0.0,41687.34491315136,100800.0,0.0,0.0,0.0,107452.29572088418,0.0,0.0,0.0,0.0,0.0,0.0,1078.94,0.0,0.0,0.0
CARBON_CAP_060,0.6,TD_TRANSITION,8,125,144594.5,100800.0,1078.94,0.0,0.0,297200.0,0.0,0.0,0.0,0.0,0.0,39077.34056987789,100800.0,0.0,0.0,0.0,0.0,-0.0,113528.15943012212,2156.4438573351576,1077.5038573351574,0.0,1077.5038573351574,0.0,0.0,0.0,0.0
CARBON_CAP_060,0.6,TD_TRANSITION,9,125,144594.5,98755.2,1078.94,0.0,0.0,481000.0,0.0,0.0,0.0,0.0,0.0,36657.46102449889,98755.2,0.0,0.0,159748.03897550108,0.0,151760.63702672604,140000.00000000003,2637.7500495147556,1558.8100495147555,0.0,2636.2690108558572,0.0,5.684341886080802e-14,0.0,0.0
CARBON_CAP_060,0.6,TD_TRANSITION,10,125,144594.5,93950.1,1078.94,0.0,0.0,596600.0,0.0,0.0,0.0,0.0,0.0,33064.72161610474,93950.1,0.0,0.0,218940.77838389526,0.0,359754.3764914265,200000.00000000003,3637.7500495147556,2558.810049514756,0.0,5194.969215828494,0.0,-4.547473508864641e-13,0.0,0.0
CARBON_CAP_060,0.6,TD_TRANSITION,11,125,144594.5,88649.1,1078.94,0.0,0.0,585600.0,-0.0,0.0,4385.082928365934,0.0,0.0,29282.255400673846,88649.1,0.0,0.0,216108.32752769208,0.0,565057.2876427339,200000.00000000003,3637.7500495147556,2558.8100495147555,0.0,7753.56280829259,0.0,5.684341886080802e-14,0.0,0.0
CARBON_CAP_060,0.6,TD_TRANSITION,12,125,144594.5,86409.0,1078.94,0.0,21139.73787830025,619460.2621216998,21139.73787830025,0.0,5717.260020527738,0.0,0.0,27820.02575660013,86409.0,0.0,0.0,252762.99638562743,0.0,805182.1342090799,200000.00000000003,3637.7500495147556,2558.8100495147564,0.0,10312.049792690334,0.0,-9.094947017729282e-13,0.0,0.0
CARBON_CAP_060,0.6,TD_TRANSITION,13,125,144594.5,85485.6,1078.94,0.0,-0.0,526000.0,0.0,0.0,6309.338728155205,0.0,0.0,27238.592913586544,85485.6,0.0,0.0,195769.33783435612,0.0,991163.0051517187,164706.90798021256,3049.531849184965,1970.5918491849643,0.0,12282.211973133935,0.0,3.979039320256561e-13,0.0,0.0
CARBON_CAP_060,0.6,TD_TRANSITION,14,125,144594.5,85776.3,1078.94,0.0,0.0,355000.0,-0.0,0.0,8289.10190678455,0.0,0.0,27420.337574323894,85776.3,0.0,0.0,0.0,0.0,991163.0051517186,191274.26433246068,3492.321121722433,2413.381121722434,0.0,14695.081336024155,0.0,-9.094947017729282e-13,0.0,0.0
CARBON_CAP_060,0.6,TD_TRANSITION,15,125,144594.5,88803.0,1078.94,0.0,-0.0,171200.0,0.0,0.0,12082.106127523017,0.0,0.0,29385.506287227003,88803.0,0.0,0.0,9302.09984029633,0.0,1000000.0,0.0,0.0,0.0,1078.9400000000005,13615.529040968486,0.0,0.0,0.0,0.0
CARBON_CAP_060,0.6,TD_TRANSITION,16,125,144594.5,94634.1,1078.94,143006.32358595086,0.0,17600.0,0.0,0.0,17577.336632690454,-0.0,0.0,33589.1602186413,94634.1,0.0,0.0,0.0,-0.0,1000000.0,0.0,0.0,0.0,1078.9400000000005,12536.021727258445,0.0,4.547473508864641e-13,0.0,97945.03102401774
CARBON_CAP_060,0.6,TD_TRANSITION,17,125,144594.5,96258.6,1078.94,159066.87307058962,0.0,0.0,0.0,0.0,20315.70065546749,0.0,0.0,34788.073726057104,96258.6,0.0,0.0,0.0,0.0,1000000.0,0.0,0.0,0.0,1078.9400000000005,11456.559393019808,0.0,0.0,0.0,108944.90136604682
CARBON_CAP_060,0.6,TD_TRANSITION,18,125,139189.0,97353.0,1078.94,0.0,0.0,0.0,0.0,0.0,17373.80957694351,0.0,0.0,0.0,0.0,97353.0,10347.697429258369,0.0,121815.19042305669,871773.4837652035,0.0,0.0,0.0,1078.9399999999896,10377.142036378442,0.0,-1.0459189070388675e-11,-2.0873283361445311e-10,22351.026447198077
CARBON_CAP_060,0.6,TD_TRANSITION,19,125,139189.0,98071.2,1078.94,24712.917012016533,0.0,0.0,0.0,0.0,13488.293058138255,0.0,0.0,0.0,0.0,98071.2,10424.03525442753,0.0,100987.78992984521,765470.5469969454,0.0,0.0,0.0,1078.94,9297.769655460252,0.0,0.0,0.0,39441.793011093585
CARBON_CAP_060,0.6,TD_TRANSITION,20,125,139189.0,98669.7,923.94,0.0,0.0,0.0,0.0,0.0,12248.628264043242,0.0,0.0,0.0,0.0,98669.7,10487.650108735164,0.0,126940.37173595696,631849.1030643592,0.0,0.0,0.0,923.939999999986,8373.442248391288,0.0,-1.4097167877480388e-11,-2.3278798749965352e-10,22653.324234867956
CARBON_CAP_060,0.6,TD_TRANSITION,21,125,139189.0,99353.7,923.94,0.0,0.0,0.0,0.0,0.0,13932.352088858855,0.0,0.0,0.0,0.0,99353.7,10560.35279937246,0.0,125256.64791114115,500000.0,0.0,0.0,0.0,923.94,7449.15335496427,0.0,0.0,0.0,22810.362046644517
CARBON_CAP_060,0.6,TD_TRANSITION,22,125,139189.0,99849.6,923.94,158806.36272593355,0.0,0.0,0.0,0.0,17891.878446117546,0.0,0.0,37509.24117205109,99849.6,0.0,0.0,0.0,0.0,500000.0,0.0,0.0,0.0,923.9399999999996,6524.90297357448,0.0,-4.547473508864641e-13,0.0,108766.47783099188
CARBON_CAP_060,0.6,TD_TRANSITION,23,125,135135.0,100362.6,923.94,151217.7002251831,0.0,0.0,0.0,0.0,21832.90234376288,0.0,0.0,37915.60256894598,100362.6,0.0,0.0,0.0,0.0,500000.0,0.0,0.0,0.0,923.94,5600.6911026172465,0.0,0.0,0.0,103569.0028842279
CARBON_CAP_050,0.5,TD_SUMMER,0,120,144526.94,67200.0,923.94,142169.82624918636,0.0,0.0,0.0,0.0,0.0,0.0,0.0,27113.173290296552,67200.0,0.0,0.0,0.0,29470.287041110205,468978.645219884,0.0,0.0,0.0,923.9400000000005,6028.880567390579,0.0,4.547473508864641e-13,0.0,97372.11399806773
CARBON_CAP_050,0.5,TD_SUMMER,1,120,144526.94,67200.0,923.94,142169.82624918636,0.0,0.0,0.0,0.0,0.0,0.0,0.0,27184.466019417476,67200.0,0.0,0.0,0.0,29541.579770231125,437882.245461746,0.0,0.0,0.0,923.9400000000005,5104.689364033604,0.0,4.547473508864641e-13,0.0,97372.11399806773
CARBON_CAP_050,0.5,TD_SUMMER,2,120,144526.94,67200.0,923.94,142169.82624918636,0.0,0.0,0.0,0.0,0.0,0.0,0.0,27300.42656916514,67200.0,0.0,0.0,0.0,29657.540319978783,406663.7819670315,0.0,0.0,0.0,923.9400000000005,4180.536668643435,0.0,0.0,0.0,97372.11399806773
CARBON_CAP_050,0.5,TD_SUMMER,3,120,144526.94,67200.0,923.94,142169.82624918636,0.0,0.0,0.0,0.0,0.0,0.0,0.0,0.0,0.0,67200.0,7142.720483664215,0.0,2357.1137508136453,404182.60959775397,0.0,0.0,0.0,923.94,3256.4224796155754,0.0,0.0,0.0,112800.39024278244
CARBON_CAP_050,0.5,TD_SUMMER,4,120,144526.94,67200.0,923.94,142169.82624918636,0.0,0.0,0.0,0.0,0.0,0.0,0.0,0.0,0.0,67200.0,7142.720483664215,0.0,2357.1137508136453,401701.43722847645,0.0,0.0,0.0,923.94,2332.346795345591,0.0,0.0,0.0,112800.39024278244
CARBON_CAP_050,0.5,TD_SUMMER,5,120,155405.25,67200.0,923.94,9629.739833284892,0.0,0.0,0.0,0.0,1520.569901800805,0.0,0.0,0.0,0.0,67200.0,7142.720483664215,0.0,144254.9402649143,249854.13168646142,0.0,0.0,0.0,923.94,1408.3096142291183,0.0,0.0,0.0,22023.68505653153
CARBON_CAP_050,0.5,TD_SUMMER,6,120,155405.25,67200.0,923.94,0.0,0.0,0.0,0.0,0.0,3322.72682245361,0.0,0.0,0.0,0.0,67200.0,7142.720483664215,0.0,152082.5231775464,89767.26518378104,0.0,0.0,0.0,923.94,484.3109346618587,0.0,0.0,0.0,15428.276244714707
CARBON_CAP_050,0.5,TD_SUMMER,7,120,155405.25,67200.0,1078.94,0.0,-0.0,69000.0,0.0,0.0,1126.3480754080035,0.0,0.0,0.0,0.0,67200.0,7142.720483664215,0.0,85278.90192459199,0.0,0.0,0.0,0.0,484.2907550395811,0.0,594.649244960419,0.0,0.0,15428.276244714707
CARBON_CAP_050,0.5,TD_SUMMER,8,120,166283.675,67200.0,1078.94,0.0,0.0,297200.0,-0.0,0.0,0.0,0.0,0.0,26051.56037991859,67200.0,0.0,0.0,0.0,0.0,-0.0,104864.7646200814,1998.9275880616897,919.9875880616896,0.0,919.9875880616896,0.0,0.0,0.0,0.0
CARBON_CAP_050,0.5,TD_SUMMER,9,120,166283.675,65836.8,1078.94,0.0,0.0,481000.0,0.0,0.0,0.0,0.0,0.0,24438.307349665927,65836.8,0.0,0.0,150278.01765033405,0.0,142764.11676781735,140000.0,2637.750049514755,1558.810049514755,0.0,2478.7593047602754,0.0,5.684341886080802e-14,0.0,0.0
CARBON_CAP_050,0.5,TD_SUMMER,10,120,166283.675,62633.399999999994,1078.94,0.0,0.0,596600.0,0.0,0.0,0.0,0.0,0.0,22043.14774406982,62633.399999999994,0.0,0.0,208273.1772559302,0.0,340623.63516095106,200000.0,3637.750049514755,2558.810049514755,0.0,5037.466072637332,0.0,-5.684341886080802e-14,0.0,0.0
CARBON_CAP_050,0.5,TD_SUMMER,11,120,166283.675,59099.399999999994,1078.94,0.0,-0.0,585600.0,0.0,0.0,13347.224693584842,0.0,0.0,19521.50360044923,59099.399999999994,0.0,0.0,213142.0460931356,0.0,543108.5789494299,200000.0,3637.750049514755,2558.8100495147546,0.0,7596.066227732394,0.0,0.0,0.0,0.0
CARBON_CAP_050,0.5,TD_SUMMER,12,120,166283.675,57606.0,1078.94,0.0,8723.904797166819,631876.0952028332,8723.904797166819,0.0,17402.077765053655,0.0,0.0,18546.68383773342,57606.0,0.0,0.0,264447.81413015345,0.0,794334.0023730757,200000.0,3637.750049514755,2558.8100495147555,0.0,10154.55977448766,0.0,-5.115907697472721e-13,0.0,0.0
CARBON_CAP_050,0.5,TD_SUMMER,13,120,166283.675,56990.4,1078.94,0.0,-0.0,526000.0,0.0,0.0,19204.23468570646,0.0,0.0,18159.06194239103,56990.4,0.0,0.0,194389.27168056185,0.0,979003.8104696095,166372.2260627536,3077.287150560648,1998.3471505606485,0.0,12152.483818391038,0.0,-4.547473508864641e-13,0.0,0.0
CARBON_CAP_050,0.5,TD_SUMMER,14,120,166283.675,57184.2,1078.94,0.0,0.0,355000.0,-0.0,0.0,25230.19688913928,0.0,0.0,18280.22504954926,57184.2,0.0,0.0,0.0,0.0,979003.8104696093,195666.29683959004,3565.5216635079223,2486.5816635079227,0.0,14638.559128406527,0.0,-2.8421709430404007e-13,0.0,0.0
CARBON_CAP_050,0.5,TD_SUMMER,15,120,166283.675,59202.0,1078.94,0.0,-0.0,171200.0,0.0,0.0,36775.26466207131,0.0,0.0,19590.337524818002,59202.0,0.0,0.0,22101.25213725333,0.0,1000000.0,0.0,0.0,0.0,1078.9400000000005,13559.009188442842,0.0,4.547473508864641e-13,0.0,0.0
CARBON_CAP_050,0.5,TD_SUMMER,16,120,166283.675,63089.399999999994,1078.94,117574.91489721402,-0.0,17600.0,-0.0,0.0,53501.53358188017,0.0,0.0,22392.773479094198,63089.399999999994,0.0,0.0,0.0,-0.0,1000000.0,0.0,0.0,0.0,1078.9400000000005,12479.504229726655,0.0,4.547473508864641e-13,0.0,80527.05921310188
CARBON_CAP_050,0.5,TD_SUMMER,17,120,166283.675,64172.399999999994,1078.94,127639.21481080532,0.0,0.0,0.0,0.0,61836.50933989939,0.0,0.0,23192.049150704734,64172.399999999994,0.0,0.0,0.0,0.0,1000000.0,0.0,0.0,0.0,1078.94,11400.04425038375,0.0,0.0,0.0,87420.09822392056
CARBON_CAP_050,0.5,TD_SUMMER,18,120,160067.34999999998,64902.0,1078.94,0.0,0.0,0.0,0.0,0.0,52882.04214040576,0.0,0.0,8357.155824143794,22856.821179033275,42045.17882096673,4469.002381009582,0.0,115542.46368373802,878376.3540171179,0.0,0.0,0.0,1078.9400000000005,10320.629248539983,0.0,4.547473508864641e-13,0.0,9653.045142980696
CARBON_CAP_050,0.5,TD_SUMMER,19,120,160067.34999999998,65380.799999999996,1078.94,0.0,0.0,0.0,0.0,0.0,41055.387348621734,0.0,0.0,0.0,0.0,65380.799999999996,6949.356836285019,0.0,119011.96265137824,753100.6038577724,0.0,0.0,0.0,1078.94,9241.259222321292,0.0,0.0,0.0,15010.610766375643
CARBON_CAP_050,0.5,TD_SUMMER,20,120,160067.34999999998,65779.8,923.94,0.0,0.0,0.0,0.0,0.0,37282.121296004916,0.0,0.0,0.0,0.0,65779.8,6991.766739156777,0.0,122785.22870399506,623852.9946956723,0.0,0.0,0.0,923.9400000000005,8316.934169853695,0.0,0.0,0.0,15102.21615657864
CARBON_CAP_050,0.5,TD_SUMMER,21,120,160067.34999999998,66235.8,923.94,0.0,0.0,0.0,0.0,0.0,42407.00503911133,0.0,0.0,0.0,0.0,66235.8,7040.235199581641,0.0,117660.34496088869,500000.0,0.0,0.0,0.0,923.94,7392.6476309299505,0.0,0.0,0.0,15206.908031096345
CARBON_CAP_050,0.5,TD_SUMMER,22,120,160067.34999999998,66566.4,923.94,130614.5813353904,0.0,0.0,0.0,0.0,54458.929445976966,0.0,0.0,25006.16078136739,66566.4,0.0,0.0,0.0,0.0,500000.0,0.0,0.0,0.0,923.9399999999996,6468.399603945329,0.0,-4.547473508864641e-13,0.0,89457.92675660888
CARBON_CAP_050,0.5,TD_SUMMER,23,120,155405.25,66908.4,923.94,114227.78193022513,0.0,0.0,0.0,0.0,66454.5364490722,0.0,0.0,25277.068379297318,66908.4,0.0,0.0,0.0,0.0,500000.0,0.0,0.0,484.9801930237627,0.0,6953.110280318927,1408.9201930237623,-4.547473508864641e-13,0.0,78234.60784401119
CARBON_CAP_050,0.5,TD_WINTER,0,120,131959.38,151200.0,923.94,142169.82624918636,0.0,0.0,0.0,0.0,0.0,0.0,0.0,46738.26280623609,115840.78436525614,35359.21563474386,3758.348122032514,0.0,36527.81655704975,461549.6667820529,0.0,0.0,0.0,923.9400000000005,6028.880567390579,0.0,4.547473508864641e-13,0.0,105490.14594165796
CARBON_CAP_050,0.5,TD_WINTER,1,120,131959.38,151200.0,923.94,142169.82624918636,0.0,0.0,0.0,0.0,0.0,0.0,0.0,46738.26280623609,115536.98565701561,35663.01434298439,3790.6390335840074,0.0,36527.81655704975,423099.33356410585,0.0,0.0,0.0,923.9400000000005,5104.689364033604,0.0,4.547473508864641e-13,0.0,105559.89431060918
CARBON_CAP_050,0.5,TD_WINTER,2,120,131959.38,151200.0,923.94,142169.82624918636,0.0,0.0,0.0,0.0,0.0,0.0,0.0,46738.26280623609,115046.23389755013,36153.76610244987,3842.801275321036,0.0,36527.81655704975,384649.00034615875,0.0,0.0,0.0,923.9400000000005,4180.536668643435,0.0,4.547473508864641e-13,0.0,105672.56475276116
CARBON_CAP_050,0.5,TD_WINTER,3,120,131959.38,151200.0,923.94,142169.82624918636,0.0,0.0,0.0,0.0,0.0,0.0,0.0,10210.446249186352,25000.277641132783,126199.72235886722,13413.829492937764,0.0,0.0,384649.00034615875,0.0,0.0,0.0,923.94,3256.4224796155754,0.0,0.0,0.0,126345.9857028133
CARBON_CAP_050,0.5,TD_WINTER,4,120,131959.38,151200.0,923.94,140717.90096674243,0.0,0.0,0.0,0.0,0.0,0.0,0.0,8758.520966742408,21200.0,130000.0,13817.762840421845,0.0,-0.0,384649.00034615875,0.0,0.0,0.0,923.94,2332.346795345591,0.0,0.0,0.0,126224.05810743307
CARBON_CAP_050,0.5,TD_WINTER,5,120,141891.75,151200.0,923.94,11888.738605067545,0.0,0.0,0.0,0.0,1520.569901800805,0.0,0.0,8892.61744966443,21200.0,130000.0,13817.762840421845,0.0,137375.05894279608,240043.6751432155,0.0,0.0,0.0,923.94,1408.3096142291183,0.0,0.0,0.0,37988.96480592195
CARBON_CAP_050,0.5,TD_WINTER,6,120,141891.75,151200.0,923.94,0.0,0.0,0.0,0.0,0.0,3322.72682245361,0.0,0.0,8939.489774404385,21200.0,130000.0,13817.762840421845,0.0,147508.51295195078,84771.55624642524,0.0,0.0,0.0,923.94,484.3109346618587,0.0,0.0,0.0,29846.36773531119
CARBON_CAP_050,0.5,TD_WINTER,7,120,141891.75,151200.0,1078.94,0.0,-0.0,69000.0,0.0,0.0,1126.3480754080035,0.0,0.0,8767.576509511993,21200.0,130000.0,13817.762840421845,0.0,80532.97843410399,0.0,0.0,0.0,0.0,484.2907550395811,0.0,594.649244960419,0.0,0.0,29846.36773531119
CARBON_CAP_050,0.5,TD_WINTER,8,120,151824.225,151200.0,1078.94,0.0,0.0,297200.0,0.0,0.0,0.0,0.0,0.0,54986.19153674833,141836.8810690423,9363.118930957688,995.2104371895188,-0.0,0.0,0.0,90389.58346325165,1735.7424761193306,656.8024761193305,0.0,656.8024761193305,0.0,0.0,0.0,2149.6545443293617
CARBON_CAP_050,0.5,TD_WINTER,9,120,151824.225,148132.80000000002,1078.94,0.0,0.0,481000.0,0.0,0.0,0.0,0.0,0.0,54986.19153674834,148132.80000000002,0.0,0.0,134189.58346325165,0.0,127480.10429008906,140000.0,2637.750049514755,1558.810049514755,0.0,2215.585158864247,0.0,0.0,0.0,0.0
CARBON_CAP_050,0.5,TD_WINTER,10,120,151824.225,140925.15000000002,1078.94,0.0,0.0,596600.0,0.0,0.0,0.0,0.0,0.0,49597.08242415711,140925.15000000002,0.0,0.0,200000.0,0.0,317480.10429008905,195178.69257584284,3557.3949257788026,2478.454925778802,0.0,4693.947768594763,0.0,2.8421709430404007e-13,0.0,0.0
CARBON_CAP_050,0.5,TD_WINTER,11,120,151824.225,132973.65000000002,1078.94,0.0,-0.0,585600.0,0.0,0.0,13347.224693584842,0.0,0.0,43923.383101010775,132973.65000000002,0.0,0.0,203199.61659257405,0.0,510519.7400530344,200000.0,3637.750049514755,2558.8100495147555,0.0,7252.562236952494,0.0,-4.547473508864641e-13,0.0,0.0
CARBON_CAP_050,0.5,TD_WINTER,12,120,151824.225,129613.50000000001,1078.94,0.0,0.0,640600.0,-0.0,0.0,17402.077765053655,0.0,0.0,41730.0386349002,129613.50000000001,0.0,0.0,264447.81413015345,0.0,761745.1634766802,200000.0,3637.750049514755,2558.8100495147555,0.0,9811.070096374042,0.0,-5.115907697472721e-13,0.0,0.0
CARBON_CAP_050,0.5,TD_WINTER,13,120,151824.225,128228.40000000001,1078.94,0.0,-0.0,526000.0,0.0,0.0,19204.23468570646,0.0,0.0,40857.88937037982,128228.40000000001,0.0,0.0,200000.0,0.0,951745.1634766802,152522.12031532664,2846.452054770199,1767.512054770199,0.0,11578.173356556892,0.0,-8.526512829121202e-14,0.0,0.0
CARBON_CAP_050,0.5,TD_WINTER,14,120,151824.225,128664.45000000001,1078.94,0.0,0.0,355000.0,-0.0,0.0,25230.19688913928,0.0,0.0,41130.506361485845,128664.45000000001,0.0,0.0,38721.784530158344,0.0,988530.8587803306,148553.6809974951,2780.3113994730065,1701.371399473006,0.0,13279.062332140042,0.0,0.0,0.0,0.0
CARBON_CAP_050,0.5,TD_WINTER,15,120,151824.225,133204.5,1078.94,0.0,-0.0,171200.0,0.0,0.0,36775.26466207131,0.0,0.0,44078.2594308405,133204.5,0.0,0.0,12072.780231230918,0.0,1000000.0,0.0,0.0,0.0,1078.9400000000005,12199.569037876201,0.0,4.547473508864641e-13,0.0,0.0
CARBON_CAP_050,0.5,TD_WINTER,16,120,151824.225,141951.15000000002,1078.94,131106.4317460818,-0.0,17600.0,-0.0,0.0,53501.53358188017,0.0,0.0,50383.740327961954,141951.15000000002,0.0,0.0,0.0,-0.0,1000000.0,0.0,0.0,0.0,1078.9400000000005,11120.120722499621,0.0,4.547473508864641e-13,0.0,89794.79510289141
CARBON_CAP_050,0.5,TD_WINTER,17,120,151824.225,144387.90000000002,1078.94,142169.82624918636,0.0,0.0,0.0,0.0,61836.50933989939,0.0,0.0,52182.11058908566,144387.90000000002,0.0,0.0,0.0,0.0,1000000.0,0.0,0.0,0.0,1078.94,10040.717384136184,0.0,0.0,0.0,97372.11399806773
CARBON_CAP_050,0.5,TD_WINTER,18,120,146148.45,146029.5,1078.94,0.0,0.0,0.0,0.0,0.0,52882.04214040576,0.0,0.0,43942.342587801366,120182.30697763673,25847.193022363266,2747.3106405663225,0.0,137208.7504473956,855569.7363711626,0.0,0.0,0.0,1078.9400000000005,8961.359020911843,0.0,4.547473508864641e-13,0.0,5934.190983623255
CARBON_CAP_050,0.5,TD_WINTER,19,120,146148.45,147106.80000000002,1078.94,0.0,0.0,0.0,0.0,0.0,41055.387348621734,0.0,0.0,6303.168754605755,17106.800000000017,130000.0,13817.762840421845,0.0,111396.23140598403,738310.5454174952,0.0,0.0,0.0,1078.94,7882.045630952638,0.0,0.0,0.0,29846.367735311193
CARBON_CAP_050,0.5,TD_WINTER,20,120,146148.45,148004.55000000002,923.94,0.0,0.0,0.0,0.0,0.0,37282.121296004916,0.0,0.0,6677.007231596521,18004.550000000017,130000.0,13817.762840421845,0.0,115543.3359355916,616685.9812747671,0.0,0.0,0.0,923.9400000000005,6957.777212384681,0.0,4.547473508864641e-13,0.0,29846.367735311185
CARBON_CAP_050,0.5,TD_WINTER,21,120,146148.45,149030.55000000002,923.94,0.0,0.0,0.0,0.0,0.0,42407.00503911133,0.0,0.0,7110.237250140115,19030.550000000017,130000.0,13817.762840421845,0.0,110851.68221102879,500000.0,0.0,0.0,0.0,923.94,6033.547305000831,0.0,0.0,0.0,29846.367735311185
CARBON_CAP_050,0.5,TD_WINTER,22,120,146148.45,149774.40000000002,923.94,142169.82624918636,0.0,0.0,0.0,0.0,54458.929445976966,0.0,0.0,50480.30569516332,134378.57376052474,15395.826239475282,1636.429813149332,0.0,0.0,500000.0,0.0,0.0,0.0,923.9400000000005,5109.3559071964555,0.0,4.547473508864641e-13,0.0,100906.80239447029
CARBON_CAP_050,0.5,TD_WINTER,23,120,141891.75,150543.90000000002,923.94,130423.40508767615,0.0,0.0,0.0,0.0,66454.5364490722,0.0,0.0,54986.191536748345,145548.44899777285,4995.451002227172,530.9689017670975,0.0,0.0,500000.0,0.0,0.0,1843.9672629519382,0.0,6953.110280318927,2767.9072629519383,0.0,0.0,90473.88297236632
CARBON_CAP_050,0.5,TD_TRANSITION,0,125,125675.6,100800.0,923.94,142169.82624918636,0.0,0.0,0.0,0.0,0.0,0.0,0.0,40669.759935444825,100800.0,0.0,0.0,0.0,24175.53368625848,474552.06980393844,0.0,0.0,0.0,923.9400000000005,6028.880567390579,0.0,4.547473508864641e-13,0.0,97372.11399806773
CARBON_CAP_050,0.5,TD_TRANSITION,1,125,125675.6,100800.0,923.94,142169.82624918636,0.0,0.0,0.0,0.0,0.0,0.0,0.0,40776.69902912621,100800.0,0.0,0.0,0.0,24282.472779939882,448991.57214084384,0.0,0.0,0.0,923.9400000000005,5104.689364033604,0.0,4.547473508864641e-13,0.0,97372.11399806773
CARBON_CAP_050,0.5,TD_TRANSITION,2,125,125675.6,100800.0,923.94,142169.82624918636,0.0,0.0,0.0,0.0,0.0,0.0,0.0,40950.639853747714,100800.0,0.0,0.0,0.0,24456.413604561356,423247.97887288453,0.0,0.0,0.0,923.9400000000005,4180.536668643435,0.0,4.547473508864641e-13,0.0,97372.11399806773
CARBON_CAP_050,0.5,TD_TRANSITION,3,125,125675.6,100800.0,923.94,142169.82624918636,0.0,0.0,0.0,0.0,0.0,0.0,0.0,41168.062078823765,100800.0,0.0,0.0,0.0,24673.83582963742,397275.52010484517,0.0,0.0,0.0,923.94,3256.4224796155754,0.0,0.0,0.0,97372.11399806773
CARBON_CAP_050,0.5,TD_TRANSITION,4,125,125675.6,100800.0,923.94,78699.21110073476,0.0,0.0,0.0,0.0,0.0,0.0,0.0,0.0,0.0,100800.0,10714.080725496324,0.0,46976.38889926525,347826.689684566,0.0,0.0,0.0,923.94,2332.346795345591,0.0,0.0,0.0,77043.5040499653
CARBON_CAP_050,0.5,TD_TRANSITION,5,125,135135.0,100800.0,923.94,0.0,0.0,0.0,0.0,0.0,1520.569901800805,0.0,0.0,0.0,0.0,100800.0,10714.080725496324,0.0,133614.4300981992,207179.92116014578,0.0,0.0,0.0,923.94,1408.3096142291183,0.0,0.0,0.0,23142.41436707206
CARBON_CAP_050,0.5,TD_TRANSITION,6,125,135135.0,100800.0,923.94,0.0,0.0,0.0,0.0,0.0,3322.72682245361,0.0,0.0,0.0,0.0,100800.0,10714.080725496324,0.0,131812.2731775464,68430.15992062315,0.0,0.0,0.0,923.94,484.3109346618587,0.0,0.0,0.0,23142.41436707206
CARBON_CAP_050,0.5,TD_TRANSITION,7,125,135135.0,100800.0,1078.94,0.0,-0.0,69000.0,0.0,0.0,1126.3480754080035,0.0,0.0,0.0,0.0,100800.0,10714.080725496324,0.0,65008.651924592,0.0,0.0,0.0,0.0,484.2907550395811,0.0,594.649244960419,0.0,0.0,23142.41436707206
CARBON_CAP_050,0.5,TD_TRANSITION,8,125,144594.5,100800.0,1078.94,0.0,0.0,297200.0,0.0,0.0,0.0,0.0,0.0,39077.34056987789,100800.0,0.0,0.0,-0.0,0.0,0.0,113528.15943012212,2156.4438573351576,1077.5038573351574,0.0,1077.5038573351574,0.0,0.0,0.0,0.0
CARBON_CAP_050,0.5,TD_TRANSITION,9,125,144594.5,98755.2,1078.94,0.0,0.0,481000.0,0.0,0.0,0.0,0.0,0.0,36657.46102449889,98755.2,0.0,0.0,159748.03897550108,0.0,151760.63702672604,140000.0,2637.750049514755,1558.810049514755,0.0,2636.269010855857,0.0,5.684341886080802e-14,0.0,0.0
CARBON_CAP_050,0.5,TD_TRANSITION,10,125,144594.5,93950.1,1078.94,0.0,0.0,596600.0,0.0,0.0,0.0,0.0,0.0,33064.72161610474,93950.1,0.0,0.0,218940.7783838953,0.0,359754.37649142655,200000.0,3637.750049514755,2558.8100495147546,0.0,5194.969215828492,0.0,4.547473508864641e-13,0.0,0.0
CARBON_CAP_050,0.5,TD_TRANSITION,11,125,144594.5,88649.1,1078.94,0.0,-0.0,585600.0,0.0,0.0,13347.224693584842,0.0,0.0,29282.255400673846,88649.1,0.0,0.0,225070.469292911,0.0,573571.322319692,200000.0,3637.750049514755,2558.8100495147546,0.0,7753.562808292587,0.0,5.115907697472721e-13,0.0,0.0
CARBON_CAP_050,0.5,TD_TRANSITION,12,125,144594.5,86409.0,1078.94,0.0,21139.737878300017,619460.2621217,21139.737878300017,0.0,17402.077765053655,0.0,0.0,27820.02575660013,86409.0,0.0,0.0,264447.81413015345,0.0,824796.7457433378,200000.0,3637.750049514755,2558.8100495147555,0.0,10312.04979269033,0.0,-4.547473508864641e-13,0.0,0.0
CARBON_CAP_050,0.5,TD_TRANSITION,13,125,144594.5,85485.6,1078.94,0.0,-0.0,526000.0,0.0,0.0,19204.23468570646,0.0,0.0,27238.592913586544,85485.6,0.0,0.0,176209.11885009223,0.0,992195.4086509254,197162.0229220277,3590.45043154855,2511.5104315485496,0.0,12823.130555497517,0.0,3.979039320256561e-13,0.0,0.0
CARBON_CAP_050,0.5,TD_TRANSITION,14,125,144594.5,85776.3,1078.94,0.0,0.0,355000.0,0.0,0.0,25230.19688913928,-0.0,0.0,27420.337574323894,85776.3,0.0,0.0,8215.359314815378,0.0,1000000.0,200000.0,3637.750049514755,2558.8100495147555,0.0,15381.406307905792,0.0,-4.547473508864641e-13,0.0,0.0
CARBON_CAP_050,0.5,TD_TRANSITION,15,125,144594.5,88803.0,1078.94,0.0,-0.0,171200.0,0.0,0.0,36775.26466207131,0.0,0.0,29385.506287227003,88803.0,0.0,0.0,-0.0,0.0,1000000.0,33995.25837484431,666.5736936243982,0.0,412.366306375603,14968.399109600692,0.0,0.0,0.0,0.0
CARBON_CAP_050,0.5,TD_TRANSITION,16,125,144594.5,94634.1,1078.94,107082.12663676114,0.0,17600.0,0.0,0.0,53501.53358188017,-0.0,0.0,33589.1602186413,94634.1,0.0,0.0,0.0,-0.0,1000000.0,0.0,0.0,0.0,1078.9400000000005,13888.835426304457,0.0,4.547473508864641e-13,0.0,73340.54853351769
CARBON_CAP_050,0.5,TD_TRANSITION,17,125,144594.5,96258.6,1078.94,117546.06438615771,0.0,0.0,0.0,0.0,61836.50933989939,0.0,0.0,34788.073726057104,96258.6,0.0,0.0,0.0,0.0,1000000.0,0.0,0.0,0.0,1078.9400000000005,12809.316724828359,0.0,0.0,0.0,80507.29949807942
CARBON_CAP_050,0.5,TD_TRANSITION,18,125,139189.0,97353.0,1078.94,0.0,0.0,0.0,0.0,0.0,52882.04214040576,0.0,0.0,35595.246800731264,97353.0,0.0,0.0,0.0,121902.20466032549,871681.8898312363,0.0,0.0,0.0,1078.9400000000005,11729.843003298156,0.0,4.547473508864641e-13,0.0,0.0
CARBON_CAP_050,0.5,TD_TRANSITION,19,125,139189.0,98071.2,1078.94,0.0,0.0,0.0,0.0,0.0,41055.387348621734,0.0,0.0,36135.29845246868,98071.2,0.0,0.0,0.0,134268.91110384694,730346.1939324501,0.0,0.0,0.0,1078.94,10650.414259839685,0.0,0.0,0.0,0.0
CARBON_CAP_050,0.5,TD_TRANSITION,20,125,139189.0,98669.7,923.94,0.0,0.0,0.0,0.0,0.0,37282.121296004916,0.0,0.0,20140.01057094382,54307.53850455001,44362.16149544999,4715.275589481705,0.0,122046.8892749389,601875.7841693565,0.0,0.0,0.0,923.9400000000005,9726.030492578857,0.0,4.547473508864641e-13,0.0,10184.995273280483
CARBON_CAP_050,0.5,TD_TRANSITION,21,125,139189.0,99353.7,923.94,0.0,0.0,0.0,0.0,0.0,42407.00503911133,0.0,0.0,0.0,0.0,99353.7,10560.35279937246,0.0,96781.99496088867,500000.0,0.0,0.0,0.0,923.94,8801.685241308332,0.0,0.0,0.0,22810.362046644517
CARBON_CAP_050,0.5,TD_TRANSITION,22,125,139189.0,99849.6,923.94,122239.31172607411,0.0,0.0,0.0,0.0,54458.929445976966,0.0,0.0,37509.24117205109,99849.6,0.0,0.0,-0.0,0.0,500000.0,0.0,0.0,0.0,923.9400000000005,7877.378504423277,0.0,4.547473508864641e-13,0.0,83721.70460118816
CARBON_CAP_050,0.5,TD_TRANSITION,23,125,135135.0,100362.6,923.94,106596.06611987377,0.0,0.0,0.0,0.0,66454.5364490722,0.0,0.0,37915.60256894598,100362.6,0.0,0.0,0.0,0.0,500000.0,0.0,0.0,0.0,923.94,6953.110280318927,0.0,0.0,0.0,73007.64568550154
CARBON_CAP_040,0.4,TD_SUMMER,0,120,144526.94,67200.0,923.94,105800.52055916381,0.0,0.0,0.0,0.0,0.0,0.0,0.0,0.0,0.0,67200.0,7142.720483664215,0.0,38726.419440836195,459235.3479570145,0.0,0.0,0.0,923.9400000000005,6924.139646661482,0.0,4.547473508864641e-13,0.0,87891.052775686
CARBON_CAP_040,0.4,TD_SUMMER,1,120,144526.94,67200.0,923.94,105800.52055916381,0.0,0.0,0.0,0.0,0.0,0.0,0.0,0.0,0.0,67200.0,7142.720483664215,0.0,38726.419440836195,418470.695914029,0.0,0.0,0.0,923.9400000000005,5999.911140842871,0.0,4.547473508864641e-13,0.0,87891.052775686
CARBON_CAP_040,0.4,TD_SUMMER,2,120,144526.94,67200.0,923.94,105800.52055916381,0.0,0.0,0.0,0.0,0.0,0.0,0.0,0.0,0.0,67200.0,7142.720483664215,0.0,38726.419440836195,377706.04387104354,0.0,0.0,0.0,923.94,5075.721144545336,0.0,0.0,0.0,87891.052775686
CARBON_CAP_040,0.4,TD_SUMMER,3,120,144526.94,67200.0,923.94,105800.52055916381,0.0,0.0,0.0,0.0,0.0,0.0,0.0,0.0,0.0,67200.0,7142.720483664215,0.0,38726.419440836195,336941.39182805805,0.0,0.0,0.0,923.9400000000005,4151.569656164313,0.0,4.547473508864641e-13,0.0,87891.052775686
CARBON_CAP_040,0.4,TD_SUMMER,4,120,144526.94,67200.0,923.94,105800.52055916381,0.0,0.0,0.0,0.0,0.0,0.0,0.0,0.0,0.0,67200.0,7142.720483664215,0.0,38726.419440836195,296176.73978507257,0.0,0.0,0.0,923.94,3227.4566740953055,0.0,0.0,0.0,87891.052775686
CARBON_CAP_040,0.4,TD_SUMMER,5,120,155405.25,67200.0,923.94,105800.52055916381,0.0,0.0,0.0,0.0,2559.2247114666707,0.0,0.0,0.0,0.0,67200.0,7142.720483664215,0.0,47045.504729369524,246655.15585942043,0.0,0.0,0.0,923.94,2303.3821967338845,0.0,0.0,0.0,87891.052775686
CARBON_CAP_040,0.4,TD_SUMMER,6,120,155405.25,67200.0,923.94,0.0,0.0,0.0,0.0,0.0,5592.379925056798,0.0,0.0,0.0,0.0,67200.0,7142.720483664215,0.0,149812.8700749432,88957.39788579596,0.0,0.0,0.0,923.94,1379.3462224756872,0.0,0.0,0.0,15428.276244714707
CARBON_CAP_040,0.4,TD_SUMMER,7,120,155405.25,67200.0,1078.94,0.0,-0.0,69000.0,0.0,0.0,1895.7220084938301,0.0,0.0,0.0,0.0,67200.0,7142.720483664215,0.0,84509.52799150617,0.0,0.0,0.0,0.0,1078.94,300.3487497164174,0.0,0.0,0.0,15428.276244714707
CARBON_CAP_040,0.4,TD_SUMMER,8,120,166283.675,67200.0,1078.94,0.0,0.0,297200.0,0.0,0.0,0.0,0.0,0.0,26051.56037991859,67200.0,0.0,0.0,0.0,0.0,-0.0,104864.7646200814,1998.9275880616897,919.9875880616896,0.0,1220.3238232468689,0.0,0.0,0.0,0.0
CARBON_CAP_040,0.4,TD_SUMMER,9,120,166283.675,65836.8,1078.94,0.0,0.0,481000.0,0.0,0.0,0.0,0.0,0.0,24438.307349665927,65836.8,0.0,0.0,150278.01765033405,0.0,142764.11676781735,140000.0,2637.750049514755,1558.810049514755,0.0,2779.0830259356553,0.0,5.684341886080802e-14,0.0,0.0
CARBON_CAP_040,0.4,TD_SUMMER,10,120,166283.675,62633.399999999994,1078.94,0.0,0.0,596600.0,0.0,0.0,0.0,0.0,0.0,22043.14774406982,62633.399999999994,0.0,0.0,208273.17725593015,0.0,340623.63516095094,200000.0,3637.750049514755,2558.810049514755,0.0,5337.77728032433,0.0,5.684341886080802e-14,0.0,0.0
CARBON_CAP_040,0.4,TD_SUMMER,11,120,166283.675,59099.399999999994,1078.94,0.0,-0.0,585600.0,0.0,0.0,22464.305800651884,0.0,0.0,19521.50360044923,59099.399999999994,0.0,0.0,222259.12720020267,0.0,551769.8060011435,200000.0,3637.750049514755,2558.8100495147555,0.0,7896.364922452405,0.0,0.0,0.0,0.0
CARBON_CAP_040,0.4,TD_SUMMER,12,120,166283.675,57606.0,1078.94,0.0,8723.904797166935,631876.0952028331,8723.904797166935,0.0,29288.905031229675,0.0,0.0,18546.68383773342,57606.0,0.0,0.0,276334.64139632945,0.0,814287.7153276565,200000.0,3637.750049514755,2558.8100495147546,0.0,10454.845956762058,0.0,5.115907697472721e-13,0.0,0.0
CARBON_CAP_040,0.4,TD_SUMMER,13,120,166283.675,56990.4,1078.94,0.0,-0.0,526000.0,0.0,0.0,32322.0602448198,0.0,0.0,18159.06194239103,56990.4,0.0,0.0,182586.34250385957,0.0,987744.7407063231,191292.98079856922,3492.6330628242417,2413.6930628242426,0.0,12868.103401004768,0.0,-9.094947017729282e-13,0.0,0.0
CARBON_CAP_040,0.4,TD_SUMMER,14,120,166283.675,57184.2,1078.94,0.0,0.0,355000.0,0.0,0.0,42464.17299026179,-0.0,0.0,18280.22504954926,57184.2,0.0,0.0,12900.272940712552,0.0,1000000.0,200000.0,3637.750049514755,2558.8100495147555,0.0,15426.37727954448,0.0,-5.115907697472721e-13,0.0,0.0
CARBON_CAP_040,0.4,TD_SUMMER,15,120,166283.675,59202.0,1078.94,0.0,0.0,171200.0,0.0,0.0,61895.32357732354,-0.0,0.0,19590.337524818002,59202.0,0.0,0.0,-0.0,0.0,1000000.0,47221.31105250556,925.9080598530502,0.0,153.03194014694964,15272.702573677549,0.0,-2.2737367544323206e-13,0.0,0.0
CARBON_CAP_040,0.4,TD_SUMMER,16,120,166283.675,63089.399999999994,1078.94,81029.65307563727,-0.0,17600.0,-0.0,0.0,90046.79540345693,0.0,0.0,22392.773479094198,63089.399999999994,0.0,0.0,0.0,0.0,1000000.0,0.0,0.0,0.0,1078.9400000000005,14193.12621107031,0.0,4.547473508864641e-13,0.0,55497.20939150396
CARBON_CAP_040,0.4,TD_SUMMER,17,120,166283.675,64172.399999999994,1078.94,85400.58588439345,0.0,0.0,0.0,0.0,104075.13826631126,0.0,0.0,23192.049150704734,64172.399999999994,0.0,0.0,0.0,0.0,1000000.0,0.0,0.0,0.0,1078.94,13113.594830811515,0.0,0.0,0.0,58490.861272221075
CARBON_CAP_040,0.4,TD_SUMMER,18,120,160067.34999999998,64902.0,1078.94,0.0,0.0,0.0,0.0,0.0,89004.14829878531,0.0,0.0,23730.164533820844,64902.0,0.0,0.0,0.0,94793.36623503552,900217.5092262784,0.0,0.0,0.0,1078.9400000000005,12034.108431026896,0.0,4.547473508864641e-13,0.0,0.0
CARBON_CAP_040,0.4,TD_SUMMER,19,120,160067.34999999998,65380.799999999996,1078.94,0.0,0.0,0.0,0.0,0.0,69099.0672096001,0.0,0.0,24090.198968312452,65380.799999999996,0.0,0.0,0.0,115058.48175871231,779103.3179013181,0.0,0.0,0.0,1078.94,10954.66700984227,0.0,0.0,0.0,0.0
CARBON_CAP_040,0.4,TD_SUMMER,20,120,160067.34999999998,65779.8,923.94,0.0,0.0,0.0,0.0,0.0,62748.39848114577,0.0,0.0,24394.51140367143,65779.8,0.0,0.0,0.0,121713.46292252565,650983.8832460279,0.0,0.0,0.0,923.9400000000005,10030.270565383526,0.0,0.0,0.0,0.0
CARBON_CAP_040,0.4,TD_SUMMER,21,120,160067.34999999998,66235.8,923.94,0.0,0.0,0.0,0.0,0.0,71373.9336197927,0.0,0.0,24747.169811320757,66235.8,0.0,0.0,0.0,113440.58619152803,531572.7398865249,0.0,0.0,0.0,923.94,9105.9126374433,0.0,0.0,0.0,0.0
CARBON_CAP_040,0.4,TD_SUMMER,22,120,160067.34999999998,66566.4,923.94,93415.3516706907,0.0,0.0,0.0,0.0,91658.15911067667,0.0,0.0,25006.16078136739,66566.4,0.0,0.0,0.0,-0.0,531572.7398865249,0.0,0.0,0.0,923.9400000000005,8181.593224416738,0.0,4.547473508864641e-13,0.0,63980.17435925605
CARBON_CAP_040,0.4,TD_SUMMER,23,120,155405.25,66908.4,923.94,38840.61698596272,0.0,0.0,0.0,0.0,111847.59850113596,0.0,0.0,25277.068379297318,66908.4,0.0,0.0,0.0,29994.102892198644,500000.0,0.0,0.0,0.0,332.8456610932535,7848.4066636058,591.094338906747,4.547473508864641e-13,0.0,26601.938573685864
CARBON_CAP_040,0.4,TD_WINTER,0,120,131959.38,151200.0,923.94,105800.52055916381,0.0,0.0,0.0,0.0,0.0,0.0,0.0,42173.04668471663,104525.89620807017,46674.103791929825,4961.013053739387,0.0,68331.90612555284,428071.677762576,0.0,0.0,0.0,923.9400000000005,6924.139646661482,0.0,4.547473508864641e-13,0.0,83178.56472704836
CARBON_CAP_040,0.4,TD_WINTER,1,120,131959.38,151200.0,923.94,105800.52055916381,0.0,0.0,0.0,0.0,0.0,0.0,0.0,8576.051779935275,21200.0,130000.0,13817.762840421845,0.0,34734.91122077148,391508.6133196586,0.0,0.0,0.0,923.9400000000005,5999.911140842871,0.0,4.547473508864641e-13,0.0,102309.14426628247
CARBON_CAP_040,0.4,TD_WINTER,2,120,131959.38,151200.0,923.94,105800.52055916381,0.0,0.0,0.0,0.0,0.0,0.0,0.0,8612.634572415194,21200.0,130000.0,13817.762840421845,0.0,34771.4940132514,354907.04067413084,0.0,0.0,0.0,923.9399999999996,5075.721144545336,0.0,-4.547473508864641e-13,0.0,102309.14426628247
CARBON_CAP_040,0.4,TD_WINTER,3,120,131959.38,151200.0,923.94,105800.52055916381,0.0,0.0,0.0,0.0,0.0,0.0,0.0,8658.36226260976,21200.0,130000.0,13817.762840421845,0.0,34817.22170344596,318257.3336178719,0.0,0.0,0.0,923.9400000000005,4151.569656164313,0.0,4.547473508864641e-13,0.0,102309.14426628247
CARBON_CAP_040,0.4,TD_WINTER,4,120,131959.38,151200.0,923.94,105800.52055916381,0.0,0.0,0.0,0.0,0.0,0.0,0.0,8758.520966742408,21200.0,130000.0,13817.762840421845,0.0,34917.38040757862,281502.1963467365,0.0,0.0,0.0,923.94,3227.4566740953055,0.0,0.0,0.0,102309.14426628247
CARBON_CAP_040,0.4,TD_WINTER,5,120,141891.75,151200.0,923.94,105800.52055916381,0.0,0.0,0.0,0.0,2559.2247114666707,0.0,0.0,8892.61744966443,21200.0,130000.0,13817.762840421845,0.0,42424.62217903395,236844.69931617446,0.0,0.0,0.0,923.94,2303.3821967338845,0.0,0.0,0.0,102309.14426628247
CARBON_CAP_040,0.4,TD_WINTER,6,120,141891.75,151200.0,923.94,0.0,0.0,0.0,0.0,0.0,5592.379925056798,0.0,0.0,8939.489774404385,21200.0,130000.0,13817.762840421845,0.0,145238.8598493476,83961.68894844018,0.0,0.0,0.0,923.94,1379.3462224756872,0.0,0.0,0.0,29846.36773531119
CARBON_CAP_040,0.4,TD_WINTER,7,120,141891.75,151200.0,1078.94,0.0,-0.0,69000.0,0.0,0.0,1895.7220084938301,0.0,0.0,8767.576509511993,21200.0,130000.0,13817.762840421845,0.0,79763.60450101817,0.0,0.0,0.0,0.0,1078.94,300.3487497164174,0.0,0.0,0.0,29846.36773531119
CARBON_CAP_040,0.4,TD_WINTER,8,120,151824.225,151200.0,1078.94,0.0,0.0,297200.0,0.0,0.0,0.0,0.0,0.0,54986.19153674833,141836.8810690423,9363.118930957688,995.2104371895188,-0.0,0.0,0.0,90389.58346325166,1735.7424761193308,656.8024761193308,0.0,957.13871130451,0.0,5.684341886080802e-14,0.0,2149.6545443293617
CARBON_CAP_040,0.4,TD_WINTER,9,120,151824.225,148132.80000000002,1078.94,0.0,0.0,481000.0,0.0,0.0,0.0,0.0,0.0,54986.19153674834,148132.80000000002,0.0,0.0,134189.58346325165,0.0,127480.10429008906,140000.0,2637.750049514755,1558.8100495147553,0.0,2515.9088800396275,0.0,-2.2737367544323206e-13,0.0,0.0
CARBON_CAP_040,0.4,TD_WINTER,10,120,151824.225,140925.15000000002,1078.94,0.0,0.0,596600.0,-0.0,0.0,0.0,0.0,0.0,49597.08242415711,140925.15000000002,0.0,0.0,200000.0,0.0,317480.10429008905,195178.69257584296,3557.3949257788045,2478.4549257788035,0.0,4994.258976281762,0.0,7.389644451905042e-13,0.0,0.0
CARBON_CAP_040,0.4,TD_WINTER,11,120,151824.225,132973.65000000002,1078.94,0.0,0.0,585600.0,-0.0,0.0,22464.305800651884,0.0,0.0,43923.383101010775,132973.65000000002,0.0,0.0,212316.6976996411,0.0,519180.9671047481,200000.0,3637.750049514755,2558.8100495147546,0.0,7552.860931672505,0.0,4.547473508864641e-13,0.0,0.0
CARBON_CAP_040,0.4,TD_WINTER,12,120,151824.225,129613.50000000001,1078.94,0.0,-0.0,640600.0,0.0,0.0,29288.905031229675,0.0,0.0,41730.0386349002,129613.50000000001,0.0,0.0,276334.64139632945,0.0,781698.8764312611,200000.0,3637.750049514755,2558.8100495147546,0.0,10111.35627864844,0.0,5.115907697472721e-13,0.0,0.0
CARBON_CAP_040,0.4,TD_WINTER,13,120,151824.225,128228.40000000001,1078.94,0.0,-0.0,526000.0,0.0,0.0,32322.0602448198,0.0,0.0,40857.88937037982,128228.40000000001,0.0,0.0,200000.0,0.0,971698.8764312611,165639.94587443996,3065.0824807554213,1986.1424807554213,0.0,12097.07745289225,0.0,0.0,0.0,0.0
CARBON_CAP_040,0.4,TD_WINTER,14,120,151824.225,128664.45000000001,1078.94,0.0,0.0,355000.0,-0.0,0.0,42464.17299026179,0.0,0.0,41130.506361485845,128664.45000000001,0.0,0.0,29790.65638814624,0.0,1000000.0,174718.78524062972,3216.3964701919167,2137.456470191917,0.0,14234.029878190297,0.0,0.0,0.0,0.0
CARBON_CAP_040,0.4,TD_WINTER,15,120,151824.225,133204.5,1078.94,0.0,0.0,171200.0,0.0,0.0,61895.32357732354,-0.0,0.0,44078.2594308405,133204.5,0.0,0.0,-0.0,0.0,1000000.0,37192.83914648304,729.2713558133929,0.0,349.6686441866077,13883.76814942543,0.0,5.684341886080801e-13,0.0,0.0
CARBON_CAP_040,0.4,TD_WINTER,16,120,151824.225,141951.15000000002,1078.94,94561.16992450503,-0.0,17600.0,-0.0,0.0,90046.79540345693,0.0,0.0,50383.740327961954,141951.15000000002,0.0,0.0,0.0,0.0,1000000.0,0.0,0.0,0.0,1078.9400000000005,12804.24965908587,0.0,4.547473508864641e-13,0.0,64764.94528129349
CARBON_CAP_040,0.4,TD_WINTER,17,120,151824.225,144387.90000000002,1078.94,99931.19732277442,0.0,0.0,0.0,0.0,104075.13826631126,0.0,0.0,52182.11058908566,144387.90000000002,0.0,0.0,0.0,0.0,1000000.0,0.0,0.0,0.0,1078.94,11724.776148683406,0.0,0.0,0.0,68442.87704636819
CARBON_CAP_040,0.4,TD_WINTER,18,120,146148.45,146029.5,1078.94,0.0,0.0,0.0,0.0,0.0,89004.14829878531,0.0,0.0,53392.87020109689,146029.5,0.0,0.0,0.0,110537.1719023116,883645.082208093,0.0,0.0,0.0,1078.9400000000005,10645.347616343877,0.0,4.547473508864641e-13,0.0,0.0
CARBON_CAP_040,0.4,TD_WINTER,19,120,146148.45,147106.80000000002,1078.94,0.0,0.0,0.0,0.0,0.0,69099.0672096001,0.0,0.0,54202.94767870303,147106.80000000002,0.0,0.0,0.0,131252.33046910295,745484.7343458794,0.0,0.0,0.0,1078.94,9565.964060193195,0.0,0.0,0.0,0.0
CARBON_CAP_040,0.4,TD_WINTER,20,120,146148.45,148004.55000000002,923.94,0.0,0.0,0.0,0.0,0.0,62748.39848114577,0.0,0.0,54887.65065826072,148004.55000000002,0.0,0.0,0.0,138287.70217711496,599918.7320541795,0.0,0.0,0.0,923.9400000000005,8641.625478357353,0.0,4.547473508864641e-13,0.0,0.0
CARBON_CAP_040,0.4,TD_WINTER,21,120,146148.45,149030.55000000002,923.94,0.0,0.0,0.0,0.0,0.0,71373.9336197927,0.0,0.0,20148.27907126323,53926.86893423603,95103.68106576399,10108.616232444956,0.0,94922.79545147053,500000.0,0.0,0.0,0.0,923.94,7717.325410629088,0.0,0.0,0.0,21834.611062081105
CARBON_CAP_040,0.4,TD_WINTER,22,120,146148.45,149774.40000000002,923.94,105800.52055916381,0.0,0.0,0.0,0.0,91658.15911067667,0.0,0.0,51310.229669840475,136587.83138111533,13186.568618884688,1401.6067527284436,0.0,-0.0,500000.0,0.0,0.0,0.0,923.9399999999996,6793.063855403645,0.0,-4.547473508864641e-13,0.0,75490.24711686472
CARBON_CAP_040,0.4,TD_WINTER,23,120,141891.75,150543.90000000002,923.94,85030.34303561239,0.0,0.0,0.0,0.0,111847.59850113596,0.0,0.0,54986.191536748345,145548.44899777285,4995.451002227172,530.9689017670975,-0.0,0.0,500000.0,0.0,0.0,1055.6258525294634,0.0,7848.4066636058,1979.5658525294634,0.0,0.0,59384.17477290785
CARBON_CAP_040,0.4,TD_TRANSITION,0,125,125675.6,100800.0,923.94,105800.52055916381,0.0,0.0,0.0,0.0,0.0,0.0,0.0,40669.759935444825,100800.0,0.0,0.0,0.0,59834.57130956325,437016.24072677555,0.0,0.0,0.0,961.4890691641704,6886.590577497313,0.0,37.549069164170305,710.2680667177652,72462.77653097128
CARBON_CAP_040,0.4,TD_TRANSITION,1,125,125675.6,100800.0,923.94,105800.52055916381,0.0,0.0,0.0,0.0,0.0,0.0,0.0,40776.69902912621,100800.0,0.0,0.0,0.0,59941.510403244654,373919.91398651805,0.0,0.0,0.0,961.4890691641704,5924.814567059079,0.0,37.549069164170305,710.2680667177652,72462.77653097128
CARBON_CAP_040,0.4,TD_TRANSITION,2,125,125675.6,100800.0,923.94,105800.52055916381,0.0,0.0,0.0,0.0,0.0,0.0,0.0,40950.639853747714,100800.0,0.0,0.0,0.0,60115.45122786613,310640.49164139584,0.0,0.0,0.0,961.4890691641695,4963.078630621282,0.0,37.549069164169396,710.2680667177652,72462.77653097128
CARBON_CAP_040,0.4,TD_TRANSITION,3,125,125675.6,100800.0,923.94,105800.52055916381,0.0,0.0,0.0,0.0,0.0,0.0,0.0,38352.49571542346,93906.08575921434,6893.914240785656,732.7574770875617,0.0,57517.30708954189,250095.9578629307,0.0,0.0,0.0,961.4890691641704,4001.382766514169,0.0,37.549069164170305,710.2680667177652,74045.53268148041
CARBON_CAP_040,0.4,TD_TRANSITION,4,125,125675.6,100800.0,923.94,105800.52055916381,0.0,0.0,0.0,0.0,0.0,0.0,0.0,0.0,0.0,100800.0,10714.080725496324,0.0,19164.811374118435,229922.47220596392,0.0,0.0,0.0,961.4890691641704,3039.72697306806,0.0,37.549069164170305,710.2680667177652,95605.19089804334
CARBON_CAP_040,0.4,TD_TRANSITION,5,125,135135.0,100800.0,923.94,105800.52055916381,0.0,0.0,0.0,0.0,2559.2247114666707,0.0,0.0,0.0,0.0,100800.0,10714.080725496324,0.0,26064.986662651747,202485.64414001472,0.0,0.0,0.0,961.4890691641704,2078.111248613345,0.0,37.549069164170305,710.2680667177652,95605.19089804334
CARBON_CAP_040,0.4,TD_TRANSITION,6,125,135135.0,100800.0,923.94,0.0,0.0,0.0,0.0,0.0,5592.379925056798,0.0,0.0,0.0,0.0,100800.0,10714.080725496324,0.0,128832.35200822543,66872.64202609306,0.0,0.0,0.0,961.4890691641708,1116.5355914804823,0.0,37.54906916417076,710.2680667177652,23142.41436707206
CARBON_CAP_040,0.4,TD_TRANSITION,7,125,135135.0,100800.0,1078.94,0.0,-0.0,69000.0,0.0,0.0,1895.7220084938301,0.0,0.0,0.0,0.0,100800.0,10714.080725496324,0.0,63529.009924788406,0.0,0.0,0.0,0.0,1116.4890691641706,0.0,0.0,37.54906916417053,710.2680667177652,23142.41436707206
CARBON_CAP_040,0.4,TD_TRANSITION,8,125,144594.5,100800.0,1078.94,0.0,0.0,297200.0,0.0,0.0,0.0,0.0,0.0,39077.34056987789,100800.0,0.0,0.0,0.0,0.0,-0.0,113528.15943012212,2156.4438573351576,1077.5038573351574,0.0,1077.5038573351574,0.0,0.0,0.0,0.0
CARBON_CAP_040,0.4,TD_TRANSITION,9,125,144594.5,98755.2,1078.94,0.0,0.0,481000.0,0.0,0.0,0.0,0.0,0.0,36657.46102449889,98755.2,0.0,0.0,111230.30601999456,0.0,105668.79071899483,188517.73295550657,3446.378932106531,2367.438932106531,0.0,3444.8978934476327,0.0,5.684341886080802e-14,0.0,0.0
CARBON_CAP_040,0.4,TD_TRANSITION,10,125,144594.5,93950.1,1078.94,0.0,0.0,596600.0,-0.0,0.0,0.0,0.0,0.0,33064.72161610474,93950.1,0.0,0.0,218940.7783838953,0.0,313662.5301836954,200000.0,3637.750049514755,2558.810049514755,0.0,6003.564405550161,0.0,0.0,0.0,0.0
CARBON_CAP_040,0.4,TD_TRANSITION,11,125,144594.5,88649.1,1078.94,0.0,-0.0,585600.0,0.0,0.0,22464.305800651884,0.0,0.0,29282.255400673846,88649.1,0.0,0.0,234187.55039997806,0.0,536140.7030636745,200000.0,3637.750049514755,2558.8100495147555,0.0,8562.124306548018,0.0,-3.979039320256561e-13,0.0,0.0
CARBON_CAP_040,0.4,TD_TRANSITION,12,125,144594.5,86409.0,1078.94,0.0,21139.737878300133,619460.2621216999,21139.737878300133,0.0,29288.905031229675,0.0,0.0,27820.02575660013,86409.0,0.0,0.0,276334.64139632945,0.0,798658.6123901875,200000.0,3637.750049514755,2558.8100495147555,0.0,11120.577600883333,0.0,-4.547473508864641e-13,0.0,0.0
CARBON_CAP_040,0.4,TD_TRANSITION,13,125,144594.5,85485.6,1078.94,0.0,-0.0,526000.0,0.0,0.0,32322.0602448198,0.0,0.0,27238.592913586544,85485.6,0.0,0.0,186488.96733123326,0.0,975823.131354859,200000.0,3637.750049514755,2558.8100495147555,0.0,13678.92429299805,0.0,-3.979039320256561e-13,0.0,0.0
CARBON_CAP_040,0.4,TD_TRANSITION,14,125,144594.5,85776.3,1078.94,0.0,0.0,355000.0,0.0,0.0,42464.17299026179,-0.0,0.0,27420.337574323894,85776.3,0.0,0.0,25449.335415937887,0.0,1000000.0,200000.0,3637.750049514755,2558.8100495147555,0.0,16237.16438733393,0.0,-4.547473508864641e-13,0.0,0.0
CARBON_CAP_040,0.4,TD_TRANSITION,15,125,144594.5,88803.0,1078.94,0.0,-0.0,171200.0,0.0,0.0,61895.32357732354,0.0,0.0,29385.506287227003,88803.0,0.0,0.0,-0.0,0.0,1000000.0,59115.31729009654,1159.1238684332654,80.18386843326516,0.0,16316.671707251056,0.0,0.0,0.0,0.0
CARBON_CAP_040,0.4,TD_TRANSITION,16,125,144594.5,94634.1,1078.94,69522.19614844472,0.0,17600.0,0.0,0.0,90046.79540345693,-0.0,0.0,33589.1602186413,94634.1,0.0,0.0,0.0,-0.0,1000000.0,0.0,0.0,0.0,1135.5141066655397,15180.477739264381,0.0,56.5741066655396,1014.6686667396647,47615.75214206979
CARBON_CAP_040,0.4,TD_TRANSITION,17,125,144594.5,96258.6,1078.94,5207.61159241182,0.0,0.0,0.0,0.0,104075.13826631126,0.0,0.0,34788.073726057104,96258.6,0.0,0.0,0.0,69085.15520059434,927278.7839993744,0.0,0.0,0.0,1135.5141066655397,14044.331112693038,0.0,56.57410666554055,1014.6686667396863,3566.6931796428553
CARBON_CAP_040,0.4,TD_TRANSITION,18,125,139189.0,97353.0,1078.94,0.0,0.0,0.0,0.0,0.0,89004.14829878531,0.0,0.0,35595.246800731264,97353.0,0.0,0.0,0.0,84765.42983520629,838052.0157517889,0.0,0.0,0.0,1135.5141066655415,12908.231825564468,0.0,56.57410666554142,1014.6686667396647,0.0
CARBON_CAP_040,0.4,TD_TRANSITION,19,125,139189.0,98071.2,1078.94,0.0,0.0,0.0,0.0,0.0,69099.0672096001,0.0,0.0,36135.29845246868,98071.2,0.0,0.0,0.0,105210.56257612891,727304.0551453374,0.0,0.0,0.0,1135.5141066655378,11772.179875906197,0.0,56.574106665537784,1014.6686667396647,0.0
CARBON_CAP_040,0.4,TD_TRANSITION,20,125,139189.0,98669.7,923.94,0.0,0.0,0.0,0.0,0.0,62748.39848114577,0.0,0.0,36591.76710550714,98669.7,0.0,0.0,0.0,112017.69995762172,609390.6867688934,0.0,0.0,0.0,980.5141066655378,10791.17526174583,0.0,56.574106665537784,1014.6686667396647,0.0
CARBON_CAP_040,0.4,TD_TRANSITION,21,125,139189.0,99353.7,923.94,0.0,0.0,0.0,0.0,0.0,71373.9336197927,0.0,0.0,37120.75471698113,99353.7,0.0,0.0,0.0,103921.15243044878,500000.0,0.0,0.0,0.0,980.5141066655397,9810.211522777716,0.0,56.5741066655396,1014.6686667396647,0.0
CARBON_CAP_040,0.4,TD_TRANSITION,22,125,139189.0,99849.6,923.94,84025.41339463476,0.0,0.0,0.0,0.0,91658.15911067667,0.0,0.0,37509.24117205109,99849.6,0.0,0.0,0.0,0.0,500000.0,0.0,0.0,0.0,980.5141066655397,8829.288657298726,0.0,56.5741066655396,1014.6686667396647,57549.00563398534
CARBON_CAP_040,0.4,TD_TRANSITION,23,125,135135.0,100362.6,923.94,60188.33540107035,0.0,0.0,0.0,0.0,111847.59850113596,0.0,0.0,37915.60256894598,100362.6,0.0,0.0,0.0,0.0,500000.0,0.0,0.0,0.0,980.5141066655397,7848.4066636058,0.0,56.5741066655396,1014.6686667396647,41222.99091619308
